Date,Adj Close,Close,High,Low,Open,Volume,Daily_Return,Log_Return
2015-01-02,8395.4501953125,8395.4501953125,8410.599609375,8288.7001953125,8288.7001953125,101900,,
2015-01-05,8378.400390625,8378.400390625,8445.599609375,8363.900390625,8407.9501953125,118200,-0.20308386436523884,-0.0020329035926431203
2015-01-06,8127.35009765625,8127.35009765625,8327.849609375,8111.35009765625,8325.2998046875,172800,-2.9963988501869876,-0.030422082918029548
2015-01-07,8102.10009765625,8102.10009765625,8151.2001953125,8065.4501953125,8118.64990234375,164100,-0.31067936900222026,-0.0031116297926513815
2015-01-08,8234.599609375,8234.599609375,8243.5,8167.2998046875,8191.39990234375,143800,1.6353724358093125,0.01622144246054657
2015-01-09,8284.5,8284.5,8303.2998046875,8190.7998046875,8285.4501953125,148000,0.6059844193054609,0.006041557177687999
2015-01-12,8323.0,8323.0,8332.599609375,8245.599609375,8291.349609375,103200,0.4647232784114941,0.004636467736743234
2015-01-13,8299.400390625,8299.400390625,8356.650390625,8267.900390625,8346.150390625,129600,-0.2835469106692301,-0.0028394966643650508
2015-01-14,8277.5498046875,8277.5498046875,8326.4501953125,8236.650390625,8307.25,146100,-0.26327909136885097,-0.0026362628028638235
2015-01-15,8494.150390625,8494.150390625,8527.099609375,8380.5498046875,8424.5,232100,2.6167234392820093,0.025830729950324278
2015-01-16,8513.7998046875,8513.7998046875,8530.75,8452.25,8504.0498046875,176000,0.23132877520259942,0.0023106162211340322
2015-01-19,8550.7001953125,8550.7001953125,8570.9501953125,8531.5,8550.0498046875,125400,0.43341858478611606,0.004324820315931695
2015-01-20,8695.599609375,8695.599609375,8707.900390625,8574.5,8575.099609375,158700,1.6945912118627948,0.01680393189462208
2015-01-21,8729.5,8729.5,8741.849609375,8689.599609375,8719.650390625,185900,0.38985684884169647,0.003890988763950604
2015-01-22,8761.400390625,8761.400390625,8774.150390625,8727.0,8745.849609375,175500,0.36543204794088346,0.003647659672542357
2015-01-23,8835.599609375,8835.599609375,8866.400390625,8795.400390625,8827.9501953125,191200,0.8468876599840858,0.008433216854945564
2015-01-27,8910.5,8910.5,8925.0498046875,8825.4501953125,8871.349609375,192000,0.8477114619988679,0.008441385660836975
2015-01-28,8914.2998046875,8914.2998046875,8985.0498046875,8874.0498046875,8902.75,185100,0.04264412420740271,0.0004263503418490414
2015-01-29,8952.349609375,8952.349609375,8966.650390625,8861.25,8901.5,256300,0.42684008302582566,0.0042593170470792705
2015-01-30,8808.900390625,8808.900390625,8996.599609375,8775.099609375,8996.599609375,267300,-1.602363904552817,-0.016153405638702815
2015-02-02,8797.400390625,8797.400390625,8840.7998046875,8751.099609375,8802.5,210100,-0.13054977908750764,-0.0013063506955069547
2015-02-03,8756.5498046875,8756.5498046875,8837.2998046875,8726.650390625,8823.150390625,208700,-0.4643483770618517,-0.004654298232220474
2015-02-04,8723.7001953125,8723.7001953125,8792.849609375,8704.400390625,8789.150390625,195300,-0.3751432939651078,-0.0037584872121479928
2015-02-05,8711.7001953125,8711.7001953125,8838.4501953125,8683.650390625,8733.099609375,173600,-0.13755630903555804,-0.0013765100457609084
2015-02-06,8661.0498046875,8661.0498046875,8726.2001953125,8645.5498046875,8696.849609375,171300,-0.5814064934449137,-0.005831032408607971
2015-02-09,8526.349609375,8526.349609375,8605.5498046875,8516.349609375,8584.400390625,146800,-1.555240973670402,-0.015674617197285398
2015-02-10,8565.5498046875,8565.5498046875,8646.25,8470.5,8478.099609375,196200,0.45975355349490155,0.004586999150377187
2015-02-11,8627.400390625,8627.400390625,8651.9501953125,8593.650390625,8603.2998046875,161600,0.7220854159723844,0.007194908616778425
2015-02-12,8711.5498046875,8711.5498046875,8732.5498046875,8599.25,8676.9501953125,158800,0.9753739278629103,0.009706478627223793
2015-02-13,8805.5,8805.5,8822.099609375,8729.650390625,8741.5,221900,1.07845558389561,0.010726817268910518
2015-02-16,8809.349609375,8809.349609375,8870.099609375,8793.400390625,8831.400390625,136400,0.04371823718130052,0.0004370868354434235
2015-02-18,8869.099609375,8869.099609375,8894.2998046875,8808.900390625,8811.5498046875,147600,0.6782566551384539,0.006759668427262326
2015-02-19,8895.2998046875,8895.2998046875,8913.4501953125,8794.4501953125,8883.0498046875,213300,0.2954098664627258,0.0029497438893496893
2015-02-20,8833.599609375,8833.599609375,8899.9501953125,8816.2998046875,8895.5,197600,-0.6936269340802492,-0.006960437077779418
2015-02-23,8754.9501953125,8754.9501953125,8869.0,8736.099609375,8856.849609375,139600,-0.8903438863023694,-0.008943311319236858
2015-02-24,8762.099609375,8762.099609375,8800.5,8726.75,8772.900390625,149800,0.08166139044774035,0.0008162806567537197
2015-02-25,8767.25,8767.25,8840.650390625,8751.400390625,8801.900390625,135200,0.05878032497472763,0.0005876305610850604
2015-02-26,8683.849609375,8683.849609375,8786.0498046875,8669.4501953125,8779.0,217500,-0.9512719567139061,-0.009558254487962844
2015-02-27,8844.599609375,8844.599609375,8856.9501953125,8717.4501953125,8729.5,249500,1.8511375395821705,0.018342125395864908
2015-03-02,8956.75,8956.75,8972.349609375,8885.4501953125,8953.849609375,218100,1.268009809128312,0.012600378838793266
2015-03-03,8996.25,8996.25,9008.400390625,8925.5498046875,8962.849609375,177800,0.4410081781896391,0.00440038586730066
2015-03-04,8922.650390625,8922.650390625,9119.2001953125,8893.9501953125,9109.150390625,248400,-0.8181143184660233,-0.008214792388202198
2015-03-05,8937.75,8937.75,8957.5498046875,8849.349609375,8929.400390625,160100,0.16922784950608172,0.0016908482052135402
2015-03-09,8756.75,8756.75,8891.2998046875,8740.4501953125,8891.150390625,155500,-2.025118178512486,-0.02045904811401918
2015-03-10,8712.0498046875,8712.0498046875,8778.0,8677.349609375,8769.75,163800,-0.5104655872612551,-0.005117729137055929
2015-03-11,8699.9501953125,8699.9501953125,8755.599609375,8682.349609375,8728.75,172800,-0.13888361116221049,-0.00138980143838521
2015-03-12,8776.0,8776.0,8787.2001953125,8732.900390625,8740.650390625,173900,0.8741406902360804,0.00870342200550124
2015-03-13,8647.75,8647.75,8849.75,8631.75,8844.0498046875,179200,-1.4613719234275346,-0.014721551472009752
2015-03-16,8633.150390625,8633.150390625,8663.5498046875,8612.0,8656.75,163300,-0.16882552542568652,-0.0016896819631506011
2015-03-17,8723.2998046875,8723.2998046875,8742.5498046875,8630.7998046875,8689.099609375,177000,1.0442238346779709,0.01038809476984804
2015-03-18,8685.900390625,8685.900390625,8747.25,8664.0,8742.900390625,156400,-0.42873012391942966,-0.0042965180681336585
2015-03-19,8634.650390625,8634.650390625,8788.2001953125,8614.650390625,8749.4501953125,163500,-0.590036699653107,-0.005917842938767325
2015-03-20,8570.900390625,8570.900390625,8627.900390625,8553.0,8627.900390625,174600,-0.7383043564707203,-0.0074104331263360745
2015-03-23,8550.900390625,8550.900390625,8608.349609375,8540.5498046875,8591.5498046875,150700,-0.2333477124745964,-0.002336203925268819
2015-03-24,8542.9501953125,8542.9501953125,8627.75,8535.849609375,8537.0498046875,156700,-0.0929749494125387,-0.0009301819792756467
2015-03-25,8530.7998046875,8530.7998046875,8573.75,8516.5498046875,8568.900390625,161000,-0.14222710360253243,-0.0014232834235154116
2015-03-26,8342.150390625,8342.150390625,8499.4501953125,8325.349609375,8474.9501953125,280100,-2.2113918786236364,-0.022362097108321904
2015-03-27,8341.400390625,8341.400390625,8413.2001953125,8269.150390625,8396.0,193000,-0.008990487642646094,-8.990891811211022e-05
2015-03-30,8492.2998046875,8492.2998046875,8492.2998046875,8380.75,8390.9501953125,134700,1.8090417315550278,0.017928732765285012
2015-03-31,8491.0,8491.0,8550.4501953125,8454.150390625,8527.599609375,167200,-0.01530568535489385,-0.00015306856794447524
2015-04-01,8586.25,8586.25,8603.400390625,8464.75,8483.7001953125,125500,1.1217759981156483,0.011155307528727893
2015-04-06,8659.900390625,8659.900390625,8667.5498046875,8573.75,8615.7998046875,146900,0.857771327704171,0.008541133724940244
2015-04-07,8660.2998046875,8660.2998046875,8693.599609375,8586.849609375,8684.4501953125,148700,0.004612224673294918,4.6121183134830896e-05
2015-04-08,8714.400390625,8714.400390625,8730.5,8679.7998046875,8698.9501953125,148200,0.6246964557533818,0.006227533157299894
2015-04-09,8778.2998046875,8778.2998046875,8785.5,8682.4501953125,8756.2001953125,152700,0.7332623152276119,0.007305870171212896
2015-04-10,8780.349609375,8780.349609375,8787.400390625,8733.599609375,8774.349609375,139000,0.02335081659441407,0.00023348090715570997
2015-04-13,8834.0,8834.0,8841.650390625,8762.099609375,8801.75,121600,0.6110279546012176,0.0060916874846368065
2015-04-16,8706.7001953125,8706.7001953125,8760.0,8645.650390625,8757.0498046875,142900,-1.4410211080767454,-0.014515046525185486
2015-04-17,8606.0,8606.0,8699.849609375,8596.7001953125,8698.0498046875,150400,-1.156582781691673,-0.011633232232741262
2015-04-20,8448.099609375,8448.099609375,8619.9501953125,8422.75,8618.7998046875,148900,-1.8347709810016322,-0.01851811663955681
2015-04-21,8377.75,8377.75,8469.349609375,8352.7001953125,8416.099609375,407800,-0.8327270348106652,-0.008362135754524264
2015-04-22,8429.7001953125,8429.7001953125,8449.9501953125,8284.7001953125,8400.400390625,171800,0.6200972255378856,0.006181825339152998
2015-04-23,8398.2998046875,8398.2998046875,8504.9501953125,8361.849609375,8478.2001953125,156000,-0.37249712205020824,-0.003731926202576211
2015-04-24,8305.25,8305.25,8413.2998046875,8273.349609375,8405.7001953125,173600,-1.107960025856236,-0.011141436198728826
2015-04-27,8213.7998046875,8213.7998046875,8334.4501953125,8202.349609375,8330.5498046875,171500,-1.1011130948797465,-0.011072202173819238
2015-04-28,8285.599609375,8285.599609375,8308.0,8185.14990234375,8215.5498046875,174600,0.8741362876475867,0.008703378361128562
2015-04-29,8239.75,8239.75,8308.2001953125,8219.2001953125,8274.7998046875,160400,-0.5533650132347967,-0.0055490174921902485
2015-04-30,8181.5,8181.5,8229.400390625,8144.75,8224.5,267700,-0.7069389241178392,-0.007094495768480639
2015-05-04,8331.9501953125,8331.9501953125,8346.0,8220.4501953125,8230.0498046875,131700,1.838907233545184,0.018222037975143816
2015-05-05,8324.7998046875,8324.7998046875,8355.650390625,8280.599609375,8338.400390625,155500,-0.08581893143123631,-0.0008585577695799613
2015-05-06,8097.0,8097.0,8331.9501953125,8083.0,8316.599609375,209600,-2.736399793773192,-0.027745365388399824
2015-05-07,8057.2998046875,8057.2998046875,8122.60009765625,7997.14990234375,8077.0,161600,-0.4903074634123761,-0.004915134139810429
2015-05-08,8191.5,8191.5,8224.9501953125,8123.4501953125,8131.5,183100,1.6655728167695338,0.01651854271401412
2015-05-11,8325.25,8325.25,8332.75,8224.650390625,8243.2001953125,192000,1.6327900872856072,0.016196034167464263
2015-05-12,8126.9501953125,8126.9501953125,8326.650390625,8115.2998046875,8326.150390625,173400,-2.381908107113906,-0.024107341992543527
2015-05-13,8235.4501953125,8235.4501953125,8254.9501953125,8089.7998046875,8181.5498046875,169800,1.335064167891442,0.013262307208340643
2015-05-14,8224.2001953125,8224.2001953125,8236.25,8137.2998046875,8232.4501953125,134800,-0.13660455388829762,-0.0013669794296785854
2015-05-15,8262.349609375,8262.349609375,8279.2001953125,8212.2001953125,8240.2998046875,129800,0.4638677701966021,0.004627952191887896
2015-05-18,8373.650390625,8373.650390625,8384.599609375,8271.9501953125,8284.9501953125,148700,1.3470838987944989,0.013380913913783618
2015-05-19,8365.650390625,8365.650390625,8427.7998046875,8335.0,8356.2001953125,140300,-0.095537783724009,-0.0009558345015271625
2015-05-20,8423.25,8423.25,8440.349609375,8391.4501953125,8392.650390625,123600,0.6885251795789804,0.006861656693210339
2015-05-21,8421.0,8421.0,8446.349609375,8382.5,8434.5,143800,-0.026711779894939003,-0.0002671534812630433
2015-05-22,8458.9501953125,8458.9501953125,8489.5498046875,8420.599609375,8432.5,187300,0.4506613859696085,0.004496489481834225
2015-05-25,8370.25,8370.25,8441.9501953125,8364.150390625,8438.150390625,121300,-1.0485957862909845,-0.010541322896106728
2015-05-26,8339.349609375,8339.349609375,8378.900390625,8320.0498046875,8377.099609375,116800,-0.36916926764433144,-0.003698523791285403
2015-05-27,8334.599609375,8334.599609375,8342.849609375,8277.9501953125,8302.75,165500,-0.05695887835976965,-0.0005697510609127147
2015-05-28,8319.0,8319.0,8364.5,8270.150390625,8345.7001953125,232300,-0.187166871908917,-0.0018734224796336696
2015-05-29,8433.650390625,8433.650390625,8443.900390625,8305.7001953125,8327.099609375,363900,1.3781751487558669,0.01368764678319723
2015-06-01,8433.400390625,8433.400390625,8467.150390625,8405.400390625,8417.25,122200,-0.002964315431874809,-2.9643593685729908e-05
2015-06-02,8236.4501953125,8236.4501953125,8445.349609375,8226.0498046875,8442.7998046875,146800,-2.335359240519874,-0.02363060893126965
2015-06-03,8135.10009765625,8135.10009765625,8236.7001953125,8094.14990234375,8232.4501953125,171400,-1.2305070176218624,-0.012381404397236432
2015-06-04,8130.64990234375,8130.64990234375,8160.0498046875,8056.75,8155.14990234375,154700,-0.05470363313393456,-0.0005471860103022912
2015-06-05,8114.7001953125,8114.7001953125,8191.0,8100.14990234375,8119.14990234375,162100,-0.1961676769116849,-0.001963603376990351
2015-06-08,8044.14990234375,8044.14990234375,8131.0,8030.5498046875,8124.35009765625,135900,-0.8694134258897646,-0.008732148739867544
2015-06-09,8022.39990234375,8022.39990234375,8057.14990234375,8005.14990234375,8026.5,136000,-0.27038282806817193,-0.0027074902267056862
2015-06-10,8124.4501953125,8124.4501953125,8152.25,8023.7998046875,8024.14990234375,136800,1.2720668903445809,0.012640440848079765
2015-06-11,7965.35009765625,7965.35009765625,8163.0498046875,7958.25,8157.2998046875,166200,-1.9582875620068996,-0.019777160752925255
2015-06-12,7982.89990234375,7982.89990234375,7995.60009765625,7940.2998046875,7959.85009765625,136600,0.22032684655837187,0.0022008448289133065
2015-06-15,8013.89990234375,8013.89990234375,8057.7001953125,7944.85009765625,7986.60009765625,133000,0.3883300602441242,0.0038757800540692557
2015-06-16,8047.2998046875,8047.2998046875,8061.85009765625,7952.35009765625,8004.2001953125,124000,0.41677463845015694,0.0041590853857635356
2015-06-17,8091.5498046875,8091.5498046875,8136.85009765625,8048.9501953125,8084.2001953125,152500,0.5498738840850059,0.005483675969067097
2015-06-18,8174.60009765625,8174.60009765625,8186.89990234375,8101.7998046875,8113.7001953125,144800,1.0263830165222254,0.010211514727058937
2015-06-19,8224.9501953125,8224.9501953125,8250.7998046875,8195.650390625,8201.150390625,147100,0.6159334653041526,0.006140443483030782
2015-06-22,8353.099609375,8353.099609375,8369.4501953125,8257.400390625,8259.2998046875,122700,1.5580570218593381,0.015460439332762258
2015-06-23,8381.5498046875,8381.5498046875,8398.4501953125,8334.9501953125,8377.4501953125,131700,0.3405944696333929,0.003400157603319678
2015-06-24,8360.849609375,8360.849609375,8421.349609375,8338.900390625,8399.400390625,130100,-0.2469733616678238,-0.0024727884395158908
2015-06-25,8398.0,8398.0,8423.150390625,8329.5,8336.25,201200,0.444337505883885,0.004433532413488122
2015-06-26,8381.099609375,8381.099609375,8408.5498046875,8339.7001953125,8393.9501953125,110600,-0.20124304149797823,-0.0020144580738723343
2015-06-29,8318.400390625,8318.400390625,8329.4501953125,8195.650390625,8247.0498046875,132000,-0.748102536329065,-0.007509148581665224
2015-06-30,8368.5,8368.5,8378.0,8298.9501953125,8316.349609375,158500,0.6022745602803914,0.006004681365091595
2015-07-01,8453.0498046875,8453.0498046875,8481.599609375,8370.150390625,8376.25,131800,1.010334046573469,0.010052642911917523
2015-07-02,8444.900390625,8444.900390625,8479.25,8433.2001953125,8471.9501953125,112000,-0.09640797405430224,-0.000964544764320111
2015-07-03,8484.900390625,8484.900390625,8497.75,8424.150390625,8440.099609375,88400,0.47365863597876867,0.004725404031422576
2015-07-06,8522.150390625,8522.150390625,8533.150390625,8386.150390625,8386.150390625,101500,0.4390151714822377,0.004380543110671768
2015-07-07,8510.7998046875,8510.7998046875,8561.349609375,8483.849609375,8525.5,122200,-0.13318922357890006,-0.001332779992604704
2015-07-08,8363.0498046875,8363.0498046875,8457.5,8341.400390625,8439.2001953125,188100,-1.7360295552789728,-0.017512752525573723
2015-07-09,8328.5498046875,8328.5498046875,8400.2998046875,8323.0,8364.849609375,131300,-0.41252893149892333,-0.004133821795005965
2015-07-10,8360.5498046875,8360.5498046875,8377.099609375,8315.400390625,8365.7001953125,154100,0.38422055160178825,0.0038348430969963264
2015-07-13,8459.650390625,8459.650390625,8471.650390625,8355.400390625,8397.25,117800,1.1853357524637564,0.011783656733947193
2015-07-14,8454.099609375,8454.099609375,8480.25,8424.099609375,8470.599609375,101700,-0.06561478304294432,-0.000656363189627265
2015-07-15,8523.7998046875,8523.7998046875,8531.400390625,8462.9501953125,8463.400390625,105500,0.8244543893853207,0.008210743295109776
2015-07-16,8608.0498046875,8608.0498046875,8616.099609375,8542.900390625,8546.150390625,116000,0.9884089482447456,0.009835561378738018
2015-07-17,8609.849609375,8609.849609375,8642.9501953125,8593.150390625,8623.650390625,105000,0.020908390731189108,0.00020906205231804127
2015-07-20,8603.4501953125,8603.4501953125,8624.099609375,8559.0,8623.900390625,90600,-0.07432666484129546,-0.0007435430080160121
2015-07-21,8529.4501953125,8529.4501953125,8646.75,8517.900390625,8601.5,164100,-0.860120048586066,-0.008638404295993872
2015-07-22,8633.5,8633.5,8643.900390625,8498.650390625,8512.25,136800,1.2198887654526924,0.012125080858812433
2015-07-23,8589.7998046875,8589.7998046875,8654.75,8573.7998046875,8643.9501953125,132900,-0.5061700968610694,-0.005074554770036643
2015-07-24,8521.5498046875,8521.5498046875,8589.150390625,8513.5,8588.150390625,127400,-0.794547038951432,-0.00797720384261551
2015-07-27,8361.0,8361.0,8492.2001953125,8351.5498046875,8492.099609375,136600,-1.8840446675461031,-0.019020189089775028
2015-07-28,8337.0,8337.0,8397.400390625,8321.75,8371.099609375,174600,-0.2870470039468942,-0.002874597739444469
2015-07-29,8375.0498046875,8375.0498046875,8381.5,8338.4501953125,8365.599609375,141000,0.4563968416396724,0.0045535850933296085
2015-07-30,8421.7998046875,8421.7998046875,8458.900390625,8408.2998046875,8417.0,215200,0.5582056356707721,0.005566534416230723
2015-07-31,8532.849609375,8532.849609375,8548.9501953125,8448.0,8456.099609375,203300,1.3185994355469077,0.013099815871268341
2015-08-03,8543.0498046875,8543.0498046875,8563.9501953125,8508.099609375,8510.650390625,156700,0.11954031512864116,0.0011946892258352072
2015-08-04,8516.900390625,8516.900390625,8565.150390625,8448.25,8564.099609375,187400,-0.306089917070973,-0.0030655933038692055
2015-08-05,8567.9501953125,8567.9501953125,8591.849609375,8545.849609375,8547.4501953125,132800,0.5993941733038577,0.005976049525257857
2015-08-06,8588.650390625,8588.650390625,8606.2998046875,8551.5,8585.7998046875,134900,0.24160032260487352,0.0024130893825477714
2015-08-07,8564.599609375,8564.599609375,8595.9501953125,8552.7001953125,8580.7998046875,143700,-0.2800298085977815,-0.0028042262557410207
2015-08-10,8525.599609375,8525.599609375,8621.5498046875,8497.7998046875,8577.0,123400,-0.45536279311072514,-0.004564027276617137
2015-08-11,8462.349609375,8462.349609375,8556.25,8441.2998046875,8548.4501953125,154400,-0.7418833032042493,-0.00744648944425946
2015-08-12,8349.4501953125,8349.4501953125,8446.9501953125,8337.9501953125,8445.7001953125,190000,-1.334137908193067,-0.013431174840318333
2015-08-13,8355.849609375,8355.849609375,8429.5,8339.75,8384.4501953125,189200,0.07664473603414823,0.0007661537895581861
2015-08-14,8518.5498046875,8518.5498046875,8530.099609375,8381.2001953125,8402.349609375,155900,1.947141259339502,0.01928427002460754
2015-08-17,8477.2998046875,8477.2998046875,8530.599609375,8428.0498046875,8530.5,174700,-0.48423735196454487,-0.004854135797220708
2015-08-18,8466.5498046875,8466.5498046875,8525.75,8433.599609375,8505.849609375,153300,-0.12680924643075908,-0.001268897173926015
2015-08-19,8495.150390625,8495.150390625,8520.4501953125,8425.9501953125,8468.0498046875,130500,0.33780685872379923,0.00337237573051901
2015-08-20,8372.75,8372.75,8501.349609375,8359.75,8471.0498046875,184100,-1.4408266481082843,-0.014513073495647132
2015-08-21,8299.9501953125,8299.9501953125,8322.2001953125,8225.0498046875,8305.400390625,201300,-0.8694849922367243,-0.008732870680242016
2015-08-24,7809.0,7809.0,8060.0498046875,7769.39990234375,8055.9501953125,312400,-5.915098088055637,-0.0609725995392517
2015-08-25,7880.7001953125,7880.7001953125,7925.39990234375,7667.25,7895.39990234375,299100,0.9181738418811536,0.009139842514835898
2015-08-26,7791.85009765625,7791.85009765625,7930.0498046875,7777.10009765625,7865.25,216600,-1.1274391291918318,-0.011338429020653107
2015-08-27,7948.9501953125,7948.9501953125,7963.60009765625,7862.2998046875,7921.60009765625,305000,2.016210472317792,0.019961540867943228
2015-08-28,8001.9501953125,8001.9501953125,8091.7998046875,7961.64990234375,8053.7001953125,195600,0.6667547122292117,0.006645417343079588
2015-08-31,7971.2998046875,7971.2998046875,8043.60009765625,7947.9501953125,8009.25,198200,-0.3830365083121179,-0.0038377197180878234
2015-09-01,7785.85009765625,7785.85009765625,7929.10009765625,7746.5,7907.9501953125,184900,-2.326467597194082,-0.02353957047024599
2015-09-02,7717.0,7717.0,7862.5498046875,7699.25,7856.64990234375,215300,-0.88429775544967,-0.008882308721944062
2015-09-03,7823.0,7823.0,7845.60009765625,7754.0498046875,7774.4501953125,155800,1.3735907736166952,0.01364242522747763
2015-09-04,7655.0498046875,7655.0498046875,7804.89990234375,7626.85009765625,7803.39990234375,193600,-2.1468770971813878,-0.021702577450189775
2015-09-07,7558.7998046875,7558.7998046875,7705.0498046875,7545.89990234375,7685.85009765625,141400,-1.257339958011272,-0.012653113658095735
2015-09-08,7688.25,7688.25,7720.89990234375,7539.5,7587.7001953125,172200,1.7125760525132927,0.016980767754825463
2015-09-09,7818.60009765625,7818.60009765625,7846.0498046875,7764.5498046875,7805.85009765625,208400,1.695445617094271,0.016812333537542277
2015-09-10,7788.10009765625,7788.10009765625,7819.85009765625,7678.5,7729.0498046875,160300,-0.39009540862875447,-0.003908582653268309
2015-09-11,7789.2998046875,7789.2998046875,7864.85009765625,7759.89990234375,7833.7998046875,136400,0.015404360706794407,0.00015403174356981987
2015-09-14,7872.25,7872.25,7879.9501953125,7761.85009765625,7811.10009765625,122800,1.0649249276883932,0.010592945398427487
2015-09-15,7829.10009765625,7829.10009765625,7880.0,7799.75,7867.35009765625,136500,-0.5481266771729776,-0.00549634403468119
2015-09-16,7899.14990234375,7899.14990234375,7913.89990234375,7853.2998046875,7886.85009765625,140000,0.8947363530129149,0.008907573043561995
2015-09-18,7981.89990234375,7981.89990234375,8055.0,7955.85009765625,7967.4501953125,241800,1.0475810818002973,0.010421319740291772
2015-09-21,7977.10009765625,7977.10009765625,7987.89990234375,7908.35009765625,7911.5,121800,-0.06013361162410247,-0.0006015169913181517
2015-09-22,7812.0,7812.0,8021.60009765625,7787.75,8014.7998046875,168400,-2.069675641963653,-0.020913936119176794
2015-09-23,7845.9501953125,7845.9501953125,7882.89990234375,7723.25,7737.35009765625,146700,0.43459031378008106,0.004336486972064778
2015-09-24,7868.5,7868.5,7894.5,7804.10009765625,7838.39990234375,202500,0.2874069312977845,0.0028699470722847766
2015-09-28,7795.7001953125,7795.7001953125,7893.9501953125,7787.9501953125,7892.7998046875,136300,-0.9252056260723118,-0.009295122372462671
2015-09-29,7843.2998046875,7843.2998046875,7926.5498046875,7691.2001953125,7725.7001953125,240700,0.6105879931557867,0.006087314580231289
2015-09-30,7948.89990234375,7948.89990234375,7957.7001953125,7874.5,7924.25,210700,1.3463733413981993,0.01337390276102144
2015-10-01,7950.89990234375,7950.89990234375,8008.25,7930.64990234375,7992.0498046875,156900,0.025160714370175974,0.0002515754959328041
2015-10-05,8119.2998046875,8119.2998046875,8128.89990234375,8005.10009765625,8005.10009765625,183100,2.117998017986733,0.02095880198216427
2015-10-06,8152.89990234375,8152.89990234375,8180.9501953125,8096.5,8180.4501953125,178500,0.41382999106465146,0.004129760698013392
2015-10-07,8177.39990234375,8177.39990234375,8188.89990234375,8132.89990234375,8146.2001953125,193900,0.30050657181448504,0.003000559533489925
2015-10-08,8129.35009765625,8129.35009765625,8196.75,8105.85009765625,8196.75,171700,-0.5875926976951273,-0.00589325816039762
2015-10-09,8189.7001953125,8189.7001953125,8232.2001953125,8139.64990234375,8186.35009765625,199700,0.742372968703231,0.007396309429230271
2015-10-12,8143.60009765625,8143.60009765625,8244.5,8128.2001953125,8231.5,199100,-0.5629033610123568,-0.005644936325841478
2015-10-13,8131.7001953125,8131.7001953125,8150.25,8088.60009765625,8121.9501953125,145900,-0.14612581906097155,-0.0014623268695636497
2015-10-14,8107.89990234375,8107.89990234375,8139.2998046875,8096.35009765625,8102.39990234375,138900,-0.2926853228365389,-0.002931144839264699
2015-10-15,8179.5,8179.5,8190.5498046875,8129.7998046875,8134.35009765625,167200,0.8830905477206663,0.008792141080753622
2015-10-16,8238.150390625,8238.150390625,8246.400390625,8147.64990234375,8193.650390625,156400,0.7170412693318751,0.007144827515608405
2015-10-19,8275.0498046875,8275.0498046875,8283.0498046875,8239.2001953125,8262.5498046875,124500,0.44790896394040214,0.00446908837067067
2015-10-20,8261.650390625,8261.650390625,8294.0498046875,8229.2001953125,8280.2998046875,155100,-0.16192547934769097,-0.0016205672034621203
2015-10-21,8251.7001953125,8251.7001953125,8294.400390625,8217.150390625,8258.349609375,144800,-0.1204383487806604,-0.0012051093404612868
2015-10-23,8295.4501953125,8295.4501953125,8328.099609375,8280.75,8308.25,152000,0.5301937657024025,0.005287931868963474
2015-10-26,8260.5498046875,8260.5498046875,8336.2998046875,8252.0498046875,8333.650390625,133900,-0.4207172582956553,-0.004216047634858218
2015-10-27,8232.900390625,8232.900390625,8241.9501953125,8217.0498046875,8230.349609375,156700,-0.33471638954116756,-0.003352778179937369
2015-10-28,8171.2001953125,8171.2001953125,8209.099609375,8131.7998046875,8188.89990234375,188900,-0.7494344931314734,-0.007522568634822207
2015-10-29,8111.75,8111.75,8179.60009765625,8098.0,8175.4501953125,217500,-0.727557689096936,-0.0073021729802976425
2015-10-30,8065.7998046875,8065.7998046875,8146.10009765625,8044.39990234375,8123.5498046875,199500,-0.5664646384873739,-0.005680751342262694
2015-11-02,8050.7998046875,8050.7998046875,8060.7001953125,7995.60009765625,8054.5498046875,136100,-0.18597039801661053,-0.0018614353765358403
2015-11-03,8060.7001953125,8060.7001953125,8100.35009765625,8031.75,8086.35009765625,132500,0.12297400090901522,0.0012289844981697455
2015-11-04,8040.2001953125,8040.2001953125,8116.10009765625,8027.2998046875,8104.89990234375,122100,-0.2543203382247228,-0.0025464428174963505
2015-11-05,7955.4501953125,7955.4501953125,8031.2001953125,7944.10009765625,8030.35009765625,132100,-1.0540782311541208,-0.010596729858654794
2015-11-06,7954.2998046875,7954.2998046875,8002.64990234375,7926.14990234375,7956.5498046875,219500,-0.014460408861305396,-0.00014461454479229208
2015-11-09,7915.2001953125,7915.2001953125,7937.75,7771.7001953125,7788.25,211800,-0.4915531264230055,-0.004927652224989373
2015-11-10,7783.35009765625,7783.35009765625,7885.10009765625,7772.85009765625,7877.60009765625,165200,-1.665783484975325,-0.016798136847989233
2015-11-13,7762.25,7762.25,7775.10009765625,7730.89990234375,7762.4501953125,160900,-0.2710927478722036,-0.0027146086971354118
2015-11-16,7806.60009765625,7806.60009765625,7838.85009765625,7714.14990234375,7732.9501953125,149500,0.5713562131630656,0.005697301642988936
2015-11-17,7837.5498046875,7837.5498046875,7860.4501953125,7793.0,7848.75,145000,0.39645564834993596,0.0039567183391247835
2015-11-18,7731.7998046875,7731.7998046875,7843.39990234375,7725.0498046875,7823.14990234375,143600,-1.349273722468125,-0.013584591382027576
2015-11-19,7842.75,7842.75,7854.89990234375,7765.4501953125,7788.5,132600,1.4349853606560714,0.014247868942778304
2015-11-20,7856.5498046875,7856.5498046875,7906.9501953125,7817.7998046875,7841.89990234375,151900,0.17595619760288894,0.0017580157603643014
2015-11-23,7849.25,7849.25,7877.5,7825.2001953125,7869.5,127000,-0.09291361817810317,-0.0009295680963622142
2015-11-24,7831.60009765625,7831.60009765625,7870.35009765625,7812.64990234375,7837.0,130600,-0.2248610038379506,-0.0022511419581774496
2015-11-26,7883.7998046875,7883.7998046875,7897.10009765625,7832.0,7837.14990234375,219800,0.6665267171503286,0.006643152490718722
2015-11-27,7942.7001953125,7942.7001953125,7959.2998046875,7879.4501953125,7910.60009765625,150300,0.747106624777305,0.007443296061827621
2015-11-30,7935.25,7935.25,7966.0,7922.7998046875,7936.25,216300,-0.09379927643368147,-0.000938432954834984
2015-12-01,7954.89990234375,7954.89990234375,7972.14990234375,7934.14990234375,7958.14990234375,138600,0.24762801857218797,0.0024732192560477395
2015-12-02,7931.35009765625,7931.35009765625,7979.2998046875,7910.7998046875,7976.7001953125,126300,-0.296041496142041,-0.0029648056574549755
2015-12-03,7864.14990234375,7864.14990234375,7912.2998046875,7853.2998046875,7902.2998046875,125700,-0.8472730932953976,-0.008508828559286395
2015-12-04,7781.89990234375,7781.89990234375,7821.39990234375,7775.7001953125,7817.60009765625,152500,-1.0458854551524621,-0.010513932743920033
2015-12-07,7765.39990234375,7765.39990234375,7825.39990234375,7746.0498046875,7816.5498046875,137600,-0.21203048364873966,-0.0021225558652615325
2015-12-08,7701.7001953125,7701.7001953125,7771.25,7685.4501953125,7738.5,135100,-0.820301695113268,-0.008236846826399094
2015-12-09,7612.5,7612.5,7702.85009765625,7606.89990234375,7695.5,140000,-1.1581883616657795,-0.011649476035916928
2015-12-10,7683.2998046875,7683.2998046875,7691.9501953125,7610.0,7643.2998046875,140800,0.930046695402309,0.009257483913935133
2015-12-11,7610.4501953125,7610.4501953125,7703.0498046875,7575.2998046875,7699.60009765625,167800,-0.9481552357302969,-0.009526788440796045
2015-12-14,7650.0498046875,7650.0498046875,7663.9501953125,7551.0498046875,7558.2001953125,148900,0.5203320218742258,0.0051898297247641055
2015-12-15,7700.89990234375,7700.89990234375,7705.0,7625.10009765625,7659.14990234375,134300,0.6647028314128445,0.006625034231155874
2015-12-16,7750.89990234375,7750.89990234375,7776.60009765625,7715.75,7725.25,154300,0.6492747683265243,0.006471760590641962
2015-12-17,7844.35009765625,7844.35009765625,7852.89990234375,7737.5498046875,7783.0498046875,175900,1.2056689737954374,0.011984586823973591
2015-12-18,7761.9501953125,7761.9501953125,7836.14990234375,7753.35009765625,7828.89990234375,191400,-1.0504363180879661,-0.010559923429662535
2015-12-21,7834.4501953125,7834.4501953125,7840.75,7733.4501953125,7745.64990234375,126300,0.9340436124388285,0.009297083993681328
2015-12-22,7786.10009765625,7786.10009765625,7846.2998046875,7776.85009765625,7829.39990234375,125700,-0.6171472975241898,-0.006190595230165718
2015-12-23,7865.9501953125,7865.9501953125,7871.4501953125,7826.10009765625,7830.4501953125,117900,1.025546764808305,0.010203237135106905
2015-12-24,7861.0498046875,7861.0498046875,7888.75,7835.5,7888.75,93500,-0.06229877514251081,-0.0006231818889286995
2015-12-28,7925.14990234375,7925.14990234375,7937.2001953125,7863.0,7863.2001953125,122900,0.8154139618607559,0.008121074246974173
2015-12-29,7928.9501953125,7928.9501953125,7942.14990234375,7902.75,7929.2001953125,113000,0.04795231655652099,0.0004794082310730862
2015-12-30,7896.25,7896.25,7944.75,7889.85009765625,7938.60009765625,106800,-0.4124151937772491,-0.004132679706995248
2015-12-31,7946.35009765625,7946.35009765625,7955.5498046875,7891.14990234375,7897.7998046875,150900,0.6344796283837217,0.006324752800432643
2016-01-04,7791.2998046875,7791.2998046875,7937.5498046875,7781.10009765625,7924.5498046875,134700,-1.951213966956744,-0.019705014523420224
2016-01-05,7784.64990234375,7784.64990234375,7831.2001953125,7763.25,7828.39990234375,145200,-0.08535035886758635,-0.0008538680302466864
2016-01-06,7741.0,7741.0,7800.9501953125,7721.2001953125,7788.0498046875,147100,-0.5607176031205752,-0.005622955254962513
2016-01-07,7568.2998046875,7568.2998046875,7674.9501953125,7556.60009765625,7673.35009765625,188900,-2.230980432922103,-0.022562432473354942
2016-01-08,7601.35009765625,7601.35009765625,7634.10009765625,7581.0498046875,7611.64990234375,157400,0.4366937597831466,0.004357430194614917
2016-01-11,7563.85009765625,7563.85009765625,7605.10009765625,7494.35009765625,7527.4501953125,189000,-0.493333414699082,-0.00494554321070581
2016-01-12,7510.2998046875,7510.2998046875,7588.2998046875,7487.7998046875,7587.2001953125,163900,-0.7079766557687717,-0.007104947023205757
2016-01-13,7562.39990234375,7562.39990234375,7590.9501953125,7425.7998046875,7557.89990234375,215200,0.6937152844914696,0.00691320150571891
2016-01-14,7536.7998046875,7536.7998046875,7604.7998046875,7443.7998046875,7467.39990234375,200800,-0.3385181686611949,-0.0033909243778356985
2016-01-15,7437.7998046875,7437.7998046875,7566.5,7427.2998046875,7561.64990234375,197500,-1.3135548583687595,-0.013222582904531205
2016-01-18,7351.0,7351.0,7463.64990234375,7336.39990234375,7420.35009765625,233600,-1.167009155487031,-0.01173872154132596
2016-01-19,7435.10009765625,7435.10009765625,7462.75,7364.14990234375,7381.7998046875,188300,1.1440633608522655,0.011375684463334866
2016-01-20,7309.2998046875,7309.2998046875,7470.89990234375,7241.5,7357.0,225600,-1.6919784712569719,-0.017064559633827973
2016-01-21,7276.7998046875,7276.7998046875,7398.7001953125,7250.0,7376.64990234375,240700,-0.44463903340177247,-0.004456304927870771
2016-01-22,7422.4501953125,7422.4501953125,7433.39990234375,7327.60009765625,7355.7001953125,229200,2.001572044501976,0.019818039378412727
2016-01-25,7436.14990234375,7436.14990234375,7487.14990234375,7421.2001953125,7468.75,163200,0.18457122204607046,0.0018440109866640082
2016-01-27,7437.75,7437.75,7477.89990234375,7419.7001953125,7469.60009765625,187600,0.021517824106065397,0.00021515509354344282
2016-01-28,7424.64990234375,7424.64990234375,7468.85009765625,7409.60009765625,7426.5,274500,-0.1761298464757477,-0.0017628513745914778
2016-01-29,7563.5498046875,7563.5498046875,7575.64990234375,7402.7998046875,7413.35009765625,298700,1.8707939656508632,0.018535098493895702
2016-02-01,7555.9501953125,7555.9501953125,7600.4501953125,7541.25,7589.5,200400,-0.10047675458274563,-0.001005272663116682
2016-02-02,7455.5498046875,7455.5498046875,7576.2998046875,7428.0498046875,7566.64990234375,230200,-1.3287592960483763,-0.013376662920665904
2016-02-03,7361.7998046875,7361.7998046875,7419.39990234375,7350.2998046875,7392.4501953125,192000,-1.257452534768888,-0.012654253761286621
2016-02-04,7404.0,7404.0,7457.0498046875,7365.9501953125,7411.4501953125,222700,0.5732320415128722,0.00571595318480905
2016-02-05,7489.10009765625,7489.10009765625,7503.14990234375,7406.64990234375,7418.25,249800,1.1493800331746407,0.011428248424226505
2016-02-08,7387.25,7387.25,7512.5498046875,7363.2001953125,7489.7001953125,171500,-1.3599777854234385,-0.013693101923425259
2016-02-09,7298.2001953125,7298.2001953125,7323.4501953125,7275.14990234375,7303.9501953125,212100,-1.2054527014450533,-0.012127772043135017
2016-02-10,7215.7001953125,7215.7001953125,7271.85009765625,7177.75,7264.2998046875,246900,-1.1304156886925099,-0.011368534484495037
2016-02-11,6976.35009765625,6976.35009765625,7208.64990234375,6959.9501953125,7203.60009765625,292300,-3.317073758299127,-0.03373336331978199
2016-02-12,6980.9501953125,6980.9501953125,7034.7998046875,6869.0,7023.64990234375,333900,0.06593845767279838,0.0006591672782349067
2016-02-15,7162.9501953125,7162.9501953125,7182.7998046875,7056.7998046875,7057.35009765625,354200,2.607094949942601,0.02573689591661371
2016-02-16,7048.25,7048.25,7204.64990234375,7037.7001953125,7201.25,253800,-1.6012982386441998,-0.01614257549907488
2016-02-17,7108.4501953125,7108.4501953125,7123.7001953125,6960.64990234375,7058.85009765625,260000,0.8541154940942874,0.008504885651830765
2016-02-18,7191.75,7191.75,7215.10009765625,7127.85009765625,7177.39990234375,246700,1.1718419964794835,0.011650291007518507
2016-02-19,7210.75,7210.75,7226.85009765625,7145.9501953125,7170.5498046875,192300,0.26419160844022294,0.002638432358562314
2016-02-22,7234.5498046875,7234.5498046875,7252.39990234375,7200.7001953125,7208.85009765625,154400,0.33006004489823937,0.0032951654232690796
2016-02-23,7109.5498046875,7109.5498046875,7241.7001953125,7090.7001953125,7240.2998046875,194400,-1.7278200216274464,-0.017429210300505937
2016-02-24,7018.7001953125,7018.7001953125,7090.7998046875,7009.75,7075.0,199700,-1.2778531956425754,-0.0128608796700014
2016-02-25,6970.60009765625,6970.60009765625,7034.2001953125,6961.39990234375,7029.85009765625,283100,-0.6853134671341854,-0.006876725240095017
2016-02-26,7029.75,7029.75,7052.89990234375,6985.10009765625,7039.2998046875,206700,0.8485625558068977,0.008449825021575584
2016-02-29,6987.0498046875,6987.0498046875,7094.60009765625,6825.7998046875,7050.4501953125,473400,-0.6074212498666354,-0.006092735574228962
2016-03-01,7222.2998046875,7222.2998046875,7235.5,7035.10009765625,7038.25,275100,3.366943224623564,0.03311502695088197
2016-03-02,7368.85009765625,7368.85009765625,7380.35009765625,7308.14990234375,7321.7001953125,338500,2.0291361052837242,0.02008823459754814
2016-03-03,7475.60009765625,7475.60009765625,7483.9501953125,7406.0498046875,7429.5498046875,278600,1.4486656477644022,0.014382727390574045
2016-03-04,7485.35009765625,7485.35009765625,7505.89990234375,7444.10009765625,7505.39990234375,281700,0.13042431206367056,0.0013033933343828406
2016-03-08,7485.2998046875,7485.2998046875,7527.14990234375,7442.14990234375,7486.39990234375,257000,-0.000671885323921817,-6.718875810813698e-06
2016-03-09,7531.7998046875,7531.7998046875,7539.0,7424.2998046875,7436.10009765625,245100,0.6212176026787919,0.006192960002448895
2016-03-10,7486.14990234375,7486.14990234375,7547.10009765625,7447.39990234375,7545.35009765625,224700,-0.6060955352974129,-0.006079397498643517
2016-03-11,7510.2001953125,7510.2001953125,7543.9501953125,7460.60009765625,7484.85009765625,198700,0.32126384433233124,0.0032074889464729544
2016-03-14,7538.75,7538.75,7583.7001953125,7515.0498046875,7542.60009765625,166900,0.38014705260878134,0.0037942631968658764
2016-03-15,7460.60009765625,7460.60009765625,7545.2001953125,7452.7998046875,7535.85009765625,193700,-1.0366427105786724,-0.010420532757604035
2016-03-16,7498.75,7498.75,7508.0,7405.14990234375,7457.0498046875,195400,0.5113516586384925,0.005100486959710426
2016-03-17,7512.5498046875,7512.5498046875,7585.2998046875,7479.39990234375,7557.39990234375,239600,0.18402806717785491,0.0018385894298917032
2016-03-18,7604.35009765625,7604.35009765625,7613.60009765625,7517.89990234375,7534.64990234375,237400,1.221959193022193,0.012145535400108631
2016-03-21,7704.25,7704.25,7713.5498046875,7617.7001953125,7619.2001953125,196800,1.3137204502793765,0.013051659829120443
2016-03-22,7714.89990234375,7714.89990234375,7728.2001953125,7643.7998046875,7695.5498046875,208900,0.1382341219943628,0.0013813866658977931
2016-03-23,7716.5,7716.5,7726.85009765625,7670.60009765625,7717.4501953125,199600,0.020740355370829633,0.000207382048564695
2016-03-28,7615.10009765625,7615.10009765625,7749.39990234375,7587.7001953125,7741.0,242400,-1.3140659929210097,-0.013227762297457975
2016-03-29,7597.0,7597.0,7652.89990234375,7582.25,7606.5498046875,216800,-0.23768693023248355,-0.0023796985402065656
2016-03-30,7735.2001953125,7735.2001953125,7741.9501953125,7643.4501953125,7651.10009765625,232600,1.819141704784788,0.018027932915947852
2016-03-31,7738.39990234375,7738.39990234375,7777.60009765625,7702.0,7727.64990234375,380100,0.041365536126503066,0.0004135698294723892
2016-04-01,7713.0498046875,7713.0498046875,7740.14990234375,7666.10009765625,7718.0498046875,183900,-0.3275883642117283,-0.0032812610960895605
2016-04-04,7758.7998046875,7758.7998046875,7764.4501953125,7704.39990234375,7733.14990234375,155500,0.5931505845093277,0.005913983718554631
2016-04-05,7603.2001953125,7603.2001953125,7736.2998046875,7588.64990234375,7736.2998046875,203800,-2.005459778469787,-0.020258420894693874
2016-04-06,7614.35009765625,7614.35009765625,7638.64990234375,7591.75,7636.0498046875,165600,0.14664749128432408,0.0014654006885952725
2016-04-07,7546.4501953125,7546.4501953125,7630.75,7535.85009765625,7630.39990234375,234400,-0.8917360178204881,-0.008957357794121351
2016-04-08,7555.2001953125,7555.2001953125,7569.35009765625,7526.7001953125,7542.35009765625,143400,0.11594855559287076,0.001158813871706803
2016-04-11,7671.39990234375,7671.39990234375,7678.7998046875,7516.85009765625,7577.7998046875,179800,1.5380096361092388,0.015263021567415073
2016-04-12,7708.9501953125,7708.9501953125,7717.39990234375,7663.35009765625,7669.25,163400,0.48948423295307464,0.0048829015384887434
2016-04-13,7850.4501953125,7850.4501953125,7864.7998046875,7772.2001953125,7777.14990234375,220400,1.8355287868643932,0.018188863004861715
2016-04-18,7914.7001953125,7914.7001953125,7920.60009765625,7842.75,7908.14990234375,184600,0.8184244011682829,0.008150934704248517
2016-04-20,7914.75,7914.75,7950.39990234375,7877.5498046875,7950.0498046875,205300,0.0006292681500319475,6.292661701482301e-06
2016-04-21,7912.0498046875,7912.0498046875,7978.4501953125,7884.10009765625,7953.64990234375,223700,-0.03411598992387743,-0.00034121810751646184
2016-04-22,7899.2998046875,7899.2998046875,7923.35009765625,7873.35009765625,7891.7998046875,183300,-0.16114660947212922,-0.0016127659027939515
2016-04-25,7855.0498046875,7855.0498046875,7911.0,7827.0,7894.7998046875,146300,-0.5601762319964343,-0.005617511031739854
2016-04-26,7962.64990234375,7962.64990234375,7974.5,7822.5498046875,7828.14990234375,202400,1.3698206928241197,0.013605234565983467
2016-04-27,7979.89990234375,7979.89990234375,7991.0,7940.5498046875,7942.0,206800,0.21663642394880167,0.002164021055994669
2016-04-28,7847.25,7847.25,7992.0,7834.4501953125,7967.39990234375,292500,-1.6623003291656557,-0.016762715869970777
2016-04-29,7849.7998046875,7849.7998046875,7889.0498046875,7788.7001953125,7844.25,243700,0.03249297126382,0.0003248769344116223
2016-05-02,7805.89990234375,7805.89990234375,7829.7998046875,7777.2998046875,7822.7001953125,146300,-0.5592486870497626,-0.005608183374211703
2016-05-03,7747.0,7747.0,7890.25,7735.14990234375,7824.7998046875,186500,-0.75455620851691,-0.007574173857563739
2016-05-04,7706.5498046875,7706.5498046875,7749.0,7697.25,7724.14990234375,199700,-0.5221401227894718,-0.005235080380291306
2016-05-05,7735.5,7735.5,7777.5498046875,7706.85009765625,7731.0,185100,0.3756570196288278,0.003749531907512104
2016-05-06,7733.4501953125,7733.4501953125,7738.89990234375,7678.35009765625,7717.64990234375,163600,-0.026498670900398924,-0.00026502182418547155
2016-05-09,7866.0498046875,7866.0498046875,7873.64990234375,7753.5498046875,7755.25,160600,1.7146242107484388,0.017000904277695215
2016-05-10,7887.7998046875,7887.7998046875,7896.89990234375,7837.7001953125,7873.5498046875,162000,0.2765047328716186,0.0027612316174809364
2016-05-11,7848.85009765625,7848.85009765625,7893.10009765625,7780.89990234375,7804.64990234375,214100,-0.493796850778383,-0.004950200558543867
2016-05-12,7900.39990234375,7900.39990234375,7916.0498046875,7849.64990234375,7871.4501953125,152700,0.6567816182767139,0.006546342052207653
2016-05-13,7814.89990234375,7814.89990234375,7881.0,7784.2001953125,7881.0,179500,-1.0822236982540034,-0.010881223351540733
2016-05-16,7860.75,7860.75,7873.89990234375,7772.14990234375,7831.2001953125,205200,0.5867010227795566,0.005849866346159204
2016-05-17,7890.75,7890.75,7940.10009765625,7879.7001953125,7896.85009765625,183400,0.3816429729987636,0.0038091656381104887
2016-05-18,7870.14990234375,7870.14990234375,7882.0498046875,7810.75,7846.75,156400,-0.2610664088489645,-0.002614077814670393
2016-05-19,7783.39990234375,7783.39990234375,7876.2001953125,7766.7998046875,7875.5,170400,-1.1022661712474568,-0.011083861385826453
2016-05-20,7749.7001953125,7749.7001953125,7812.39990234375,7735.75,7792.2001953125,157000,-0.43296897826234915,-0.004339090032687426
2016-05-23,7731.0498046875,7731.0498046875,7820.60009765625,7722.2001953125,7813.9501953125,172000,-0.24065951139995434,-0.0024094956185153732
2016-05-24,7748.85009765625,7748.85009765625,7761.5498046875,7715.7998046875,7738.0498046875,147000,0.2302441895789764,0.0022997953380331686
2016-05-25,7934.89990234375,7934.89990234375,7941.2001953125,7809.2998046875,7811.7998046875,176200,2.40099888812888,0.023726281336622208
2016-05-26,8069.64990234375,8069.64990234375,8083.0,7948.5,7974.4501953125,264300,1.6981940750153468,0.016839359534278495
2016-05-27,8156.64990234375,8156.64990234375,8164.2001953125,8077.0498046875,8081.9501953125,260900,1.0781136858828422,0.010723434761836886
2016-05-30,8178.5,8178.5,8200.0,8150.7998046875,8166.5,247400,0.26788078338353394,0.002675226223002301
2016-05-31,8160.10009765625,8160.10009765625,8213.599609375,8134.2998046875,8209.849609375,471000,-0.22497893677019265,-0.0022523239460265896
2016-06-01,8179.9501953125,8179.9501953125,8215.349609375,8171.0498046875,8179.2001953125,194400,0.24325801667495206,0.0024296262330994575
2016-06-02,8218.9501953125,8218.9501953125,8229.5,8154.75,8156.89990234375,181700,0.476775519028827,0.004756425442880727
2016-06-03,8220.7998046875,8220.7998046875,8262.0,8209.849609375,8246.2001953125,379000,0.022504204686080165,0.00022501672869773692
2016-06-06,8201.0498046875,8201.0498046875,8234.7001953125,8186.0498046875,8228.75,171600,-0.2402442641741276,-0.0024053331374929024
2016-06-07,8266.4501953125,8266.4501953125,8294.9501953125,8216.400390625,8235.5498046875,241900,0.7974636440766236,0.007943007071457264
2016-06-08,8273.0498046875,8273.0498046875,8288.900390625,8252.0498046875,8285.5,174300,0.07983607496653278,0.0007980422292402209
2016-06-09,8203.599609375,8203.599609375,8273.349609375,8184.60009765625,8273.349609375,174900,-0.83947512649023,-0.008430185637149968
2016-06-10,8170.0498046875,8170.0498046875,8265.599609375,8162.85009765625,8180.25,182200,-0.4089644337244347,-0.004098029802836798
2016-06-13,8110.60009765625,8110.60009765625,8125.25,8063.89990234375,8102.25,169700,-0.7276541569812833,-0.007303144729646939
2016-06-14,8108.85009765625,8108.85009765625,8134.9501953125,8069.5,8134.39990234375,145500,-0.021576701833758705,-0.00021579029938960387
2016-06-15,8206.599609375,8206.599609375,8213.2001953125,8123.14990234375,8139.39990234375,169800,1.2054669964487674,0.011982591110193301
2016-06-16,8140.75,8140.75,8180.64990234375,8074.4501953125,8180.64990234375,189200,-0.8023982222768011,-0.008056347617289792
2016-06-17,8170.2001953125,8170.2001953125,8195.25,8135.7998046875,8176.64990234375,166600,0.3617626792678852,0.0036110989197415846
2016-06-20,8238.5,8238.5,8244.150390625,8107.35009765625,8115.75,168600,0.8359624373303065,0.008324876233428225
2016-06-21,8219.900390625,8219.900390625,8257.25,8202.150390625,8255.400390625,137000,-0.2257645126540031,-0.0022601974495153427
2016-06-22,8203.7001953125,8203.7001953125,8238.349609375,8153.25,8213.650390625,136100,-0.19708505629796313,-0.001972795244488282
2016-06-23,8270.4501953125,8270.4501953125,8285.599609375,8188.2998046875,8201.150390625,154100,0.8136572328440339,0.00810364889252149
2016-06-24,8088.60009765625,8088.60009765625,8100.7001953125,7927.0498046875,8029.10009765625,297600,-2.1987932139331257,-0.02223326969761141
2016-06-27,8094.7001953125,8094.7001953125,8120.64990234375,8039.35009765625,8039.35009765625,162500,0.07541598771854119,0.0007538756415223447
2016-06-28,8127.85009765625,8127.85009765625,8146.35009765625,8086.85009765625,8096.0498046875,170400,0.4095260052119798,0.004086897298664459
2016-06-29,8204.0,8204.0,8212.400390625,8157.64990234375,8173.10009765625,147000,0.9369009200318468,0.009325392253691965
2016-06-30,8287.75,8287.75,8308.150390625,8242.099609375,8260.25,279400,1.0208434909800168,0.010156680759383653
2016-07-01,8328.349609375,8328.349609375,8356.75,8308.650390625,8313.0498046875,165500,0.48987492835812496,0.004886789454209853
2016-07-04,8370.7001953125,8370.7001953125,8398.4501953125,8364.7001953125,8376.75,154200,0.5085111447510116,0.005072225932684971
2016-07-05,8335.9501953125,8335.9501953125,8381.4501953125,8319.9501953125,8379.2998046875,139000,-0.41513850919495665,-0.00416002601386157
2016-07-07,8337.900390625,8337.900390625,8361.9501953125,8317.7001953125,8342.0,155500,0.023394997172565546,0.0002339226096985007
2016-07-08,8323.2001953125,8323.2001953125,8353.2998046875,8287.5498046875,8350.0,137900,-0.17630571995113087,-0.0017646132140196943
2016-07-11,8467.900390625,8467.900390625,8475.25,8407.0498046875,8413.349609375,149800,1.7385163388715874,0.01723577043083921
2016-07-12,8521.0498046875,8521.0498046875,8526.599609375,8479.2001953125,8502.599609375,183600,0.6276575256050743,0.006256959594241648
2016-07-13,8519.5,8519.5,8550.25,8493.5498046875,8540.4501953125,195500,-0.018187954806314632,-0.0001818960901539572
2016-07-14,8565.0,8565.0,8571.400390625,8500.7001953125,8515.75,153900,0.5340689007570898,0.005326478102926448
2016-07-15,8541.400390625,8541.400390625,8594.7998046875,8510.0498046875,8565.4501953125,221700,-0.27553542761237226,-0.0027591572520208334
2016-07-18,8508.7001953125,8508.7001953125,8587.099609375,8494.349609375,8564.0498046875,164300,-0.3828434895569499,-0.0038357821106622886
2016-07-19,8528.5498046875,8528.5498046875,8540.0498046875,8476.7001953125,8514.2998046875,167900,0.23328603569714446,0.0023301434628515147
2016-07-20,8565.849609375,8565.849609375,8569.900390625,8512.5498046875,8515.4501953125,160300,0.43735225263032973,0.004363986470652139
2016-07-21,8510.099609375,8510.099609375,8585.25,8503.4501953125,8582.7001953125,150000,-0.6508402848794281,-0.00652967485068765
2016-07-22,8541.2001953125,8541.2001953125,8548.9501953125,8489.7998046875,8519.650390625,143200,0.3654550165692383,0.0036478885225085054
2016-07-25,8635.650390625,8635.650390625,8641.150390625,8517.2001953125,8519.9501953125,150000,1.1058187743255843,0.010997493024321226
2016-07-26,8590.650390625,8590.650390625,8644.900390625,8577.150390625,8633.75,154800,-0.5210956669673972,-0.005224581055714631
2016-07-27,8615.7998046875,8615.7998046875,8665.0,8572.0498046875,8599.400390625,184100,0.2927533180717701,0.0029232563005614403
2016-07-28,8666.2998046875,8666.2998046875,8674.7001953125,8625.25,8636.9501953125,233500,0.5861324676151858,0.005844213941164874
2016-07-29,8638.5,8638.5,8670.349609375,8631.150390625,8668.2998046875,157000,-0.3207805558776422,-0.0032129615963578163
2016-08-01,8636.5498046875,8636.5498046875,8711.2998046875,8590.5,8654.2998046875,188400,-0.022575624385023918,-0.00022578173062699604
2016-08-02,8622.900390625,8622.900390625,8687.2001953125,8611.400390625,8647.4501953125,169400,-0.1580424402241265,-0.0015816745902789463
2016-08-03,8544.849609375,8544.849609375,8635.4501953125,8529.599609375,8635.2001953125,163000,-0.9051569392458547,-0.009092783738205783
2016-08-04,8551.099609375,8551.099609375,8601.400390625,8518.150390625,8599.9501953125,164700,0.07314347572768831,0.0007311673892417124
2016-08-05,8683.150390625,8683.150390625,8689.400390625,8590.150390625,8600.2001953125,157900,1.5442549763450941,0.015324527088340225
2016-08-08,8711.349609375,8711.349609375,8723.5,8697.599609375,8712.849609375,172600,0.32475792173825013,0.003242317221417232
2016-08-09,8678.25,8678.25,8728.349609375,8638.2001953125,8727.7998046875,200100,-0.3799596028080332,-0.0038068328301676924
2016-08-10,8575.2998046875,8575.2998046875,8690.099609375,8564.599609375,8686.7001953125,173600,-1.1863013316336768,-0.0119339403558223
2016-08-11,8592.150390625,8592.150390625,8601.150390625,8540.0498046875,8572.7998046875,189200,0.196501420606765,0.001963086091088332
2016-08-16,8642.5498046875,8642.5498046875,8682.349609375,8600.4501953125,8670.25,224800,0.5865750920455381,0.0058486143833095606
2016-08-17,8624.0498046875,8624.0498046875,8667.099609375,8603.599609375,8639.7998046875,174100,-0.21405719860551065,-0.0021428662849281455
2016-08-18,8673.25,8673.25,8690.7001953125,8645.0498046875,8648.849609375,164300,0.5704998976902687,0.005688787100174632
2016-08-19,8666.900390625,8666.900390625,8696.599609375,8647.099609375,8694.2998046875,191900,-0.07320911278931863,-0.0007323592374647016
2016-08-22,8629.150390625,8629.150390625,8684.849609375,8614.0,8667.0,152300,-0.43556517669032235,-0.004365165253066113
2016-08-23,8632.599609375,8632.599609375,8642.150390625,8580.0,8628.349609375,187500,0.03997170745508871,0.0003996372089627608
2016-08-24,8650.2998046875,8650.2998046875,8661.0498046875,8620.900390625,8648.5,149600,0.20503899304304962,0.0020482907499330422
2016-08-25,8592.2001953125,8592.2001953125,8683.0498046875,8583.650390625,8668.849609375,213100,-0.6716485056797228,-0.006739142150229588
2016-08-26,8572.5498046875,8572.5498046875,8622.9501953125,8547.5498046875,8614.349609375,147500,-0.22870033493540554,-0.0022896225356679534
2016-08-29,8607.4501953125,8607.4501953125,8622.0,8543.75,8583.75,129700,0.40711796863421856,0.00406291485846204
2016-08-30,8744.349609375,8744.349609375,8750.599609375,8642.25,8646.75,150200,1.5904758198549196,0.015779602831678955
2016-08-31,8786.2001953125,8786.2001953125,8819.2001953125,8754.0498046875,8754.0498046875,362200,0.47860147188798496,0.0047745981624819625
2016-09-01,8774.650390625,8774.650390625,8813.25,8759.9501953125,8793.599609375,238900,-0.13145392127147382,-0.0013154039773133465
2016-09-02,8809.650390625,8809.650390625,8824.099609375,8768.2001953125,8796.349609375,191500,0.39887629069979,0.00398082888319566
2016-09-06,8943.0,8943.0,8950.849609375,8848.4501953125,8852.7001953125,195600,1.5136765190694401,0.015023347446829987
2016-09-07,8917.9501953125,8917.9501953125,8968.7001953125,8913.349609375,8968.7001953125,290100,-0.2801051625573092,-0.0028049819116828943
2016-09-08,8952.5,8952.5,8960.349609375,8896.0,8915.5,217200,0.38741867728371293,0.0038667014380895045
2016-09-09,8866.7001953125,8866.7001953125,8939.150390625,8858.7001953125,8934.2998046875,175900,-0.9583893290980194,-0.009630114351834806
2016-09-12,8715.599609375,8715.599609375,8746.9501953125,8699.400390625,8732.9501953125,184500,-1.7041355026008564,-0.01718822993969123
2016-09-14,8726.599609375,8726.599609375,8739.849609375,8688.900390625,8710.650390625,184300,0.12621047883116798,0.0012613090035687876
2016-09-15,8742.5498046875,8742.5498046875,8751.9501953125,8704.349609375,8743.849609375,145400,0.1827767518446155,0.0018260991839711186
2016-09-16,8779.849609375,8779.849609375,8847.650390625,8750.5,8780.849609375,265800,0.4266467508998506,0.0042573919410826295
2016-09-19,8808.400390625,8808.400390625,8824.2998046875,8774.2001953125,8788.4501953125,131700,0.3251853109136782,0.003246577269225301
2016-09-20,8775.900390625,8775.900390625,8816.4501953125,8759.2998046875,8816.099609375,136500,-0.3689659706499149,-0.0036964832905136196
2016-09-21,8777.150390625,8777.150390625,8826.849609375,8757.2998046875,8790.2998046875,148800,0.014243552733739229,0.00014242538436080372
2016-09-22,8867.4501953125,8867.4501953125,8893.349609375,8837.7998046875,8873.349609375,172800,1.0288054854791007,0.01023549301709891
2016-09-23,8831.5498046875,8831.5498046875,8885.2001953125,8820.2998046875,8880.75,185900,-0.404855847332275,-0.004056776073300545
2016-09-26,8723.0498046875,8723.0498046875,8809.5498046875,8715.099609375,8807.900390625,164000,-1.2285499419638857,-0.01236159001721051
2016-09-27,8706.400390625,8706.400390625,8768.5,8690.5,8748.900390625,151400,-0.19086689214536934,-0.0019104927510736648
2016-09-28,8745.150390625,8745.150390625,8767.0498046875,8703.150390625,8711.2001953125,165500,0.44507486747020764,0.004440873383603119
2016-09-29,8591.25,8591.25,8800.650390625,8558.25,8792.7001953125,372900,-1.75983698107679,-0.01775506219605918
2016-09-30,8611.150390625,8611.150390625,8637.150390625,8555.2001953125,8581.5,181700,0.23163556671030872,0.002313677050935853
2016-10-03,8738.099609375,8738.099609375,8745.2001953125,8635.0,8666.150390625,137300,1.4742422671912614,0.014634809521912494
2016-10-04,8769.150390625,8769.150390625,8783.650390625,8736.099609375,8770.0,184300,0.3553493624252724,0.0035471948830647004
2016-10-05,8743.9501953125,8743.9501953125,8806.9501953125,8731.400390625,8806.349609375,157200,-0.28737328235858284,-0.002877869921600413
2016-10-06,8709.5498046875,8709.5498046875,8781.150390625,8684.650390625,8768.7001953125,163600,-0.3934193340149772,-0.00394195263650275
2016-10-07,8697.599609375,8697.599609375,8723.7001953125,8663.7998046875,8721.7001953125,150400,-0.13720795655899343,-0.0013730217286708416
2016-10-10,8708.7998046875,8708.7998046875,8745.7998046875,8703.9501953125,8735.349609375,108400,0.12877340663539627,0.0012869056479532695
2016-10-13,8573.349609375,8573.349609375,8681.5498046875,8541.349609375,8671.5,212300,-1.555325628677262,-0.015675477121613476
2016-10-14,8583.400390625,8583.400390625,8604.4501953125,8549.7998046875,8594.0,162800,0.11723284023095193,0.001171641761961016
2016-10-17,8520.400390625,8520.400390625,8615.400390625,8506.150390625,8612.9501953125,197400,-0.7339748483457642,-0.007366816969274471
2016-10-18,8677.900390625,8677.900390625,8685.099609375,8555.900390625,8556.0498046875,216600,1.8485046802882321,0.018316274989203487
2016-10-19,8659.099609375,8659.099609375,8698.75,8636.7001953125,8697.5,172100,-0.21665126820665792,-0.0021688629658940845
2016-10-20,8699.400390625,8699.400390625,8727.0,8678.2998046875,8693.349609375,161000,0.4654153788272275,0.004643356702434108
2016-10-21,8693.0498046875,8693.0498046875,8709.099609375,8652.0498046875,8708.599609375,157300,-0.07300027188475999,-0.0007302693005771827
2016-10-24,8708.9501953125,8708.9501953125,8736.9501953125,8684.150390625,8709.849609375,157100,0.18290923188344355,0.001827421566475664
2016-10-25,8691.2998046875,8691.2998046875,8722.650390625,8663.4501953125,8721.7001953125,189800,-0.20266955521803798,-0.0020287520787162444
2016-10-26,8615.25,8615.25,8657.2998046875,8596.599609375,8657.2998046875,219300,-0.8750107164233856,-0.008788614143283245
2016-10-27,8615.25,8615.25,8624.849609375,8550.25,8607.099609375,242800,0.0,0.0
2016-10-28,8638.0,8638.0,8653.75,8581.75,8625.0,175500,0.26406662604103737,0.0026371858270232084
2016-11-01,8626.25,8626.25,8669.599609375,8614.5,8653.150390625,165000,-0.13602685806899384,-0.001361194585834806
2016-11-02,8514.0,8514.0,8549.5,8504.849609375,8542.7998046875,155300,-1.3012606868569754,-0.013098012546713908
2016-11-03,8484.9501953125,8484.9501953125,8537.650390625,8476.150390625,8499.849609375,170500,-0.3412004309079175,-0.003417838470350909
2016-11-04,8433.75,8433.75,8504.0,8400.25,8503.599609375,224800,-0.603423639902867,-0.006052515976111644
2016-11-07,8497.0498046875,8497.0498046875,8535.849609375,8481.4501953125,8535.75,172800,0.7505534867348507,0.007477508488472915
2016-11-08,8543.5498046875,8543.5498046875,8559.400390625,8480.099609375,8540.0,195700,0.5472487636161372,0.005457567982692605
2016-11-09,8432.0,8432.0,8476.2001953125,8002.25,8067.5,314300,-1.3056610804363489,-0.013142597631657107
2016-11-10,8525.75,8525.75,8598.4501953125,8510.7001953125,8555.599609375,263100,1.1118358633776193,0.01105700404045472
2016-11-11,8296.2998046875,8296.2998046875,8460.599609375,8284.9501953125,8456.650390625,266900,-2.6912611243878892,-0.027281387102400093
2016-11-15,8108.4501953125,8108.4501953125,8288.5498046875,8093.2001953125,8284.849609375,359200,-2.2642577269069153,-0.02290285685988103
2016-11-16,8111.60009765625,8111.60009765625,8210.0498046875,8089.39990234375,8205.650390625,269500,0.03884715658204474,0.00038839613027746525
2016-11-17,8079.9501953125,8079.9501953125,8151.25,8060.2998046875,8105.10009765625,191300,-0.3901807530291679,-0.003909439439923456
2016-11-18,8074.10009765625,8074.10009765625,8128.9501953125,8048.2998046875,8097.5498046875,161200,-0.0724026450019899,-0.0007242886837538094
2016-11-21,7929.10009765625,7929.10009765625,8102.4501953125,7916.39990234375,8102.10009765625,218800,-1.7958657713704862,-0.01812187142597807
2016-11-22,8002.2998046875,8002.2998046875,8019.0498046875,7938.14990234375,7989.14990234375,210200,0.9231779915716665,0.009189427494782599
2016-11-23,8033.2998046875,8033.2998046875,8055.2001953125,7973.10009765625,8051.2001953125,181000,0.38738863522509437,0.0038664021768522933
2016-11-24,7965.5,7965.5,8024.85009765625,7952.5498046875,8011.7998046875,260500,-0.8439844937436325,-0.008475662098624583
2016-11-25,8114.2998046875,8114.2998046875,8122.25,7976.75,8007.9501953125,177900,1.8680535394827613,0.018508197132649923
2016-11-28,8126.89990234375,8126.89990234375,8146.5,8066.5,8080.64990234375,189700,0.1552826240037497,0.0015516218520139676
2016-11-29,8142.14990234375,8142.14990234375,8197.349609375,8128.7001953125,8131.5498046875,189700,0.18764842908427504,0.001874725893588773
2016-11-30,8224.5,8224.5,8234.25,8139.25,8172.14990234375,248000,1.011404833415619,0.010063243621010479
2016-12-01,8192.900390625,8192.900390625,8250.7998046875,8185.0498046875,8244.0,157700,-0.384213136056899,-0.0038495313077255163
2016-12-02,8086.7998046875,8086.7998046875,8159.2998046875,8070.0498046875,8153.5498046875,171500,-1.2950308300941793,-0.013034894616329137
2016-12-05,8128.75,8128.75,8141.89990234375,8056.85009765625,8088.75,126500,0.518749027126697,0.005174081595203409
2016-12-06,8143.14990234375,8143.14990234375,8178.7001953125,8130.85009765625,8153.14990234375,115300,0.17714780678148578,0.0017699108511295017
2016-12-07,8102.0498046875,8102.0498046875,8190.4501953125,8077.5,8168.39990234375,169800,-0.5047198952388254,-0.005059979081726745
2016-12-08,8246.849609375,8246.849609375,8256.25,8151.75,8152.10009765625,142500,1.7871996368588716,0.017714169916451
2016-12-09,8261.75,8261.75,8274.9501953125,8241.9501953125,8271.7001953125,149700,0.18067979083868924,0.0018051676124941
2016-12-12,8170.7998046875,8170.7998046875,8230.650390625,8154.4501953125,8230.650390625,108100,-1.1008587201561393,-0.011069630108506541
2016-12-13,8221.7998046875,8221.7998046875,8228.849609375,8155.7998046875,8196.150390625,184000,0.6241739024219095,0.006222340051564259
2016-12-14,8182.4501953125,8182.4501953125,8229.400390625,8165.10009765625,8229.349609375,144600,-0.47860091840919994,-0.004797498800311476
2016-12-15,8153.60009765625,8153.60009765625,8225.900390625,8121.9501953125,8128.39990234375,181800,-0.3525850688682164,-0.0035320811496494836
2016-12-16,8139.4501953125,8139.4501953125,8178.7001953125,8127.4501953125,8178.2001953125,203000,-0.1735417750965862,-0.0017369253327930302
2016-12-19,8104.35009765625,8104.35009765625,8132.5,8094.85009765625,8126.0,107400,-0.4312342580149231,-0.004321667547371758
2016-12-20,8082.39990234375,8082.39990234375,8124.10009765625,8062.75,8110.60009765625,128000,-0.27084460873485483,-0.0027121205636996375
2016-12-21,8061.2998046875,8061.2998046875,8112.5498046875,8053.25,8105.85009765625,123700,-0.26106228238139684,-0.0026140364419853872
2016-12-22,7979.10009765625,7979.10009765625,8046.4501953125,7964.9501953125,8043.85009765625,122600,-1.0196830414798908,-0.010249174221346512
2016-12-23,7985.75,7985.75,8022.60009765625,7942.0498046875,7972.5,124100,0.08334150796909245,0.0008330679821808747
2016-12-26,7908.25,7908.25,7970.0498046875,7893.7998046875,7965.10009765625,106900,-0.9704786651222541,-0.009752185003088458
2016-12-27,8032.85009765625,8032.85009765625,8044.64990234375,7903.7001953125,7915.0498046875,118800,1.5755710511965448,0.015632877835896817
2016-12-28,8034.85009765625,8034.85009765625,8100.5498046875,8028.39990234375,8047.5498046875,126700,0.024897763255693484,0.00024894664276991384
2016-12-29,8103.60009765625,8103.60009765625,8111.10009765625,8020.7998046875,8030.60009765625,178500,0.8556475748073389,0.008520076594398652
2016-12-30,8185.7998046875,8185.7998046875,8197.0,8114.75,8119.64990234375,127600,1.014360358861044,0.010092502517199517
2017-01-02,8179.5,8179.5,8212.0,8133.7998046875,8210.099609375,118300,-0.07696016073948098,-0.0007698979027411989
2017-01-03,8192.25,8192.25,8219.099609375,8148.60009765625,8196.0498046875,127300,0.15587749862460143,0.0015575613575361691
2017-01-04,8190.5,8190.5,8218.5,8180.89990234375,8202.650390625,132400,-0.021361652781592966,-0.00021363934707617968
2017-01-05,8273.7998046875,8273.7998046875,8282.650390625,8223.7001953125,8226.650390625,159100,1.017029542610337,0.01011892597298775
2017-01-06,8243.7998046875,8243.7998046875,8306.849609375,8233.25,8281.849609375,139400,-0.36259035398709116,-0.0036324930615801707
2017-01-09,8236.0498046875,8236.0498046875,8263.0,8227.75,8259.349609375,99100,-0.09401004613908137,-0.0009405426329750955
2017-01-10,8288.599609375,8288.599609375,8293.7998046875,8261.0,8262.7001953125,142900,0.6380462228092743,0.006360193250249055
2017-01-11,8380.650390625,8380.650390625,8389.0,8322.25,8327.7998046875,186500,1.110570972035907,0.011044494137506545
2017-01-12,8407.2001953125,8407.2001953125,8417.2001953125,8382.2998046875,8391.0498046875,172600,0.3167988574872327,0.0031629810720875113
2017-01-13,8400.349609375,8400.349609375,8461.0498046875,8373.150390625,8457.650390625,185300,-0.08148474852923693,-0.0008151796539613075
2017-01-16,8412.7998046875,8412.7998046875,8426.7001953125,8374.400390625,8390.9501953125,124100,0.14821044232022906,0.0014810071904502009
2017-01-17,8398.0,8398.0,8440.900390625,8378.2998046875,8415.0498046875,122000,-0.17592008642893786,-0.001760750075312027
2017-01-18,8417.0,8417.0,8460.2998046875,8397.400390625,8403.849609375,163800,0.2262443438914019,0.002259887967437504
2017-01-19,8435.099609375,8435.099609375,8445.150390625,8404.0498046875,8418.400390625,165900,0.21503634757038537,0.0021480547533008396
2017-01-20,8349.349609375,8349.349609375,8423.650390625,8340.9501953125,8404.349609375,202600,-1.0165855054597661,-0.010217880246458876
2017-01-23,8391.5,8391.5,8404.150390625,8327.2001953125,8329.599609375,195000,0.5048344194100052,0.005035644029815811
2017-01-24,8475.7998046875,8475.7998046875,8480.9501953125,8398.150390625,8407.0498046875,179200,1.0045856484240057,0.009995732282151228
2017-01-25,8602.75,8602.75,8612.599609375,8493.9501953125,8499.4501953125,292500,1.4977960574563243,0.014866898538362306
2017-01-27,8641.25,8641.25,8672.7001953125,8606.900390625,8610.5,275400,0.44753131266164203,0.004465328690727306
2017-01-30,8632.75,8632.75,8662.599609375,8617.75,8635.5498046875,304700,-0.09836539852451365,-0.0009841380903137704
2017-01-31,8561.2998046875,8561.2998046875,8631.75,8552.400390625,8629.4501953125,521000,-0.8276643631809133,-0.008311085218864388
2017-02-01,8716.400390625,8716.400390625,8722.400390625,8537.5,8570.349609375,327700,1.811647640847469,0.017954328487415367
2017-02-02,8734.25,8734.25,8757.599609375,8685.7998046875,8724.75,283500,0.2047818890261066,0.002045724967320079
2017-02-03,8740.9501953125,8740.9501953125,8748.25,8707.75,8735.150390625,191000,0.07671174184962215,0.0007668233343177947
2017-02-06,8801.0498046875,8801.0498046875,8814.099609375,8770.2001953125,8785.4501953125,194400,0.6875638006406781,0.006852108598963618
2017-02-07,8768.2998046875,8768.2998046875,8809.2998046875,8741.0498046875,8805.7001953125,226300,-0.37211469911869743,-0.003728087682222944
2017-02-08,8769.0498046875,8769.0498046875,8791.25,8715.0,8774.5498046875,218700,0.00855353964515082,8.553173850807276e-05
2017-02-09,8778.400390625,8778.400390625,8821.400390625,8724.099609375,8795.5498046875,187500,0.10663168924529565,0.0010657487804178315
2017-02-10,8793.5498046875,8793.5498046875,8822.099609375,8771.2001953125,8812.349609375,225900,0.17257602055471555,0.0017242727924366554
2017-02-13,8805.0498046875,8805.0498046875,8826.900390625,8754.2001953125,8819.7998046875,204900,0.1307776751758416,0.0013069223565665177
2017-02-14,8792.2998046875,8792.2998046875,8820.4501953125,8772.5,8819.900390625,188300,-0.14480326951941125,-0.0014490821077153884
2017-02-15,8724.7001953125,8724.7001953125,8807.900390625,8712.849609375,8778.9501953125,216100,-0.7688501401983627,-0.007718210304816345
2017-02-16,8778.0,8778.0,8783.9501953125,8719.599609375,8739.0,184600,0.6109070053333943,0.006090485336691579
2017-02-17,8821.7001953125,8821.7001953125,8896.4501953125,8804.25,8883.7001953125,298300,0.4978377228582742,0.004966026084143879
2017-02-20,8879.2001953125,8879.2001953125,8886.25,8809.7998046875,8818.5498046875,167800,0.6518017924770803,0.006496867502078924
2017-02-21,8907.849609375,8907.849609375,8920.7998046875,8860.9501953125,8890.75,175700,0.3226575978951818,0.0032213817527225
2017-02-22,8926.900390625,8926.900390625,8960.75,8905.25,8931.599609375,247100,0.21386509747480797,0.0021363673161383717
2017-02-23,8939.5,8939.5,8982.150390625,8927.5498046875,8956.400390625,377200,0.14114204061503877,0.0014104252886116898
2017-02-27,8896.7001953125,8896.7001953125,8951.7998046875,8888.650390625,8943.7001953125,189900,-0.47877179582190843,-0.00479921579345047
2017-02-28,8879.599609375,8879.599609375,8914.75,8867.599609375,8898.9501953125,293600,-0.19221268068030373,-0.0019239764630964217
2017-03-01,8945.7998046875,8945.7998046875,8960.7998046875,8898.599609375,8904.400390625,205900,0.7455313102474381,0.007427659614302356
2017-03-02,8899.75,8899.75,8992.5,8879.7998046875,8982.849609375,218800,-0.5147645341154417,-0.005160940111567701
2017-03-03,8897.5498046875,8897.5498046875,8907.099609375,8860.099609375,8883.5,202600,-0.02472199008398679,-0.0002472504647169898
2017-03-06,8963.4501953125,8963.4501953125,8967.7998046875,8914.0,8915.099609375,174800,0.740657732427441,0.00737928331770254
2017-03-07,8946.900390625,8946.900390625,8977.849609375,8932.7998046875,8977.75,173400,-0.18463654426456033,-0.0018480720763560477
2017-03-08,8924.2998046875,8924.2998046875,8957.0498046875,8891.9501953125,8950.7001953125,177800,-0.25260799775062015,-0.0025292759007722594
2017-03-09,8927.0,8927.0,8945.7998046875,8899.5,8914.5,171500,0.030256662949423863,0.0003025208654424808
2017-03-10,8934.5498046875,8934.5498046875,8975.7001953125,8903.9501953125,8953.7001953125,152700,0.08457269729471584,0.0008453695473995277
2017-03-14,9087.0,9087.0,9122.75,9060.5,9091.650390625,270300,1.7062996865551794,0.016919058968585234
2017-03-15,9084.7998046875,9084.7998046875,9106.5498046875,9075.5,9086.849609375,240600,-0.02421255983823256,-0.00024215491551740303
2017-03-16,9153.7001953125,9153.7001953125,9158.4501953125,9128.5498046875,9129.650390625,208600,0.7584139673551205,0.0075555246752815495
2017-03-17,9160.0498046875,9160.0498046875,9218.400390625,9147.599609375,9207.7998046875,286700,0.06936658662091144,0.000693425391241901
2017-03-20,9126.849609375,9126.849609375,9167.599609375,9116.2998046875,9166.9501953125,332100,-0.36244557639315556,-0.0036310400180971465
2017-03-21,9121.5,9121.5,9147.75,9087.2001953125,9133.9501953125,247700,-0.05861397529225432,-0.0005863115999817308
2017-03-22,9030.4501953125,9030.4501953125,9072.900390625,9019.2998046875,9047.2001953125,232300,-0.9981889457600146,-0.010032042543653485
2017-03-23,9086.2998046875,9086.2998046875,9099.0498046875,9048.599609375,9048.75,191800,0.6184587497530369,0.006165541424006181
2017-03-24,9108.0,9108.0,9133.5498046875,9089.400390625,9104.0,203700,0.2388232369495924,0.0023853850750034113
2017-03-27,9045.2001953125,9045.2001953125,9094.849609375,9024.650390625,9093.4501953125,202700,-0.6895015885759803,-0.006918896341847197
2017-03-28,9100.7998046875,9100.7998046875,9110.400390625,9079.7998046875,9081.5,183300,0.6146863328001739,0.006128048426003716
2017-03-29,9143.7998046875,9143.7998046875,9153.150390625,9109.099609375,9128.7001953125,243400,0.4724859454424246,0.004713732341589461
2017-03-30,9173.75,9173.75,9183.150390625,9136.349609375,9142.599609375,323400,0.3275464899958447,0.0032701122498964663
2017-03-31,9173.75,9173.75,9191.7001953125,9152.099609375,9158.900390625,190900,0.0,0.0
2017-04-03,9237.849609375,9237.849609375,9245.349609375,9192.400390625,9220.599609375,139100,0.6987285393105225,0.006962987433382358
2017-04-05,9265.150390625,9265.150390625,9273.900390625,9215.400390625,9264.400390625,184800,0.2955317785461098,0.0029509594186491106
2017-04-06,9261.9501953125,9261.9501953125,9267.9501953125,9218.849609375,9245.7998046875,186100,-0.034540133484917135,-0.00034546099962948787
2017-04-07,9198.2998046875,9198.2998046875,9250.5,9188.099609375,9223.7001953125,190000,-0.6872244968150865,-0.006895967591191596
2017-04-10,9181.4501953125,9181.4501953125,9225.650390625,9174.849609375,9225.599609375,135800,-0.18318178068531532,-0.001833497636833679
2017-04-11,9237.0,9237.0,9242.7001953125,9172.849609375,9184.5498046875,200100,0.6050221207523521,0.006031992108960761
2017-04-12,9203.4501953125,9203.4501953125,9246.400390625,9161.7998046875,9242.5,161800,-0.3632110499891761,-0.0036387226287440087
2017-04-13,9150.7998046875,9150.7998046875,9202.650390625,9144.9501953125,9202.5,166500,-0.5720723153564311,-0.005737149166000338
2017-04-17,9139.2998046875,9139.2998046875,9160.0,9120.25,9144.75,0,-0.12567207506942735,-0.0012575110864404995
2017-04-18,9105.150390625,9105.150390625,9217.900390625,9095.4501953125,9163.0,174200,-0.3736545992832463,-0.003743544319295666
2017-04-19,9103.5,9103.5,9120.5,9075.150390625,9112.2001953125,173700,-0.018125901870869043,-0.00018127544810997014
2017-04-20,9136.400390625,9136.400390625,9143.900390625,9102.650390625,9108.099609375,170300,0.3614037526775471,0.00360752258526342
2017-04-21,9119.400390625,9119.400390625,9183.650390625,9088.75,9179.099609375,155200,-0.18606890321317682,-0.0018624222643066866
2017-04-24,9217.9501953125,9217.9501953125,9225.400390625,9130.5498046875,9135.349609375,167700,1.080661013511497,0.010748636018943606
2017-04-25,9306.599609375,9306.599609375,9309.2001953125,9250.349609375,9273.0498046875,168700,0.961704198701141,0.009571092601938416
2017-04-26,9351.849609375,9351.849609375,9367.0,9301.349609375,9336.2001953125,185700,0.48621410503593143,0.00485035901773151
2017-04-27,9342.150390625,9342.150390625,9367.150390625,9322.650390625,9359.150390625,209400,-0.1037144431864756,-0.001037682638315093
2017-04-28,9304.0498046875,9304.0498046875,9342.650390625,9282.25,9340.9501953125,162200,-0.40783528785550693,-0.004086692040742791
2017-05-02,9313.7998046875,9313.7998046875,9352.5498046875,9269.900390625,9339.849609375,161600,0.10479307618374012,0.0010473820656935206
2017-05-03,9311.9501953125,9311.9501953125,9346.2998046875,9298.400390625,9344.7001953125,151600,-0.019858805361794296,-0.00019860777483643832
2017-05-04,9359.900390625,9359.900390625,9365.650390625,9323.25,9360.9501953125,269600,0.5149318274558334,0.005136105872378302
2017-05-05,9285.2998046875,9285.2998046875,9377.099609375,9272.0,9374.5498046875,231900,-0.7970232889681239,-0.008002164979810267
2017-05-08,9314.0498046875,9314.0498046875,9338.7001953125,9297.9501953125,9311.4501953125,174300,0.30962920535411165,0.0030915084131222883
2017-05-09,9316.849609375,9316.849609375,9338.9501953125,9307.7001953125,9337.349609375,132300,0.030060014131461088,0.0003005549701442118
2017-05-10,9407.2998046875,9407.2998046875,9414.75,9336.0,9339.650390625,152700,0.9708238203339103,0.009661416055306064
2017-05-11,9422.400390625,9422.400390625,9450.650390625,9411.2998046875,9448.599609375,171100,0.16051987553300506,0.0016039118008357616
2017-05-12,9400.900390625,9400.900390625,9437.75,9372.5498046875,9436.650390625,154300,-0.2281796475279485,-0.0022844037397764944
2017-05-15,9445.400390625,9445.400390625,9449.25,9423.099609375,9433.5498046875,140800,0.4733589140501593,0.004722420937348687
2017-05-16,9512.25,9512.25,9517.2001953125,9456.349609375,9461.0,166500,0.7077477566896029,0.007052549770711115
2017-05-17,9525.75,9525.75,9532.599609375,9486.099609375,9517.599609375,205500,0.14192225814082526,0.0014182164368899746
2017-05-18,9429.4501953125,9429.4501953125,9489.099609375,9418.099609375,9453.2001953125,193300,-1.0109419697924005,-0.01016086690923151
2017-05-19,9427.900390625,9427.900390625,9505.75,9390.75,9469.900390625,252100,-0.01643579058586697,-0.00016437141409942322
2017-05-22,9438.25,9438.25,9498.650390625,9427.900390625,9480.25,196800,0.10977639714238041,0.0010971618691591547
2017-05-23,9386.150390625,9386.150390625,9448.0498046875,9370.0,9445.0498046875,224400,-0.552004973114717,-0.005535341505865151
2017-05-24,9360.5498046875,9360.5498046875,9431.900390625,9341.650390625,9410.900390625,211800,-0.27274851639997877,-0.002731211528938736
2017-05-25,9509.75,9509.75,9523.2998046875,9379.2001953125,9384.0498046875,289200,1.5939255537936958,0.01581355951256376
2017-05-26,9595.099609375,9595.099609375,9604.900390625,9495.400390625,9507.75,218800,0.8974958266515953,0.008934922695320598
2017-05-29,9604.900390625,9604.900390625,9637.75,9547.7001953125,9560.0498046875,235000,0.102143611312,0.001020914802213731
2017-05-30,9624.5498046875,9624.5498046875,9635.2998046875,9581.2001953125,9590.650390625,193900,0.20457696866569286,0.0020436799494468433
2017-05-31,9621.25,9621.25,9649.599609375,9609.25,9636.5498046875,414300,-0.03428528870922376,-0.0003429116745806887
2017-06-01,9616.099609375,9616.099609375,9634.650390625,9589.900390625,9603.5498046875,176100,-0.05353140834091219,-0.0005354574151470177
2017-06-02,9653.5,9653.5,9673.5,9637.4501953125,9657.150390625,162200,0.388935141525959,0.003881807442491232
2017-06-05,9675.099609375,9675.099609375,9687.2001953125,9640.7001953125,9656.2998046875,127700,0.2237489964779682,0.00223499051174814
2017-06-06,9637.150390625,9637.150390625,9709.2998046875,9630.2001953125,9704.25,145900,-0.3922359487981697,-0.003930072114359614
2017-06-07,9663.900390625,9663.900390625,9678.5498046875,9630.5498046875,9663.9501953125,160700,0.2775716774745085,0.002771871586730097
2017-06-08,9647.25,9647.25,9688.7001953125,9641.5,9682.400390625,155400,-0.17229472523487832,-0.0017244332330555142
2017-06-09,9668.25,9668.25,9676.25,9608.150390625,9638.5498046875,159000,0.21767861307626646,0.0021744203643893584
2017-06-12,9616.400390625,9616.400390625,9647.0498046875,9598.5,9646.7001953125,141400,-0.5362874292141773,-0.005377306123000276
2017-06-13,9606.900390625,9606.900390625,9654.150390625,9595.400390625,9615.5498046875,129700,-0.09878956380873216,-0.0009883839285963953
2017-06-14,9618.150390625,9618.150390625,9627.400390625,9580.4501953125,9621.5498046875,181800,0.11710332721861505,0.001170348147540874
2017-06-15,9578.0498046875,9578.0498046875,9621.400390625,9560.7998046875,9617.900390625,171100,-0.41692616884621003,-0.00417797729350316
2017-06-16,9588.0498046875,9588.0498046875,9615.849609375,9565.5,9595.4501953125,213200,0.10440538735876359,0.0010435092284018055
2017-06-19,9657.5498046875,9657.5498046875,9673.2998046875,9614.900390625,9626.400390625,141700,0.7248606485755094,0.0072224616043765726
2017-06-20,9653.5,9653.5,9676.5,9643.75,9670.5,159500,-0.04193408027297618,-0.00041942875067181194
2017-06-21,9633.599609375,9633.599609375,9650.4501953125,9608.599609375,9648.099609375,144000,-0.20614689620345183,-0.0020635967138743832
2017-06-22,9630.0,9630.0,9698.849609375,9617.75,9642.650390625,198800,-0.037365154469337636,-0.00037372136982585634
2017-06-23,9574.9501953125,9574.9501953125,9647.650390625,9565.2998046875,9643.25,175200,-0.5716490621754944,-0.005732892290795095
2017-06-27,9511.400390625,9511.400390625,9615.400390625,9473.4501953125,9594.0498046875,203300,-0.6637089842891464,-0.006659213268124637
2017-06-28,9491.25,9491.25,9522.5,9474.349609375,9520.2001953125,172400,-0.21185514012070916,-0.002120798705808072
2017-06-29,9504.099609375,9504.099609375,9575.7998046875,9493.7998046875,9522.9501953125,259300,0.13538374160411148,0.001352921804466218
2017-06-30,9520.900390625,9520.900390625,9535.7998046875,9448.75,9478.5,179600,0.17677404426008625,0.0017661798283679123
2017-07-03,9615.0,9615.0,9624.0,9543.5498046875,9587.9501953125,183000,0.9883477981521338,0.00983495586260243
2017-07-04,9613.2998046875,9613.2998046875,9650.650390625,9595.5,9645.900390625,144800,-0.0176827385595435,-0.00017684302140083614
2017-07-05,9637.599609375,9637.599609375,9643.650390625,9607.349609375,9619.75,130800,0.25277277502206985,0.0025245384198064923
2017-07-06,9674.5498046875,9674.5498046875,9700.7001953125,9639.9501953125,9653.599609375,147400,0.3833962481337938,0.00382663157881288
2017-07-07,9665.7998046875,9665.7998046875,9684.25,9642.650390625,9670.349609375,141800,-0.09044348498532528,-0.000904844097829429
2017-07-10,9771.0498046875,9771.0498046875,9782.150390625,9646.4501953125,9719.2998046875,37500,1.0888907501369838,0.010830050223587575
2017-07-11,9786.0498046875,9786.0498046875,9830.0498046875,9778.849609375,9797.4501953125,179700,0.1535147225716127,0.0015339700917757582
2017-07-12,9816.099609375,9816.099609375,9824.9501953125,9787.7001953125,9807.2998046875,145500,0.3070677677637246,0.003065972775967725
2017-07-13,9891.7001953125,9891.7001953125,9897.25,9853.4501953125,9855.7998046875,181300,0.7701693029408263,0.0076721863955028615
2017-07-14,9886.349609375,9886.349609375,9913.2998046875,9845.4501953125,9913.2998046875,159600,-0.05409167111671831,-0.0005410630593885717
2017-07-17,9915.9501953125,9915.9501953125,9928.2001953125,9894.7001953125,9908.150390625,163500,0.29940865038224906,0.0029896131536668747
2017-07-18,9827.150390625,9827.150390625,9885.349609375,9792.0498046875,9832.7001953125,293900,-0.8955249163058343,-0.008995588419495522
2017-07-19,9899.599609375,9899.599609375,9905.0498046875,9851.650390625,9855.9501953125,200200,0.7372352703497453,0.007345309743460549
2017-07-20,9873.2998046875,9873.2998046875,9922.5498046875,9863.4501953125,9920.2001953125,161100,-0.2656653372384299,-0.002660188538483533
2017-07-21,9915.25,9915.25,9924.7001953125,9838.0,9899.599609375,187500,0.42488525763781926,0.004239851688892752
2017-07-24,9966.400390625,9966.400390625,9982.0498046875,9919.599609375,9936.7998046875,174500,0.5158759549683589,0.005145498736317388
2017-07-25,9964.5498046875,9964.5498046875,10011.2998046875,9949.099609375,10010.5498046875,185500,-0.018568247962835738,-0.00018569972075426088
2017-07-26,10020.650390625,10020.650390625,10025.9501953125,9965.9501953125,9983.650390625,197600,0.5630017114381713,0.005614227803035337
2017-07-27,10020.5498046875,10020.5498046875,10114.849609375,10005.5,10063.25,287900,-0.0010037865166290239,-1.0037915545995924e-05
2017-07-28,10014.5,10014.5,10026.0498046875,9944.5,9996.5498046875,191600,-0.06037397952625145,-0.0006039221195206731
2017-07-31,10077.099609375,10077.099609375,10085.900390625,10016.9501953125,10034.7001953125,237700,0.6250897136651945,0.006231441314613235
2017-08-01,10114.650390625,10114.650390625,10128.599609375,10065.75,10101.0498046875,184300,0.37263481265050746,0.003719422490879323
2017-08-02,10081.5,10081.5,10137.849609375,10054.2001953125,10136.2998046875,161500,-0.32774628232060676,-0.0032828454686495033
2017-08-03,10013.650390625,10013.650390625,10081.150390625,9998.25,10081.150390625,192700,-0.6730110536626532,-0.006752859858295522
2017-08-04,10066.400390625,10066.400390625,10075.25,9988.349609375,10008.599609375,178600,0.5267809234621001,0.005253982862758577
2017-08-07,10057.400390625,10057.400390625,10088.099609375,10046.349609375,10074.7998046875,137400,-0.0894063384204502,-0.0008944632972548343
2017-08-08,9978.5498046875,9978.5498046875,10083.7998046875,9947.0,10068.349609375,203300,-0.7840056363968673,-0.007870951189924851
2017-08-09,9908.0498046875,9908.0498046875,9969.7998046875,9893.0498046875,9961.150390625,169200,-0.7065154895241621,-0.007090231284273741
2017-08-10,9820.25,9820.25,9892.650390625,9776.2001953125,9872.849609375,235500,-0.8861461782919355,-0.008900958038211523
2017-08-11,9710.7998046875,9710.7998046875,9771.650390625,9685.5498046875,9712.150390625,285900,-1.1145357329243155,-0.01120793220489222
2017-08-14,9794.150390625,9794.150390625,9818.2998046875,9752.099609375,9755.75,195600,0.8583287433983067,0.008546660459731773
2017-08-16,9897.2998046875,9897.2998046875,9903.9501953125,9773.849609375,9825.849609375,219500,1.0531736796816515,0.010476664391422662
2017-08-17,9904.150390625,9904.150390625,9947.7998046875,9883.75,9945.5498046875,197600,0.06921671640436333,0.0006919277268328227
2017-08-18,9837.400390625,9837.400390625,9865.9501953125,9783.650390625,9865.9501953125,246300,-0.6739598791147605,-0.006762412448120804
2017-08-21,9754.349609375,9754.349609375,9884.349609375,9740.099609375,9864.25,205300,-0.8442350412935062,-0.008478188903126932
2017-08-22,9765.5498046875,9765.5498046875,9828.4501953125,9752.599609375,9815.75,183600,0.11482257414410224,0.0011475670344457027
2017-08-23,9852.5,9852.5,9857.900390625,9786.75,9803.0498046875,168600,0.8903768559017866,0.008864363739937172
2017-08-24,9857.0498046875,9857.0498046875,9881.5,9848.849609375,9881.2001953125,184700,0.04617918992642078,0.0004616853061997081
2017-08-28,9912.7998046875,9912.7998046875,9925.75,9882.0,9907.150390625,159600,0.5655850493267112,0.005639916223863896
2017-08-29,9796.0498046875,9796.0498046875,9887.349609375,9783.75,9886.400390625,173300,-1.1777701789638884,-0.011847608353940924
2017-08-30,9884.400390625,9884.400390625,9909.4501953125,9850.7998046875,9859.5,157800,0.9019001301445284,0.0089785730092648
2017-08-31,9917.900390625,9917.900390625,9925.099609375,9856.9501953125,9905.7001953125,327700,0.33891787742403867,0.0033834484516002566
2017-09-01,9974.400390625,9974.400390625,9983.4501953125,9909.849609375,9937.650390625,157800,0.569677026131532,0.005680605029627355
2017-09-04,9912.849609375,9912.849609375,9988.400390625,9861.0,9984.150390625,148800,-0.6170875324781666,-0.006189993868598528
2017-09-05,9952.2001953125,9952.2001953125,9963.099609375,9901.0498046875,9933.25,139200,0.39696542859164463,0.003961795997934277
2017-09-06,9916.2001953125,9916.2001953125,9931.5498046875,9882.5498046875,9899.25,149200,-0.36172905783141696,-0.0036238487939692175
2017-09-07,9929.900390625,9929.900390625,9964.849609375,9917.2001953125,9945.849609375,188800,0.13815972895521167,0.001380643762176384
2017-09-08,9934.7998046875,9934.7998046875,9963.599609375,9913.2998046875,9958.650390625,163600,0.049340012183063386,0.0004932784400140928
2017-09-11,10006.0498046875,10006.0498046875,10028.650390625,9968.7998046875,9971.75,173000,0.7171760015373785,0.007146165244692658
2017-09-12,10093.0498046875,10093.0498046875,10097.5498046875,10028.0498046875,10056.849609375,182600,0.8694739852208588,0.008657158285843384
2017-09-13,10079.2998046875,10079.2998046875,10131.9501953125,10063.150390625,10099.25,215000,-0.13623236054590704,-0.0013632524119145414
2017-09-14,10086.599609375,10086.599609375,10126.5,10070.349609375,10107.400390625,225600,0.07242372812548137,0.0007239751479918529
2017-09-15,10085.400390625,10085.400390625,10115.150390625,10043.650390625,10062.349609375,266600,-0.011889227256378643,-0.0001188993408102696
2017-09-18,10153.099609375,10153.099609375,10171.7001953125,10131.2998046875,10133.099609375,156100,0.6712596042585561,0.006690166885736892
2017-09-19,10147.5498046875,10147.5498046875,10178.9501953125,10129.9501953125,10175.599609375,187500,-0.05466118624873895,-0.0005467613092135457
2017-09-20,10141.150390625,10141.150390625,10171.0498046875,10134.2001953125,10160.9501953125,199400,-0.06306363787978997,-0.000630835313560427
2017-09-21,10121.900390625,10121.900390625,10158.900390625,10058.599609375,10139.599609375,191800,-0.18982067377479872,-0.001900010615274047
2017-09-22,9964.400390625,9964.400390625,10095.0498046875,9952.7998046875,10094.349609375,226600,-1.556031910231781,-0.01568265154818977
2017-09-25,9872.599609375,9872.599609375,9960.5,9816.0498046875,9960.099609375,221400,-0.9212875602266135,-0.009255576609087487
2017-09-26,9871.5,9871.5,9891.349609375,9813.0,9875.25,190900,-0.011137992205778602,-0.00011138612526191736
2017-09-27,9735.75,9735.75,9921.0498046875,9714.400390625,9920.599609375,200100,-1.375170946664639,-0.013847140123069935
2017-09-28,9768.9501953125,9768.9501953125,9789.2001953125,9687.5498046875,9736.400390625,385000,0.3410132276660871,0.0034043309606841105
2017-09-29,9788.599609375,9788.599609375,9854.0,9775.349609375,9814.2998046875,196300,0.2011415113154058,0.0020093949262780385
2017-10-03,9859.5,9859.5,9895.400390625,9831.0498046875,9893.2998046875,162800,0.7243159742390093,0.00721705404356513
2017-10-04,9914.900390625,9914.900390625,9938.2998046875,9850.650390625,9884.349609375,156200,0.5618985813175215,0.005603258200374948
2017-10-05,9888.7001953125,9888.7001953125,9945.9501953125,9881.849609375,9927.0,147800,-0.26425071639926134,-0.0026460047490028745
2017-10-06,9979.7001953125,9979.7001953125,9989.349609375,9906.599609375,9908.150390625,195800,0.9202422785872022,0.009160338481321154
2017-10-09,9988.75,9988.75,10015.75,9959.4501953125,9988.2001953125,143900,0.09068212982741297,0.0009064103842389305
2017-10-10,10016.9501953125,10016.9501953125,10034.0,10002.2998046875,10013.7001953125,148600,0.28231956263296,0.0028192178944088774
2017-10-11,9984.7998046875,9984.7998046875,10067.25,9955.7998046875,10042.599609375,189700,-0.32095987299651796,-0.00321476053982032
2017-10-12,10096.400390625,10096.400390625,10104.4501953125,9977.099609375,10011.2001953125,200900,1.1177047924897598,0.011115046293774924
2017-10-13,10167.4501953125,10167.4501953125,10191.900390625,10120.099609375,10123.7001953125,230100,0.7037142143597297,0.007012497012134821
2017-10-16,10230.849609375,10230.849609375,10242.9501953125,10175.099609375,10207.400390625,203000,0.6235527378509298,0.006216166917771876
2017-10-17,10234.4501953125,10234.4501953125,10251.849609375,10212.599609375,10227.650390625,195700,0.035193420634405115,0.0003518722920273383
2017-10-18,10210.849609375,10210.849609375,10236.4501953125,10175.75,10209.400390625,254200,-0.23059945074831445,-0.0023086574073600593
2017-10-19,10146.5498046875,10146.5498046875,10211.9501953125,10123.349609375,10210.349609375,30200,-0.6297204164917303,-0.006317115188263494
2017-10-23,10184.849609375,10184.849609375,10224.150390625,10124.5,10176.650390625,218100,0.377466285828576,0.003767556695072139
2017-10-24,10207.7001953125,10207.7001953125,10237.75,10182.400390625,10218.5498046875,217200,0.22435859942857572,0.002241072913402321
2017-10-25,10295.349609375,10295.349609375,10340.5498046875,10240.900390625,10321.150390625,594200,0.8586597606260904,0.008549942456258083
2017-10-26,10343.7998046875,10343.7998046875,10355.650390625,10271.849609375,10291.7998046875,429700,0.4706027201677676,0.004694988474485417
2017-10-27,10323.0498046875,10323.0498046875,10366.150390625,10311.2998046875,10362.2998046875,312700,-0.2006032637116295,-0.0020080474155119445
2017-10-30,10363.650390625,10363.650390625,10384.5,10344.2998046875,10353.849609375,236900,0.393300300838062,0.003925288971653147
2017-10-31,10335.2998046875,10335.2998046875,10367.7001953125,10323.9501953125,10364.900390625,232600,-0.2735579151063039,-0.0027393276855447964
2017-11-01,10440.5,10440.5,10451.650390625,10383.0498046875,10390.349609375,260300,1.0178727013297362,0.010127272636955603
2017-11-02,10423.7998046875,10423.7998046875,10453.0,10412.5498046875,10440.5,201500,-0.15995589591015769,-0.001600839619376669
2017-11-03,10452.5,10452.5,10461.7001953125,10403.599609375,10461.5498046875,199900,0.27533333189682097,0.002749549839980272
2017-11-06,10451.7998046875,10451.7998046875,10490.4501953125,10413.75,10431.75,193600,-0.006698831021290097,-6.699055402996047e-05
2017-11-07,10350.150390625,10350.150390625,10485.75,10340.7998046875,10477.150390625,286900,-0.9725541625559164,-0.009773143593572503
2017-11-08,10303.150390625,10303.150390625,10384.25,10285.5,10361.9501953125,274500,-0.45409968189999983,-0.004551338464517429
2017-11-09,10308.9501953125,10308.9501953125,10368.4501953125,10266.9501953125,10358.650390625,240200,0.05629156585715833,0.0005627572809849458
2017-11-10,10321.75,10321.75,10344.9501953125,10254.099609375,10304.349609375,279400,0.12416205767800115,0.0012408504033945
2017-11-13,10224.9501953125,10224.9501953125,10334.150390625,10216.25,10322.0,210300,-0.9378235734008311,-0.009422488277922888
2017-11-14,10186.599609375,10186.599609375,10248.0,10175.5498046875,10223.400390625,305000,-0.37506868204679744,-0.003757738283689395
2017-11-15,10118.0498046875,10118.0498046875,10175.4501953125,10094.0,10171.9501953125,207400,-0.672940994209803,-0.0067521545169891405
2017-11-16,10214.75,10214.75,10232.25,10139.2001953125,10152.900390625,182600,0.9557197007243445,0.009511815914835575
2017-11-17,10283.599609375,10283.599609375,10343.599609375,10268.0498046875,10324.5498046875,203300,0.6740214824151325,0.006717601133431633
2017-11-20,10298.75,10298.75,10309.849609375,10261.5,10287.2001953125,147200,0.14732575363192169,0.001472173357154509
2017-11-21,10326.900390625,10326.900390625,10358.7001953125,10315.0498046875,10329.25,186100,0.27333793542905216,0.0027296504663746014
2017-11-22,10342.2998046875,10342.2998046875,10368.7001953125,10309.5498046875,10350.7998046875,157600,0.149119420929833,0.0014900834832817704
2017-11-23,10348.75,10348.75,10374.2998046875,10307.2998046875,10358.4501953125,153000,0.06236712756650942,0.0006234768735595227
2017-11-24,10389.7001953125,10389.7001953125,10404.5,10362.25,10366.7998046875,129200,0.3957018510689636,0.003949210104835523
2017-11-27,10399.5498046875,10399.5498046875,10407.150390625,10340.2001953125,10361.0498046875,141900,0.0948016707878141,0.0009475676238426342
2017-11-28,10370.25,10370.25,10409.5498046875,10355.2001953125,10387.900390625,196000,-0.28174108723719726,-0.0028213872448567432
2017-11-29,10361.2998046875,10361.2998046875,10392.9501953125,10345.900390625,10376.650390625,152500,-0.08630645657047298,-0.0008634372203591307
2017-11-30,10226.5498046875,10226.5498046875,10332.7001953125,10211.25,10332.7001953125,342500,-1.3005125084696312,-0.013090432150481796
2017-12-01,10121.7998046875,10121.7998046875,10272.7001953125,10108.5498046875,10263.7001953125,143400,-1.0242946252702612,-0.010295766224326257
2017-12-04,10127.75,10127.75,10179.2001953125,10095.7001953125,10175.0498046875,148600,0.058785941505634653,0.0005876866933977984
2017-12-05,10118.25,10118.25,10147.9501953125,10069.099609375,10118.25,155500,-0.09380168349337747,-0.000938457048031478
2017-12-06,10044.099609375,10044.099609375,10104.2001953125,10033.349609375,10088.7998046875,166100,-0.7328380957675518,-0.007355365457362713
2017-12-07,10166.7001953125,10166.7001953125,10182.650390625,10061.900390625,10063.4501953125,166200,1.2206229598028528,0.012132334291871919
2017-12-08,10265.650390625,10265.650390625,10270.849609375,10195.25,10198.4501953125,200000,0.9732773998600175,0.009685715646246356
2017-12-11,10322.25,10322.25,10329.2001953125,10282.0498046875,10310.5,147400,0.5513494734507018,0.005498351059959995
2017-12-12,10240.150390625,10240.150390625,10326.099609375,10230.2001953125,10324.900390625,175100,-0.7953654423696332,-0.007985453457626933
2017-12-13,10192.9501953125,10192.9501953125,10296.5498046875,10169.849609375,10236.599609375,181600,-0.4609326378225087,-0.0046199820794001496
2017-12-14,10252.099609375,10252.099609375,10276.099609375,10141.5498046875,10229.2998046875,154300,0.5802972930222028,0.005786200538018408
2017-12-15,10333.25,10333.25,10373.099609375,10319.650390625,10345.650390625,255100,0.7915489872025061,0.007884326721783314
2017-12-18,10388.75,10388.75,10443.5498046875,10074.7998046875,10263.099609375,230400,0.5371011056540809,0.005356638616709943
2017-12-19,10463.2001953125,10463.2001953125,10472.2001953125,10406.0,10414.7998046875,169100,0.7166424768379365,0.007140867974318959
2017-12-20,10444.2001953125,10444.2001953125,10494.4501953125,10437.150390625,10494.400390625,175200,-0.1815888030940238,-0.0018175387542658723
2017-12-21,10440.2998046875,10440.2998046875,10473.9501953125,10426.900390625,10473.9501953125,151900,-0.03734503889297747,-0.00037352013889224483
2017-12-22,10493.0,10493.0,10501.099609375,10448.25,10457.2998046875,138800,0.5047766472073834,0.0050350692095142814
2017-12-26,10531.5,10531.5,10545.4501953125,10477.9501953125,10512.2998046875,155600,0.3669112741827796,0.0036623979675021196
2017-12-27,10490.75,10490.75,10552.400390625,10469.25,10531.0498046875,165200,-0.3869344347908643,-0.0038768496273459364
2017-12-28,10477.900390625,10477.900390625,10534.5498046875,10460.4501953125,10498.2001953125,272900,-0.12248513571480046,-0.0012256021006669842
2017-12-29,10530.7001953125,10530.7001953125,10538.7001953125,10488.650390625,10492.349609375,152000,0.5039158869532878,0.005026504801246669
2018-01-02,10442.2001953125,10442.2001953125,10495.2001953125,10404.650390625,10477.5498046875,153400,-0.8403999578242116,-0.008439512288536271
2018-01-03,10443.2001953125,10443.2001953125,10503.599609375,10429.5498046875,10482.650390625,167300,0.009576525840304662,9.576067320342099e-05
2018-01-04,10504.7998046875,10504.7998046875,10513.0,10441.4501953125,10469.400390625,174900,0.5898537634340117,0.005881209368789884
2018-01-05,10558.849609375,10558.849609375,10566.099609375,10520.099609375,10534.25,180900,0.5145248428569005,0.005132056867763014
2018-01-08,10623.599609375,10623.599609375,10631.2001953125,10588.5498046875,10591.7001953125,169000,0.6132296831134809,0.006113570815585057
2018-01-09,10637.0,10637.0,10659.150390625,10603.599609375,10645.099609375,205000,0.12613794869653638,0.001260584616212523
2018-01-10,10632.2001953125,10632.2001953125,10655.5,10592.7001953125,10652.0498046875,176400,-0.04512366915013777,-0.0004513385294137436
2018-01-11,10651.2001953125,10651.2001953125,10664.599609375,10612.349609375,10637.0498046875,153800,0.17870242895141608,0.0017854294613236375
2018-01-12,10681.25,10681.25,10690.400390625,10597.099609375,10682.5498046875,175200,0.282125996474325,0.0028172876803263624
2018-01-15,10741.5498046875,10741.5498046875,10782.650390625,10713.7998046875,10718.5,175900,0.5645388385020489,0.005629512900836509
2018-01-16,10700.4501953125,10700.4501953125,10762.349609375,10687.849609375,10761.5,211000,-0.3826227138756466,-0.00383356587156863
2018-01-17,10788.5498046875,10788.5498046875,10803.0,10666.75,10702.4501953125,252700,0.8233261943837888,0.00819955353642979
2018-01-18,10817.0,10817.0,10887.5,10782.400390625,10873.400390625,312000,0.2637073177355065,0.002633602200690908
2018-01-19,10894.7001953125,10894.7001953125,10906.849609375,10793.900390625,10829.2001953125,207600,0.7183155709762357,0.007157479729840962
2018-01-22,10966.2001953125,10966.2001953125,10975.099609375,10881.400390625,10883.2001953125,231600,0.6562824007838586,0.006541382438729125
2018-01-23,11083.7001953125,11083.7001953125,11092.900390625,10994.5498046875,10997.400390625,284600,1.0714741469905364,0.010657745398174344
2018-01-24,11086.0,11086.0,11110.099609375,11046.150390625,11069.349609375,283400,0.020749430668232094,0.000207472782716017
2018-01-25,11069.650390625,11069.650390625,11095.599609375,11009.2001953125,11095.599609375,330300,-0.1474797886974577,-0.0014758864718050037
2018-01-29,11130.400390625,11130.400390625,11171.5498046875,11075.9501953125,11079.349609375,241700,0.5487978197707966,0.00547297411504586
2018-01-30,11049.650390625,11049.650390625,11121.099609375,11033.900390625,11120.849609375,228000,-0.7254905229466369,-0.007281350035077295
2018-01-31,11027.7001953125,11027.7001953125,11058.5,10979.2998046875,11018.7998046875,245900,-0.1986505865481769,-0.0019884815852113905
2018-02-01,11016.900390625,11016.900390625,11117.349609375,10878.7998046875,11044.5498046875,306200,-0.0979334267002474,-0.000979814128127614
2018-02-02,10760.599609375,10760.599609375,10954.9501953125,10736.099609375,10938.2001953125,282700,-2.326432772943132,-0.023539213933076866
2018-02-05,10666.5498046875,10666.5498046875,10702.75,10586.7998046875,10604.2998046875,240100,-0.8740201113473289,-0.00877862069830589
2018-02-06,10498.25,10498.25,10594.150390625,10276.2998046875,10295.150390625,266500,-1.5778279553294694,-0.01590408165467595
2018-02-07,10476.7001953125,10476.7001953125,10614.0,10446.400390625,10607.2001953125,250400,-0.20527044686019513,-0.0020548141539544224
2018-02-08,10576.849609375,10576.849609375,10637.7998046875,10479.5498046875,10518.5,232200,0.9559251691416026,0.009513851145813865
2018-02-09,10454.9501953125,10454.9501953125,10480.2001953125,10398.2001953125,10416.5,191600,-1.1525115565078292,-0.0115920444485001
2018-02-12,10539.75,10539.75,10555.5,10485.400390625,10518.2001953125,217400,0.8110971654893273,0.008078254517088934
2018-02-14,10500.900390625,10500.900390625,10590.5498046875,10456.650390625,10585.75,229200,-0.3686008622120984,-0.003692818691702758
2018-02-15,10545.5,10545.5,10618.099609375,10511.0498046875,10537.900390625,210600,0.4247217640005241,0.004238223668407977
2018-02-16,10452.2998046875,10452.2998046875,10612.900390625,10434.0498046875,10596.2001953125,184300,-0.883791146104973,-0.008877197442514924
2018-02-19,10378.400390625,10378.400390625,10489.349609375,10302.75,10488.900390625,187300,-0.7070158285103822,-0.007095270288084443
2018-02-20,10360.400390625,10360.400390625,10429.349609375,10347.650390625,10391.0,187700,-0.1734371321447492,-0.0017358770846747271
2018-02-21,10397.4501953125,10397.4501953125,10426.099609375,10349.599609375,10426.0,234100,0.3576097765586983,0.003569718731482044
2018-02-22,10382.7001953125,10382.7001953125,10397.5498046875,10340.650390625,10354.349609375,313600,-0.1418617038112857,-0.0014196242279203768
2018-02-23,10491.0498046875,10491.0498046875,10499.099609375,10396.650390625,10408.099609375,210600,1.0435590678416817,0.010381515779008083
2018-02-26,10582.599609375,10582.599609375,10592.9501953125,10520.2001953125,10526.5498046875,171900,0.8726467454819975,0.008688611908417675
2018-02-27,10554.2998046875,10554.2998046875,10631.650390625,10537.25,10615.2001953125,187500,-0.26741826897078713,-0.002677764703635068
2018-02-28,10492.849609375,10492.849609375,10535.5,10461.5498046875,10488.9501953125,286000,-0.5822290104475547,-0.0058393057141950064
2018-03-01,10458.349609375,10458.349609375,10525.5,10447.150390625,10479.9501953125,176000,-0.32879533476946055,-0.003293370543887722
2018-03-05,10358.849609375,10358.849609375,10428.7001953125,10323.900390625,10428.2998046875,194000,-0.9513929416818057,-0.009559475957881534
2018-03-06,10249.25,10249.25,10441.349609375,10215.900390625,10420.5,222900,-1.0580287725753812,-0.01063665692404489
2018-03-07,10154.2001953125,10154.2001953125,10243.349609375,10141.5498046875,10232.9501953125,249500,-0.9273830249774351,-0.009317099938461516
2018-03-08,10242.650390625,10242.650390625,10270.349609375,10146.400390625,10216.25,226400,0.8710700361544088,0.00867298109371104
2018-03-09,10226.849609375,10226.849609375,10296.7001953125,10211.900390625,10271.2998046875,186500,-0.1542645765246653,-0.0015438368683495453
2018-03-12,10421.400390625,10421.400390625,10433.650390625,10295.4501953125,10301.599609375,216400,1.9023530088059015,0.018844845326350685
2018-03-13,10426.849609375,10426.849609375,10478.599609375,10377.849609375,10389.5,266700,0.052288738036598836,0.000522750722395459
2018-03-14,10410.900390625,10410.900390625,10420.349609375,10336.2998046875,10393.0498046875,181400,-0.1529629691374823,-0.0015308007692338495
2018-03-15,10360.150390625,10360.150390625,10420.0,10346.2001953125,10405.4501953125,173900,-0.4874698450260895,-0.004886618546444992
2018-03-16,10195.150390625,10195.150390625,10346.2998046875,10180.25,10345.150390625,328500,-1.592640973139836,-0.0160545978679463
2018-03-19,10094.25,10094.25,10224.5498046875,10075.2998046875,10215.349609375,210200,-0.9896900659531527,-0.00994620052782473
2018-03-20,10124.349609375,10124.349609375,10155.650390625,10049.099609375,10051.5498046875,203000,0.2981856935879268,0.002977420018466655
2018-03-21,10155.25,10155.25,10227.2998046875,10132.9501953125,10181.9501953125,204800,0.3052086486265315,0.003047438325629427
2018-03-22,10114.75,10114.75,10207.849609375,10105.400390625,10167.5,230500,-0.3988084980675044,-0.003996058598285198
2018-03-23,9998.0498046875,9998.0498046875,10027.7001953125,9951.900390625,9968.7998046875,285700,-1.1537625281148767,-0.011604700101594518
2018-03-26,10130.650390625,10130.650390625,10143.5,9958.5498046875,9989.150390625,262600,1.3262645068574441,0.01317546616079525
2018-03-27,10184.150390625,10184.150390625,10207.900390625,10139.650390625,10188.0,225700,0.5281003483202706,0.005267107884641591
2018-03-28,10113.7001953125,10113.7001953125,10158.349609375,10096.900390625,10143.599609375,344400,-0.6917631084606968,-0.006941668814759831
2018-04-02,10211.7998046875,10211.7998046875,10220.099609375,10127.75,10151.650390625,225400,0.9699675438319622,0.009652935584409928
2018-04-03,10245.0,10245.0,10255.349609375,10171.0498046875,10186.849609375,205300,0.32511600254110373,0.0032458864317621047
2018-04-04,10128.400390625,10128.400390625,10279.849609375,10111.2998046875,10274.599609375,231100,-1.138112341386044,-0.011446384030859532
2018-04-05,10325.150390625,10325.150390625,10331.7998046875,10227.4501953125,10228.4501953125,236800,1.9425574859986305,0.019239306758980577
2018-04-06,10331.599609375,10331.599609375,10350.4501953125,10290.849609375,10322.75,200200,0.06246125727966678,0.0006244175835545499
2018-04-09,10379.349609375,10379.349609375,10397.7001953125,10328.5,10333.7001953125,221600,0.4621743176794313,0.004611095715747583
2018-04-10,10402.25,10402.25,10424.849609375,10381.5,10412.900390625,251700,0.2206341580816895,0.0022039111834326382
2018-04-11,10417.150390625,10417.150390625,10428.150390625,10355.599609375,10428.150390625,250400,0.14324199692374862,0.001431395034394698
2018-04-12,10458.650390625,10458.650390625,10469.900390625,10395.25,10410.650390625,238600,0.3983815001590951,0.0039759006232568585
2018-04-13,10480.599609375,10480.599609375,10519.900390625,10451.4501953125,10495.2998046875,213100,0.2098666456015641,0.002096467331850084
2018-04-16,10528.349609375,10528.349609375,10540.150390625,10396.349609375,10398.2998046875,195000,0.4556037037927396,0.004545689717794212
2018-04-17,10548.7001953125,10548.7001953125,10560.4501953125,10495.650390625,10557.2998046875,206100,0.1932932196645476,0.0019310664870136763
2018-04-18,10526.2001953125,10526.2001953125,10594.2001953125,10509.7001953125,10578.900390625,205400,-0.2132964212026689,-0.0021352422200410556
2018-04-19,10565.2998046875,10565.2998046875,10572.2001953125,10546.2001953125,10563.650390625,262600,0.37145036812440413,0.0037076219486611
2018-04-20,10564.0498046875,10564.0498046875,10582.349609375,10527.4501953125,10560.349609375,244600,-0.011831183431687542,-0.00011831883371402492
2018-04-23,10584.7001953125,10584.7001953125,10638.349609375,10514.9501953125,10592.7998046875,194200,0.19547797489403163,0.0019528716532068399
2018-04-24,10614.349609375,10614.349609375,10636.7998046875,10569.0,10578.099609375,219200,0.28011576629851653,0.002797241731914462
2018-04-25,10570.5498046875,10570.5498046875,10612.599609375,10536.4501953125,10612.400390625,189200,-0.41264708907660097,-0.004135008266019891
2018-04-26,10617.7998046875,10617.7998046875,10628.400390625,10559.650390625,10586.5,335100,0.44699661676110836,0.004460005540255803
2018-04-27,10692.2998046875,10692.2998046875,10719.7998046875,10647.5498046875,10651.650390625,0,0.7016519558704637,0.006992018327494462
2018-04-30,10739.349609375,10739.349609375,10759.0,10704.599609375,10705.75,173800,0.4400344691688707,0.004390691482923282
2018-05-02,10718.0498046875,10718.0498046875,10784.650390625,10689.7998046875,10783.849609375,229700,-0.19833421447520427,-0.0019853115722468315
2018-05-03,10679.650390625,10679.650390625,10720.599609375,10647.4501953125,10720.150390625,185200,-0.3582686660562606,-0.003589119852419833
2018-05-04,10618.25,10618.25,10700.4501953125,10601.599609375,10700.4501953125,186500,-0.5749288448515077,-0.005765879228025447
2018-05-07,10715.5,10715.5,10725.650390625,10635.650390625,10653.150390625,168400,0.915875968262192,0.009117072584576636
2018-05-08,10717.7998046875,10717.7998046875,10758.5498046875,10689.400390625,10757.900390625,269800,0.021462411343375898,0.00021460108497364168
2018-05-09,10741.7001953125,10741.7001953125,10766.25,10689.849609375,10693.349609375,215400,0.22299717349214543,0.002227489038162844
2018-05-10,10716.5498046875,10716.5498046875,10785.5498046875,10705.0,10779.650390625,192100,-0.23413789407356056,-0.002344124254457977
2018-05-11,10806.5,10806.5,10812.0498046875,10724.4501953125,10741.9501953125,203100,0.839357787271755,0.008358547680564028
2018-05-14,10806.599609375,10806.599609375,10834.849609375,10774.75,10815.150390625,171400,0.0009217542682682378,9.217500201396874e-06
2018-05-15,10801.849609375,10801.849609375,10929.2001953125,10781.400390625,10812.599609375,254300,-0.04395462191344457,-0.00043964284789006357
2018-05-16,10741.099609375,10741.099609375,10790.4501953125,10699.7001953125,10751.9501953125,231100,-0.5624036826737067,-0.005639911268794516
2018-05-17,10682.7001953125,10682.7001953125,10777.25,10664.5,10775.599609375,214100,-0.5437005165795927,-0.005451839472282671
2018-05-18,10596.400390625,10596.400390625,10674.9501953125,10589.099609375,10671.849609375,223000,-0.8078463600931896,-0.008111271197454395
2018-05-21,10516.7001953125,10516.7001953125,10621.7001953125,10505.7998046875,10616.7001953125,0,-0.7521440524559053,-0.007549869197766206
2018-05-22,10536.7001953125,10536.7001953125,10558.599609375,10490.5498046875,10518.4501953125,241700,0.19017372016476575,0.0018999311888009693
2018-05-23,10430.349609375,10430.349609375,10533.5498046875,10417.7998046875,10521.099609375,290900,-1.0093348388598211,-0.010144631600820039
2018-05-24,10513.849609375,10513.849609375,10535.150390625,10419.7998046875,10464.849609375,297600,0.8005484296034426,0.007973610404251362
2018-05-25,10605.150390625,10605.150390625,10628.0498046875,10524.0,10533.0498046875,260800,0.8683858400313049,0.008646370571623485
2018-05-28,10688.650390625,10688.650390625,10709.7998046875,10640.5498046875,10648.349609375,232600,0.7873532851907061,0.00784269833741265
2018-05-29,10633.2998046875,10633.2998046875,10717.25,10616.099609375,10689.400390625,225800,-0.5178444790938985,-0.005191899405584954
2018-05-30,10614.349609375,10614.349609375,10648.7001953125,10558.4501953125,10579.0,238700,-0.17821556488181178,-0.0017837455774774606
2018-05-31,10736.150390625,10736.150390625,10763.7998046875,10620.400390625,10670.099609375,610300,1.1475105468772284,0.011409765823805856
2018-06-01,10696.2001953125,10696.2001953125,10764.75,10681.5,10738.4501953125,220600,-0.37210912532843476,-0.003728031736138272
2018-06-04,10628.5,10628.5,10770.2998046875,10618.349609375,10765.9501953125,203800,-0.6329368754912523,-0.00634948413268003
2018-06-05,10593.150390625,10593.150390625,10633.150390625,10550.900390625,10630.7001953125,167700,-0.3325926459519235,-0.003331469647161854
2018-06-06,10684.650390625,10684.650390625,10698.349609375,10587.5,10603.4501953125,189900,0.86376570355291,0.00860056590990892
2018-06-07,10768.349609375,10768.349609375,10818.0,10722.599609375,10722.599609375,220900,0.7833594520176401,0.007803071219768874
2018-06-08,10767.650390625,10767.650390625,10779.4501953125,10709.0498046875,10736.400390625,209400,-0.006493276828523076,-6.49348765086917e-05
2018-06-11,10786.9501953125,10786.9501953125,10850.5498046875,10777.0498046875,10781.849609375,211400,0.17923877528847054,0.0017907833428202438
2018-06-12,10842.849609375,10842.849609375,10856.5498046875,10789.400390625,10816.150390625,198300,0.5182133323169635,0.005168752278609608
2018-06-13,10856.7001953125,10856.7001953125,10893.25,10842.650390625,10887.5,213400,0.12773935299743577,0.001276578356983104
2018-06-14,10808.0498046875,10808.0498046875,10833.7001953125,10773.5498046875,10832.900390625,184300,-0.44811397339686865,-0.004491210136474933
2018-06-15,10817.7001953125,10817.7001953125,10834.0,10755.400390625,10808.650390625,305400,0.0892889170515776,0.0008924907821071907
2018-06-18,10799.849609375,10799.849609375,10830.2001953125,10787.349609375,10830.2001953125,196600,-0.165012762557748,-0.0016514905857463397
2018-06-19,10710.4501953125,10710.4501953125,10789.4501953125,10701.2001953125,10789.4501953125,224500,-0.8277838793689818,-0.00831229035595547
2018-06-20,10772.0498046875,10772.0498046875,10781.7998046875,10724.0498046875,10734.650390625,193500,0.5751355755517995,0.005734879851344152
2018-06-21,10741.099609375,10741.099609375,10809.599609375,10725.900390625,10808.4501953125,223600,-0.28731945983977436,-0.002877330145384961
2018-06-22,10821.849609375,10821.849609375,10837.0,10710.4501953125,10742.7001953125,229800,0.7517852262492797,0.00748973404895337
2018-06-25,10762.4501953125,10762.4501953125,10831.0498046875,10753.0498046875,10822.900390625,229600,-0.5488841206131911,-0.0055039602444048865
2018-06-26,10769.150390625,10769.150390625,10805.25,10732.5498046875,10742.7001953125,220000,0.06225529680423669,0.0006223592623338975
2018-06-27,10671.400390625,10671.400390625,10785.5,10652.400390625,10785.5,246000,-0.9076853461448153,-0.009118299083682797
2018-06-28,10589.099609375,10589.099609375,10674.2001953125,10557.7001953125,10660.7998046875,352300,-0.7712275637441368,-0.007742169031781291
2018-06-29,10714.2998046875,10714.2998046875,10723.0498046875,10612.349609375,10612.849609375,242800,1.1823497741172861,0.011754146307527904
2018-07-02,10657.2998046875,10657.2998046875,10736.150390625,10604.650390625,10732.349609375,295400,-0.5319993003655044,-0.005334194556937323
2018-07-03,10699.900390625,10699.900390625,10713.2998046875,10630.25,10668.599609375,202100,0.39973151471972557,0.003989347109783859
2018-07-04,10769.900390625,10769.900390625,10777.150390625,10677.75,10715.0,173900,0.6542116977213297,0.0065208102070441875
2018-07-05,10749.75,10749.75,10786.0498046875,10726.25,10786.0498046875,220500,-0.18709913642785958,-0.0018727438548922296
2018-07-06,10772.650390625,10772.650390625,10816.349609375,10735.0498046875,10744.150390625,0,0.21303184376380013,0.002128052526818883
2018-07-09,10852.900390625,10852.900390625,10860.349609375,10807.150390625,10838.2998046875,183600,0.7449420253147654,0.007421810355794803
2018-07-10,10947.25,10947.25,10956.900390625,10876.650390625,10902.75,197000,0.8693492612951825,0.008655921796766377
2018-07-11,10948.2998046875,10948.2998046875,10976.650390625,10923.0,10956.400390625,222300,0.009589665783638068,9.589206004582807e-05
2018-07-12,11023.2001953125,11023.2001953125,11078.2998046875,10999.650390625,11006.9501953125,248300,0.6841280560560881,0.006817985187144955
2018-07-13,11018.900390625,11018.900390625,11071.349609375,10999.75,11056.900390625,0,-0.03900686380828855,-0.00039014473464332456
2018-07-16,10936.849609375,10936.849609375,11019.5,10926.25,11018.9501953125,210500,-0.744636745421623,-0.007474230051277428
2018-07-17,11008.0498046875,11008.0498046875,11018.5,10925.599609375,10939.650390625,210600,0.6510119262449043,0.006489019959189796
2018-07-18,10980.4501953125,10980.4501953125,11076.2001953125,10956.2998046875,11060.2001953125,225500,-0.2507220612614547,-0.0025103689537061304
2018-07-19,10957.099609375,10957.099609375,11006.5,10935.4501953125,10999.5,215400,-0.21265599790679657,-0.00212882431847883
2018-07-20,11010.2001953125,11010.2001953125,11030.25,10946.2001953125,10963.5,187300,0.484622644956767,0.004834521296150269
2018-07-23,11084.75,11084.75,11093.400390625,11010.9501953125,11019.849609375,229100,0.6770976309698584,0.0067481562013002455
2018-07-24,11134.2998046875,11134.2998046875,11143.400390625,11092.5,11109.0,205800,0.447008770495505,0.004460126536742217
2018-07-25,11132.0,11132.0,11157.150390625,11113.25,11148.400390625,205900,-0.02065513528324292,-0.00020657268750096133
2018-07-26,11167.2998046875,11167.2998046875,11185.849609375,11125.7001953125,11132.9501953125,365400,0.3171020902578148,0.0031660038191820943
2018-07-27,11278.349609375,11278.349609375,11283.400390625,11210.25,11232.75,314600,0.9944194803553685,0.00989507665693427
2018-07-30,11319.5498046875,11319.5498046875,11328.099609375,11261.4501953125,11296.650390625,278800,0.3653034064332594,0.0036463779405013436
2018-07-31,11356.5,11356.5,11366.0,11267.75,11311.0498046875,256500,0.3264281349528497,0.003258965149071806
2018-08-01,11346.2001953125,11346.2001953125,11390.5498046875,11313.5498046875,11359.7998046875,269700,-0.09069523785937283,-0.0009073639087465626
2018-08-02,11244.7001953125,11244.7001953125,11328.900390625,11234.9501953125,11328.900390625,210000,-0.8945726168478219,-0.008985979419681003
2018-08-03,11360.7998046875,11360.7998046875,11368.0,11294.5498046875,11297.7998046875,218300,1.0324829240302646,0.010271892255968624
2018-08-06,11387.099609375,11387.099609375,11427.650390625,11370.599609375,11401.5,203700,0.23149606664707445,0.0023122852731850252
2018-08-07,11389.4501953125,11389.4501953125,11428.9501953125,11359.7001953125,11423.150390625,226400,0.020642534254866618,0.00020640403976921495
2018-08-08,11450.0,11450.0,11459.9501953125,11379.2998046875,11412.5,210500,0.5316306199962151,0.005302224530419492
2018-08-09,11470.7001953125,11470.7001953125,11495.2001953125,11454.099609375,11493.25,302200,0.1807877319869089,0.0018062450766348273
2018-08-10,11429.5,11429.5,11478.75,11419.650390625,11474.9501953125,0,-0.3591776841080363,-0.003598242758917501
2018-08-13,11355.75,11355.75,11406.2998046875,11340.2998046875,11369.599609375,246900,-0.6452600726191027,-0.006473508743511776
2018-08-14,11435.099609375,11435.099609375,11452.4501953125,11370.7998046875,11381.7001953125,232600,0.6987615029830696,0.00696331478277028
2018-08-16,11385.0498046875,11385.0498046875,11449.849609375,11366.25,11397.150390625,290600,-0.4376857779749166,-0.004386464262815843
2018-08-17,11470.75,11470.75,11486.4501953125,11431.7998046875,11437.150390625,234700,0.7527432622843166,0.007499242877784467
2018-08-20,11551.75,11551.75,11565.2998046875,11499.650390625,11502.099609375,232600,0.7061438877143944,0.007036623669863275
2018-08-21,11570.900390625,11570.900390625,11581.75,11539.599609375,11576.2001953125,224200,0.165779129785526,0.001656418678663017
2018-08-23,11582.75,11582.75,11620.7001953125,11546.7001953125,11620.7001953125,248500,0.10240870610727093,0.001023563041648874
2018-08-24,11557.099609375,11557.099609375,11604.599609375,11532.0,11566.599609375,218800,-0.22145337355118366,-0.0022169894415104054
2018-08-27,11691.9501953125,11691.9501953125,11700.9501953125,11595.599609375,11605.849609375,199500,1.1668203138797129,0.011600654595540067
2018-08-28,11738.5,11738.5,11760.2001953125,11710.5,11731.9501953125,241900,0.39813550271674547,0.003973450407027797
2018-08-29,11691.900390625,11691.900390625,11753.2001953125,11678.849609375,11744.9501953125,251600,-0.39698095476423667,-0.003977710157774837
2018-08-30,11676.7998046875,11676.7998046875,11698.7998046875,11639.7001953125,11694.75,313800,-0.12915424723947133,-0.0012923772322029556
2018-08-31,11680.5,11680.5,11727.650390625,11640.099609375,11675.849609375,346500,0.031688436681198695,0.0003168341695652239
2018-09-03,11582.349609375,11582.349609375,11751.7998046875,11567.400390625,11751.7998046875,234400,-0.840292715423141,-0.008438430776075216
2018-09-04,11520.2998046875,11520.2998046875,11602.5498046875,11496.849609375,11598.75,254800,-0.535727264157837,-0.005371674285373425
2018-09-05,11476.9501953125,11476.9501953125,11542.650390625,11393.849609375,11514.849609375,246100,-0.37628889968090995,-0.003769986473883496
2018-09-06,11536.900390625,11536.900390625,11562.25,11436.0498046875,11514.150390625,247900,0.5223530144531363,0.005209934834070753
2018-09-07,11589.099609375,11589.099609375,11603.0,11484.400390625,11558.25,295900,0.45245444601755835,0.0045143394792379185
2018-09-10,11438.099609375,11438.099609375,11573.0,11427.2998046875,11570.25,286700,-1.3029485041085365,-0.013115113390097494
2018-09-11,11287.5,11287.5,11479.400390625,11274.0,11476.849609375,0,-1.3166488710376734,-0.013253935347788789
2018-09-12,11369.900390625,11369.900390625,11380.75,11250.2001953125,11340.099609375,268200,0.7300145348837273,0.007273628261968242
2018-09-14,11515.2001953125,11515.2001953125,11523.25,11430.5498046875,11443.5,276600,1.2779338401883056,0.012698371727607837
2018-09-17,11377.75,11377.75,11464.9501953125,11366.900390625,11464.9501953125,201400,-1.1936413868727347,-0.012008224872722099
2018-09-18,11278.900390625,11278.900390625,11411.4501953125,11268.9501953125,11381.5498046875,240900,-0.8687975159851424,-0.008725935642451747
2018-09-19,11234.349609375,11234.349609375,11332.0498046875,11210.900390625,11326.650390625,250600,-0.3949922395540484,-0.003957743942134398
2018-09-21,11143.099609375,11143.099609375,11346.7998046875,10866.4501953125,11271.2998046875,719000,-0.812241056873042,-0.008155577062129398
2018-09-24,10967.400390625,10967.400390625,11170.150390625,10943.599609375,11164.400390625,0,-1.5767535507102526,-0.015893165427847328
2018-09-25,11067.4501953125,11067.4501953125,11080.599609375,10882.849609375,10969.9501953125,405000,0.9122472156029238,0.009081113743931286
2018-09-26,11053.7998046875,11053.7998046875,11145.5498046875,10993.0498046875,11145.5498046875,340500,-0.12333817079910325,-0.001234142949208208
2018-09-27,10977.5498046875,10977.5498046875,11089.4501953125,10953.349609375,11079.7998046875,405700,-0.6898080420062014,-0.006921982157626523
2018-09-28,10930.4501953125,10930.4501953125,11034.099609375,10850.2998046875,11008.099609375,478100,-0.4290539347394984,-0.004299770124143364
2018-10-01,11008.2998046875,11008.2998046875,11035.650390625,10821.5498046875,10930.900390625,387000,0.7122269255513958,0.007097025685968254
2018-10-03,10858.25,10858.25,10989.0498046875,10843.75,10982.7001953125,386800,-1.363060666494631,-0.013724356268050715
2018-10-04,10599.25,10599.25,10754.7001953125,10547.25,10754.7001953125,425100,-2.3852830796859514,-0.024141915818458322
2018-10-05,10316.4501953125,10316.4501953125,10540.650390625,10261.900390625,10514.099609375,606400,-2.6681114672028716,-0.027043516339215604
2018-10-08,10348.0498046875,10348.0498046875,10398.349609375,10198.400390625,10310.150390625,456200,0.3063031253653259,0.003058349730753957
2018-10-09,10301.0498046875,10301.0498046875,10397.599609375,10279.349609375,10390.2998046875,430500,-0.4541918611438267,-0.004552264462335634
2018-10-10,10460.099609375,10460.099609375,10482.349609375,10318.25,10331.849609375,0,1.5440154906845027,0.015322168649223668
2018-10-11,10234.650390625,10234.650390625,10335.9501953125,10138.599609375,10169.7998046875,483500,-2.1553257346415555,-0.021788921165731508
2018-10-12,10472.5,10472.5,10492.4501953125,10322.150390625,10331.5498046875,343500,2.323964183406524,0.022973713528550762
2018-10-15,10512.5,10512.5,10526.2998046875,10410.150390625,10524.2001953125,259500,0.3819527333492445,0.003812251460013522
2018-10-16,10584.75,10584.75,10604.900390625,10525.2998046875,10550.150390625,265200,0.6872770511296089,0.006849260681022563
2018-10-17,10453.0498046875,10453.0498046875,10710.150390625,10436.4501953125,10688.7001953125,284800,-1.2442447418455793,-0.012520502809902525
2018-10-19,10303.5498046875,10303.5498046875,10380.099609375,10249.599609375,10339.7001953125,357500,-1.4302046081609565,-0.014405306077947945
2018-10-22,10245.25,10245.25,10408.5498046875,10224.0,10405.849609375,297300,-0.5658225154691499,-0.005674293551714025
2018-10-23,10146.7998046875,10146.7998046875,10222.099609375,10102.349609375,10152.599609375,302600,-0.9609350217173795,-0.009655817945697833
2018-10-24,10224.75,10224.75,10290.650390625,10126.7001953125,10278.150390625,351400,0.7682244334463961,0.007652886157385112
2018-10-25,10124.900390625,10124.900390625,10166.599609375,10079.2998046875,10135.0498046875,0,-0.9765481735494741,-0.009813476770964884
2018-10-26,10030.0,10030.0,10128.849609375,10004.5498046875,10122.349609375,364300,-0.9372970297354399,-0.009417173007402645
2018-10-29,10250.849609375,10250.849609375,10275.2998046875,10020.349609375,10078.099609375,364400,2.2018904224825553,0.021779988895005153
2018-10-30,10198.400390625,10198.400390625,10285.099609375,10175.349609375,10239.400390625,289800,-0.5116572845048073,-0.005129707325392901
2018-10-31,10386.599609375,10386.599609375,10396.0,10105.099609375,10209.5498046875,375000,1.8453797805683791,0.018285592676591408
2018-11-01,10380.4501953125,10380.4501953125,10441.900390625,10341.900390625,10441.7001953125,348500,-0.059205267303741316,-0.0005922280054286613
2018-11-02,10553.0,10553.0,10606.9501953125,10457.7001953125,10462.2998046875,421200,1.662257430466929,0.016485931474334168
2018-11-05,10524.0,10524.0,10558.7998046875,10477.0,10558.75,301900,-0.27480337344830685,-0.0027518165109068284
2018-11-06,10530.0,10530.0,10600.25,10491.4501953125,10552.0,0,0.057012542759404816,0.0005699629678378127
2018-11-07,10598.400390625,10598.400390625,10616.4501953125,10582.2998046875,10614.4501953125,31200,0.6495763592117676,0.006474757039787639
2018-11-09,10585.2001953125,10585.2001953125,10619.5498046875,10544.849609375,10614.7001953125,296600,-0.12454893970770264,-0.0012462656636175824
2018-11-12,10482.2001953125,10482.2001953125,10645.5,10464.0498046875,10607.7998046875,259700,-0.9730567027500525,-0.009778218363148
2018-11-13,10582.5,10582.5,10596.25,10440.5498046875,10451.900390625,254600,0.9568583199961456,0.009523094254035388
2018-11-14,10576.2998046875,10576.2998046875,10651.599609375,10532.7001953125,10634.900390625,384500,-0.05858913595558901,-0.000586063060967349
2018-11-15,10616.7001953125,10616.7001953125,10646.5,10557.5,10580.599609375,0,0.3819898392734222,0.003812621107308771
2018-11-16,10682.2001953125,10682.2001953125,10695.150390625,10631.150390625,10644.0,342800,0.6169525256907837,0.006150571652505879
2018-11-19,10763.400390625,10763.400390625,10774.7001953125,10688.7998046875,10731.25,272100,0.7601448561892044,0.007572703131144189
2018-11-20,10656.2001953125,10656.2001953125,10740.849609375,10640.849609375,10740.099609375,295200,-0.9959695953136949,-0.010009625523730635
2018-11-21,10600.0498046875,10600.0498046875,10671.2998046875,10562.349609375,10670.9501953125,300900,-0.526926949530282,-0.005283201056794732
2018-11-22,10526.75,10526.75,10646.25,10512.0,10612.650390625,239500,-0.6915043423200262,-0.006939063131569403
2018-11-26,10628.599609375,10628.599609375,10637.7998046875,10489.75,10568.2998046875,0,0.9675313783931383,0.009628807669070337
2018-11-27,10685.599609375,10685.599609375,10695.150390625,10596.349609375,10621.4501953125,0,0.536288900653692,0.005348559924642655
2018-11-28,10728.849609375,10728.849609375,10757.7998046875,10699.849609375,10708.75,424500,0.40475033298135177,0.004039334223781422
2018-11-29,10858.7001953125,10858.7001953125,10883.0498046875,10782.349609375,10808.7001953125,691300,1.2102936537020215,0.01203028163822991
2018-11-30,10876.75,10876.75,10922.4501953125,10835.099609375,10892.099609375,453900,0.1662243580064171,0.0016608635822544591
2018-12-03,10883.75,10883.75,10941.2001953125,10845.349609375,10930.7001953125,409700,0.0643574597191332,0.0006433675918710725
2018-12-04,10869.5,10869.5,10890.9501953125,10833.349609375,10877.099609375,322100,-0.13092913747559942,-0.0013101492455916805
2018-12-05,10782.900390625,10782.900390625,10821.0498046875,10747.9501953125,10820.4501953125,312300,-0.7967211865771207,-0.007999119688821785
2018-12-06,10601.150390625,10601.150390625,10722.650390625,10588.25,10718.150390625,318500,-1.6855390796155278,-0.016999059579474705
2018-12-07,10693.7001953125,10693.7001953125,10704.5498046875,10599.349609375,10644.7998046875,325800,0.8730166187373989,0.008692278636606364
2018-12-10,10488.4501953125,10488.4501953125,10558.849609375,10474.9501953125,10508.7001953125,381300,-1.9193543511718203,-0.019380130942287622
2018-12-11,10549.150390625,10549.150390625,10567.150390625,10333.849609375,10350.0498046875,425500,0.5787336945131116,0.005770654643792864
2018-12-12,10737.599609375,10737.599609375,10752.2001953125,10560.7998046875,10591.0,360500,1.786392380162427,0.01770623905775317
2018-12-13,10791.5498046875,10791.5498046875,10838.599609375,10749.5,10810.75,376200,0.5024418610784842,0.005011838341027756
2018-12-14,10805.4501953125,10805.4501953125,10815.75,10752.099609375,10784.5,340100,0.1288081033454791,0.0012872521687673252
2018-12-17,10888.349609375,10888.349609375,10900.349609375,10844.849609375,10853.2001953125,296900,0.7672000015183311,0.007642719885813293
2018-12-18,10908.7001953125,10908.7001953125,10915.400390625,10819.099609375,10850.900390625,286100,0.18690239262686426,0.0018672794743268973
2018-12-19,10967.2998046875,10967.2998046875,10985.150390625,10928.0,10930.5498046875,312100,0.5371823253533137,0.005357446474361821
2018-12-20,10951.7001953125,10951.7001953125,10962.5498046875,10880.0498046875,10885.2001953125,318900,-0.1422374664029169,-0.0014233871991216722
2018-12-21,10754.0,10754.0,10963.650390625,10738.650390625,10944.25,377500,-1.8052009440243655,-0.01821693480035375
2018-12-24,10663.5,10663.5,10782.2998046875,10649.25,10780.900390625,223400,-0.8415473312255894,-0.0084510833319759
2018-12-26,10729.849609375,10729.849609375,10747.5,10534.5498046875,10635.4501953125,263700,0.6222123071693231,0.006202845587195536
2018-12-27,10779.7998046875,10779.7998046875,10834.2001953125,10764.4501953125,10817.900390625,456100,0.4655255863871277,0.004644453671963747
2018-12-28,10859.900390625,10859.900390625,10893.599609375,10817.150390625,10820.9501953125,245500,0.7430619064249022,0.007403148015077441
2018-12-31,10862.5498046875,10862.5498046875,10923.5498046875,10853.2001953125,10913.2001953125,180900,0.024396301689710853,0.00024393326275947618
2019-01-02,10792.5,10792.5,10895.349609375,10735.0498046875,10868.849609375,309700,-0.6448744166611009,-0.006469627145011258
2019-01-03,10672.25,10672.25,10814.0498046875,10661.25,10796.7998046875,286200,-1.1141996757007222,-0.011204533761500678
2019-01-04,10727.349609375,10727.349609375,10741.0498046875,10628.650390625,10699.7001953125,296600,0.5162885930801941,0.005149603931252372
2019-01-07,10771.7998046875,10771.7998046875,10835.9501953125,10750.150390625,10804.849609375,269400,0.4143632577580325,0.0041350713736188
2019-01-08,10802.150390625,10802.150390625,10818.4501953125,10733.25,10786.25,277700,0.28175965472634346,0.0028136345625500237
2019-01-09,10855.150390625,10855.150390625,10870.400390625,10749.400390625,10862.400390625,333000,0.4906430486840696,0.004894433183399924
2019-01-10,10821.599609375,10821.599609375,10859.349609375,10801.7998046875,10859.349609375,254400,-0.30907707440862575,-0.003095557040757343
2019-01-11,10794.9501953125,10794.9501953125,10850.150390625,10739.400390625,10834.75,260800,-0.24626132017869784,-0.002465650421033224
2019-01-14,10737.599609375,10737.599609375,10808.0,10692.349609375,10807.0,298800,-0.5312723532749919,-0.005326886232360374
2019-01-15,10886.7998046875,10886.7998046875,10896.9501953125,10777.5498046875,10777.5498046875,310700,1.3895116296032572,0.013799464213669708
2019-01-16,10890.2998046875,10890.2998046875,10928.150390625,10876.900390625,10899.650390625,276500,0.03214902508350548,0.000321438583917674
2019-01-17,10905.2001953125,10905.2001953125,10930.650390625,10844.650390625,10920.849609375,271700,0.1368225934293088,0.001367290766106507
2019-01-18,10906.9501953125,10906.9501953125,10928.2001953125,10852.2001953125,10914.849609375,323800,0.01604738994844812,0.0001604610249256087
2019-01-21,10961.849609375,10961.849609375,10987.4501953125,10885.75,10919.349609375,288800,0.5033434010370152,0.005020808629692447
2019-01-22,10922.75,10922.75,10949.7998046875,10864.150390625,10949.7998046875,300800,-0.3566880660501037,-0.003573257146616415
2019-01-23,10831.5,10831.5,10944.7998046875,10811.9501953125,10931.0498046875,298900,-0.8354123274816327,-0.008389214537151498
2019-01-24,10849.7998046875,10849.7998046875,10866.599609375,10798.650390625,10844.0498046875,361100,0.1689498655541799,0.0016880730581589696
2019-01-25,10780.5498046875,10780.5498046875,10931.7001953125,10756.4501953125,10859.75,463400,-0.6382606245884936,-0.006403062164968701
2019-01-28,10661.5498046875,10661.5498046875,10804.4501953125,10630.9501953125,10792.4501953125,419700,-1.1038398055380982,-0.011099773244971002
2019-01-29,10652.2001953125,10652.2001953125,10690.349609375,10583.650390625,10653.7001953125,356900,-0.08769465552643796,-0.0008773312978436732
2019-01-30,10651.7998046875,10651.7998046875,10710.2001953125,10612.849609375,10702.25,410100,-0.003758759858607519,-3.758830501756102e-05
2019-01-31,10830.9501953125,10830.9501953125,10838.0498046875,10678.5498046875,10690.5498046875,604800,1.6818790618479573,0.016678920874278535
2019-02-01,10893.650390625,10893.650390625,10983.4501953125,10813.4501953125,10851.349609375,482300,0.5788983808607595,0.005772292029816439
2019-02-04,10912.25,10912.25,10927.900390625,10814.150390625,10876.75,318300,0.17073807867935553,0.0017059248691862574
2019-02-05,10934.349609375,10934.349609375,10956.7001953125,10886.7001953125,10908.650390625,268100,0.20252110586724825,0.0020231630833451035
2019-02-06,11062.4501953125,11062.4501953125,11072.599609375,10962.7001953125,10965.099609375,298500,1.171542803311021,0.011647333726075786
2019-02-07,11069.400390625,11069.400390625,11118.099609375,11043.599609375,11070.4501953125,263500,0.06282690714798367,0.0006280717930916961
2019-02-08,10943.599609375,10943.599609375,11041.2001953125,10925.4501953125,11023.5,352800,-1.1364733121095205,-0.011429805188104512
2019-02-11,10888.7998046875,10888.7998046875,10930.900390625,10857.099609375,10930.900390625,286000,-0.5007475295473629,-0.005020054711538446
2019-02-12,10831.400390625,10831.400390625,10910.900390625,10823.7998046875,10879.7001953125,292300,-0.5271417887377283,-0.005285360831624847
2019-02-14,10746.0498046875,10746.0498046875,10792.7001953125,10718.75,10786.099609375,627000,-0.7879921603800577,-0.007911132252471094
2019-02-15,10724.400390625,10724.400390625,10785.75,10620.400390625,10780.25,521900,-0.2014639281967212,-0.0020166713974639474
2019-02-18,10640.9501953125,10640.9501953125,10759.900390625,10628.400390625,10738.650390625,345400,-0.778133902809619,-0.007811771620307167
2019-02-19,10604.349609375,10604.349609375,10722.849609375,10585.650390625,10636.7001953125,291500,-0.34395975233135756,-0.003445526538395949
2019-02-20,10735.4501953125,10735.4501953125,10752.7001953125,10646.400390625,10655.4501953125,289200,1.236290680397767,0.01228711014362708
2019-02-21,10789.849609375,10789.849609375,10808.849609375,10721.5,10744.099609375,279600,0.5067269008080633,0.005054473607434973
2019-02-22,10791.650390625,10791.650390625,10801.5498046875,10758.400390625,10782.7001953125,396800,0.016689586186968697,0.00016688193630472358
2019-02-25,10880.099609375,10880.099609375,10887.099609375,10788.0498046875,10813.25,385900,0.8196078963680797,0.008162673513503154
2019-02-26,10835.2998046875,10835.2998046875,10888.75,10729.2998046875,10775.2998046875,415000,-0.4117591409631749,-0.004126092031890748
2019-02-27,10806.650390625,10806.650390625,10939.7001953125,10751.2001953125,10881.2001953125,381100,-0.2644081343287419,-0.0026475831003447124
2019-02-28,10792.5,10792.5,10865.7001953125,10784.849609375,10865.7001953125,644200,-0.13094150466157473,-0.0013102730795938819
2019-03-01,10863.5,10863.5,10877.900390625,10823.099609375,10842.650390625,308500,0.6578642575862936,0.006557097745663337
2019-03-05,10987.4501953125,10987.4501953125,10994.900390625,10817.0,10864.849609375,373200,1.1409784628572783,0.011345183958033887
2019-03-06,11053.0,11053.0,11062.2998046875,10998.849609375,11024.849609375,372600,0.5965879573721855,0.0059481541776258
2019-03-07,11058.2001953125,11058.2001953125,11089.0498046875,11027.099609375,11077.9501953125,321200,0.047047817900125466,0.00047036753884395607
2019-03-08,11035.400390625,11035.400390625,11049.0,11008.9501953125,11038.849609375,326600,-0.20618006804727917,-0.002063929117607768
2019-03-11,11168.0498046875,11168.0498046875,11180.900390625,11059.849609375,11068.75,352200,1.2020353532001593,0.01194868284879883
2019-03-12,11301.2001953125,11301.2001953125,11320.400390625,11227.0,11231.349609375,391300,1.1922438828049886,0.011851926453906937
2019-03-13,11341.7001953125,11341.7001953125,11352.2998046875,11276.599609375,11326.2001953125,383000,0.358369016565141,0.0035772840485137174
2019-03-14,11343.25,11343.25,11383.4501953125,11313.75,11382.5,294500,0.013664659273393553,0.00013663725743869715
2019-03-15,11426.849609375,11426.849609375,11487.0,11370.7998046875,11376.849609375,463700,0.7369987382364052,0.0073429617299341126
2019-03-18,11462.2001953125,11462.2001953125,11530.150390625,11412.5,11473.849609375,320300,0.30936423551506387,0.003088866890158751
2019-03-19,11532.400390625,11532.400390625,11543.849609375,11451.25,11500.2998046875,326100,0.6124495656707252,0.006105817158639563
2019-03-20,11521.0498046875,11521.0498046875,11556.099609375,11503.099609375,11553.349609375,366300,-0.09842344657688962,-0.000984719142560533
2019-03-22,11456.900390625,11456.900390625,11572.7998046875,11434.5498046875,11549.2001953125,386200,-0.5568018119008533,-0.005583577314696379
2019-03-25,11354.25,11354.25,11395.650390625,11311.599609375,11395.650390625,294500,-0.8959700017030503,-0.00900007950222714
2019-03-26,11483.25,11483.25,11496.75,11352.4501953125,11375.2001953125,282600,1.1361384503600025,0.011297328693216403
2019-03-27,11445.0498046875,11445.0498046875,11546.2001953125,11413.0,11531.4501953125,350400,-0.33266013813597617,-0.003332146821462826
2019-03-28,11570.0,11570.0,11588.5,11452.4501953125,11463.650390625,527700,1.0917400749215211,0.010858236155870985
2019-04-01,11669.150390625,11669.150390625,11738.099609375,11644.75,11665.2001953125,379600,0.8569610252809001,0.008533099582725414
2019-04-02,11713.2001953125,11713.2001953125,11729.349609375,11655.849609375,11711.5498046875,386100,0.37748939051200914,0.0037677868730356698
2019-04-03,11643.9501953125,11643.9501953125,11761.0,11629.150390625,11735.2998046875,365800,-0.5912133221091298,-0.005929679070481917
2019-04-04,11598.0,11598.0,11662.5498046875,11559.2001953125,11660.2001953125,349000,-0.3946272059030087,-0.00395407913661549
2019-04-05,11665.9501953125,11665.9501953125,11689.650390625,11609.5,11638.400390625,266700,0.5858785593421345,0.005841689650914404
2019-04-08,11604.5,11604.5,11710.2998046875,11549.099609375,11704.349609375,260900,-0.5267483083991831,-0.005281405184150887
2019-04-09,11671.9501953125,11671.9501953125,11683.900390625,11569.7001953125,11612.0498046875,300500,0.5812417192683883,0.005795590267793092
2019-04-10,11584.2998046875,11584.2998046875,11680.0498046875,11571.75,11646.849609375,359900,-0.7509489773200095,-0.007537827950835446
2019-04-11,11596.7001953125,11596.7001953125,11606.7001953125,11550.5498046875,11592.5498046875,279800,0.10704480058416621,0.001069875484907893
2019-04-12,11643.4501953125,11643.4501953125,11657.349609375,11578.7998046875,11612.849609375,246000,0.40313191867198395,0.004023215192085498
2019-04-15,11690.349609375,11690.349609375,11704.599609375,11648.25,11667.0,290000,0.40279653604204935,0.004019874826265466
2019-04-16,11787.150390625,11787.150390625,11810.9501953125,11731.5498046875,11736.2001953125,354300,0.8280400884877803,0.008246306446581041
2019-04-18,11752.7998046875,11752.7998046875,11856.150390625,11738.5,11856.150390625,339700,-0.29142400664389223,-0.002918494732110024
2019-04-22,11594.4501953125,11594.4501953125,11727.0498046875,11583.9501953125,11727.0498046875,260400,-1.3473352052831178,-0.013564941266796056
2019-04-23,11575.9501953125,11575.9501953125,11645.9501953125,11564.7998046875,11612.9501953125,272500,-0.15955909670886115,-0.001596865278055509
2019-04-24,11726.150390625,11726.150390625,11740.849609375,11578.849609375,11601.5,335200,1.2975193636658888,0.01289173694761699
2019-04-25,11641.7998046875,11641.7998046875,11796.75,11624.2998046875,11735.7001953125,604400,-0.7193374050953438,-0.007219371112150696
2019-04-26,11754.650390625,11754.650390625,11762.900390625,11661.75,11683.75,333500,0.9693568677590747,0.00964688746996101
2019-04-30,11748.150390625,11748.150390625,11756.25,11655.900390625,11748.75,532600,-0.05529726349993158,-0.0005531255807526546
2019-05-02,11724.75,11724.75,11789.2998046875,11699.5498046875,11725.5498046875,380300,-0.1991836148409698,-0.0019938224921164987
2019-05-03,11712.25,11712.25,11770.900390625,11699.349609375,11722.599609375,305500,-0.10661208128105448,-0.0010666895238500144
2019-05-06,11598.25,11598.25,11632.5498046875,11571.349609375,11605.7998046875,299000,-0.973339879186319,-0.00978107795702945
2019-05-07,11497.900390625,11497.900390625,11657.0498046875,11484.4501953125,11651.5,337500,-0.8652133673183404,-0.008689780690377916
2019-05-08,11359.4501953125,11359.4501953125,11479.099609375,11346.9501953125,11478.7001953125,372800,-1.2041345863927244,-0.012114430150335101
2019-05-09,11301.7998046875,11301.7998046875,11357.599609375,11255.0498046875,11322.400390625,373000,-0.5075103956069027,-0.005088026035289156
2019-05-10,11278.900390625,11278.900390625,11345.7998046875,11251.0498046875,11314.150390625,387300,-0.20261741013145596,-0.0020282295690185756
2019-05-13,11148.2001953125,11148.2001953125,11300.2001953125,11125.599609375,11258.7001953125,357600,-1.1588026384304118,-0.011655690801341047
2019-05-14,11222.0498046875,11222.0498046875,11294.75,11108.2998046875,11151.650390625,398100,0.6624352638199937,0.006602508032110876
2019-05-15,11157.0,11157.0,11286.7998046875,11136.9501953125,11271.7001953125,414200,-0.5796606308085428,-0.0058134718372332824
2019-05-16,11257.099609375,11257.099609375,11281.5498046875,11143.349609375,11180.349609375,350700,0.8971910851931497,0.00893190238330833
2019-05-17,11407.150390625,11407.150390625,11426.150390625,11259.849609375,11261.900390625,412100,1.3329435330307948,0.013241380029110125
2019-05-20,11828.25,11828.25,11845.2001953125,11591.7001953125,11651.900390625,452100,3.6915407876193296,0.03625035203017847
2019-05-21,11709.099609375,11709.099609375,11883.5498046875,11682.7998046875,11863.650390625,381000,-1.0073374389702572,-0.010124454145348287
2019-05-22,11737.900390625,11737.900390625,11784.7998046875,11682.400390625,11727.9501953125,355900,0.24596922232125173,0.0024566721316128274
2019-05-23,11657.0498046875,11657.0498046875,12041.150390625,11614.5,11901.2998046875,569000,-0.6887993870017373,-0.006911825598039294
2019-05-24,11844.099609375,11844.099609375,11859.0,11658.099609375,11748.0,374600,1.6046067214389392,0.01591868987483049
2019-05-27,11924.75,11924.75,11957.150390625,11812.400390625,11855.5,348400,0.6809330661248669,0.00678625187736734
2019-05-28,11928.75,11928.75,11958.5498046875,11864.900390625,11958.349609375,598300,0.03354368016101894,0.00033538055526396364
2019-05-29,11861.099609375,11861.099609375,11931.900390625,11836.7998046875,11905.7998046875,318100,-0.5671205333752538,-0.005687347678687314
2019-05-30,11945.900390625,11945.900390625,11968.5498046875,11859.400390625,11865.2998046875,421200,0.7149487319284775,0.007124050901094894
2019-05-31,11922.7998046875,11922.7998046875,12039.25,11829.4501953125,11999.7998046875,438900,-0.19337668306382838,-0.001935638971628022
2019-06-03,12088.5498046875,12088.5498046875,12103.0498046875,11920.099609375,11953.75,315300,1.3901936014629301,0.013806190447529239
2019-06-04,12021.650390625,12021.650390625,12095.2001953125,12005.849609375,12052.650390625,289200,-0.5534114111566901,-0.0055494840533033855
2019-06-06,11843.75,11843.75,12039.7998046875,11830.25,12039.7998046875,415200,-1.4798333410505293,-0.014908921111632112
2019-06-07,11870.650390625,11870.650390625,11897.5,11769.5,11865.2001953125,302500,0.22712730870713127,0.0022686976453037896
2019-06-10,11922.7001953125,11922.7001953125,11975.0498046875,11871.75,11934.900390625,303300,0.43847475053773177,0.004375162508348263
2019-06-11,11965.599609375,11965.599609375,12000.349609375,11904.349609375,11959.849609375,332200,0.35981290613484873,0.003591671280959742
2019-06-12,11906.2001953125,11906.2001953125,11962.4501953125,11866.349609375,11962.4501953125,283700,-0.49641819885031246,-0.0049765444699523915
2019-06-13,11914.0498046875,11914.0498046875,11931.349609375,11817.0498046875,11873.900390625,447900,0.06592875347493088,0.0006590703001973485
2019-06-14,11823.2998046875,11823.2998046875,11911.849609375,11797.7001953125,11910.099609375,390300,-0.7617057296864349,-0.00764621523730026
2019-06-17,11672.150390625,11672.150390625,11844.0498046875,11657.75,11844.0,295500,-1.2784029548381648,-0.012866448437943826
2019-06-18,11691.5,11691.5,11727.2001953125,11641.150390625,11677.0498046875,365500,0.1657758744313398,0.0016563861789982873
2019-06-19,11691.4501953125,11691.4501953125,11802.5,11625.099609375,11744.4501953125,446900,-0.0004259905700743083,-4.259914774167141e-06
2019-06-20,11831.75,11831.75,11843.5,11635.0498046875,11653.650390625,442000,1.2000205478679637,0.011928773907426743
2019-06-21,11724.099609375,11724.099609375,11827.9501953125,11705.099609375,11827.599609375,468400,-0.9098433505187353,-0.009140077037704798
2019-06-24,11699.650390625,11699.650390625,11754.0,11670.2001953125,11725.7998046875,277600,-0.2085381356743965,-0.0020875587921609646
2019-06-25,11796.4501953125,11796.4501953125,11814.400390625,11651.0,11681.0,300500,0.8273734808782462,0.00823969509310694
2019-06-26,11847.5498046875,11847.5498046875,11871.849609375,11757.5498046875,11768.150390625,327900,0.4331778503613437,0.0043224233576614314
2019-06-27,11841.5498046875,11841.5498046875,11911.150390625,11821.0498046875,11860.849609375,480200,-0.05064338279993086,-0.0005065621089227406
2019-06-28,11788.849609375,11788.849609375,11871.7001953125,11775.5,11861.150390625,303900,-0.44504474652159454,-0.004460380187531091
2019-07-01,11865.599609375,11865.599609375,11884.650390625,11830.7998046875,11839.900390625,278400,0.6510389269786421,0.006489288220080564
2019-07-02,11910.2998046875,11910.2998046875,11917.4501953125,11814.7001953125,11890.2998046875,363200,0.3767209141051886,0.003760130979735517
2019-07-03,11916.75,11916.75,11945.2001953125,11887.0498046875,11932.150390625,340500,0.054156447933917384,0.0005414178862205623
2019-07-04,11946.75,11946.75,11969.25,11923.650390625,11928.7998046875,333600,0.25174649128327786,0.0025143014062712723
2019-07-05,11811.150390625,11811.150390625,11981.75,11797.900390625,11964.75,530700,-1.1350334557515662,-0.011415241213692496
2019-07-08,11558.599609375,11558.599609375,11771.900390625,11523.2998046875,11770.400390625,464000,-2.138240331360608,-0.021614318798492883
2019-07-09,11555.900390625,11555.900390625,11582.5498046875,11461.0,11531.599609375,442500,-0.023352472109261502,-0.0002335519922360358
2019-07-10,11498.900390625,11498.900390625,11593.7001953125,11475.650390625,11536.150390625,337600,-0.4932545113165099,-0.0049447502653284115
2019-07-11,11582.900390625,11582.900390625,11599.0,11519.5,11561.4501953125,317300,0.7305046321514741,0.007278493704286908
2019-07-12,11552.5,11552.5,11639.5498046875,11538.599609375,11601.150390625,359400,-0.26245922523520093,-0.002628042532973005
2019-07-15,11588.349609375,11588.349609375,11618.400390625,11532.2998046875,11614.75,368800,0.31031905972733753,0.003098385639232596
2019-07-16,11662.599609375,11662.599609375,11670.0498046875,11573.9501953125,11596.650390625,480200,0.6407297199588324,0.006386857732255645
2019-07-17,11687.5,11687.5,11706.650390625,11651.150390625,11670.75,464800,0.21350634900458854,0.00213278748103271
2019-07-18,11596.900390625,11596.900390625,11677.150390625,11582.400390625,11675.599609375,498300,-0.7751838235294128,-0.007782039913567366
2019-07-19,11419.25,11419.25,11640.349609375,11399.2998046875,11627.9501953125,446000,-1.531878214359883,-0.015437326885714045
2019-07-22,11346.2001953125,11346.2001953125,11398.150390625,11301.25,11392.849609375,516000,-0.6397075524881224,-0.00641762449493666
2019-07-23,11331.0498046875,11331.0498046875,11398.150390625,11302.7998046875,11372.25,458900,-0.13352832106081625,-0.001336175495625011
2019-07-24,11271.2998046875,11271.2998046875,11359.75,11229.7998046875,11322.4501953125,413200,-0.5273121293252303,-0.005287073265915101
2019-07-25,11252.150390625,11252.150390625,11361.400390625,11239.349609375,11290.400390625,553700,-0.16989534831232112,-0.001700398341321937
2019-07-26,11284.2998046875,11284.2998046875,11307.599609375,11210.0498046875,11247.4501953125,522700,0.28571795564771296,0.0028531055771835413
2019-07-29,11189.2001953125,11189.2001953125,11310.9501953125,11152.400390625,11307.5,482900,-0.8427603929443195,-0.008463316975262767
2019-07-30,11085.400390625,11085.400390625,11267.4501953125,11072.650390625,11213.7001953125,479100,-0.9276785013729971,-0.009320082365343962
2019-07-31,11118.0,11118.0,11145.2998046875,10999.400390625,11034.0498046875,536700,0.294076968140633,0.002936454076975709
2019-08-01,10980.0,10980.0,11076.75,10881.0,11060.2001953125,499900,-1.2412304371289817,-0.012489980449893174
2019-08-02,10997.349609375,10997.349609375,11080.150390625,10848.9501953125,10930.2998046875,547400,0.15801101434427256,0.001578863082899198
2019-08-05,10862.599609375,10862.599609375,10895.7998046875,10782.599609375,10895.7998046875,506600,-1.225295228271439,-0.012328638591802651
2019-08-06,10948.25,10948.25,11018.5498046875,10813.7998046875,10815.400390625,517900,0.7884888857643269,0.007853965566277007
2019-08-07,10855.5,10855.5,10975.650390625,10835.900390625,10958.099609375,548500,-0.847167355513434,-0.00850776214660283
2019-08-08,11032.4501953125,11032.4501953125,11058.0498046875,10842.9501953125,10899.2001953125,482500,1.6300510829763803,0.016169083798241606
2019-08-09,11109.650390625,11109.650390625,11181.4501953125,11062.7998046875,11087.900390625,538100,0.6997556657477588,0.006973187375465333
2019-08-13,10925.849609375,10925.849609375,11145.900390625,10901.599609375,11139.400390625,624600,-1.654424529912324,-0.016682629759426824
2019-08-14,11029.400390625,11029.400390625,11078.150390625,10935.599609375,11003.25,511500,0.9477595331455646,0.009432964697282421
2019-08-16,11047.7998046875,11047.7998046875,11068.650390625,10924.2998046875,11043.650390625,470900,0.16682152620135504,0.00166682533651526
2019-08-19,11053.900390625,11053.900390625,11146.900390625,11037.849609375,11094.7998046875,369500,0.055219917498061655,0.0005520467691192048
2019-08-20,11017.0,11017.0,11076.2998046875,10985.2998046875,11063.900390625,444700,-0.33382235519596737,-0.0033438078514244876
2019-08-21,10918.7001953125,10918.7001953125,11034.2001953125,10906.650390625,11018.150390625,557900,-0.8922556475220111,-0.008962600859057328
2019-08-22,10741.349609375,10741.349609375,10908.25,10718.2998046875,10905.2998046875,668200,-1.6242829527789215,-0.016376190359974212
2019-08-23,10829.349609375,10829.349609375,10862.5498046875,10637.150390625,10699.599609375,667100,0.8192639025843995,0.008159261534645986
2019-08-26,11057.849609375,11057.849609375,11070.2998046875,10756.5498046875,11000.2998046875,684100,2.1100066785376237,0.020880542984676998
2019-08-27,11105.349609375,11105.349609375,11141.75,11049.5,11106.5498046875,685600,0.42955910667956676,0.004286391351556263
2019-08-28,11046.099609375,11046.099609375,11129.650390625,10987.650390625,11101.2998046875,550000,-0.5335266523260329,-0.005349549884040612
2019-08-29,10948.2998046875,10948.2998046875,11021.099609375,10922.400390625,10996.0498046875,649900,-0.8853786236410199,-0.008893213897011299
2019-08-30,11023.25,11023.25,11042.599609375,10874.7998046875,10987.7998046875,628200,0.6845829640179435,0.00682250334649108
2019-09-03,10797.900390625,10797.900390625,10967.5,10772.7001953125,10960.9501953125,483000,-2.044311880570615,-0.020654971620241963
2019-09-04,10844.650390625,10844.650390625,10858.75,10746.349609375,10790.400390625,508800,0.43295454031591074,0.004320199886309888
2019-09-05,10847.900390625,10847.900390625,10920.099609375,10816.0,10860.9501953125,595700,0.029968693161475102,0.00029964203445609783
2019-09-06,10946.2001953125,10946.2001953125,10957.0498046875,10867.4501953125,10883.7998046875,497200,0.9061643373168504,0.00902083303672415
2019-09-09,11003.0498046875,11003.0498046875,11028.849609375,10889.7998046875,10936.7001953125,412500,0.5193547382711383,0.005180107429441778
2019-09-11,11035.7001953125,11035.7001953125,11054.7998046875,11011.650390625,11028.5,687100,0.29673946046386845,0.0029630005796600876
2019-09-12,10982.7998046875,10982.7998046875,11081.75,10964.9501953125,11058.2998046875,551400,-0.479356902496042,-0.004805095025496559
2019-09-13,11075.900390625,11075.900390625,11084.4501953125,10945.75,10986.7998046875,624300,0.8476944640087414,0.008441217109748283
2019-09-16,11003.5,11003.5,11052.7001953125,10968.2001953125,10994.849609375,434500,-0.6536749886833726,-0.006558207998363749
2019-09-17,10817.599609375,10817.599609375,11000.099609375,10796.5,11000.099609375,482000,-1.689465993774708,-0.017039002763312223
2019-09-18,10840.650390625,10840.650390625,10885.150390625,10804.849609375,10872.7998046875,519200,0.21308591630644358,0.002128592102631135
2019-09-19,10704.7998046875,10704.7998046875,10845.2001953125,10670.25,10845.2001953125,642600,-1.2531589991591652,-0.012610772583449698
2019-09-20,11274.2001953125,11274.2001953125,11381.900390625,10691.0,10746.7998046875,1356800,5.319112930777714,0.051824725995144275
2019-09-23,11600.2001953125,11600.2001953125,11694.849609375,11471.349609375,11542.7001953125,882800,2.8915576657539077,0.028505409421526316
2019-09-24,11588.2001953125,11588.2001953125,11655.0498046875,11539.2001953125,11590.7001953125,651700,-0.10344649056013289,-0.0010350003337080292
2019-09-25,11440.2001953125,11440.2001953125,11564.9501953125,11416.099609375,11564.849609375,629100,-1.2771612287114875,-0.01285387045749521
2019-09-26,11571.2001953125,11571.2001953125,11610.849609375,11466.349609375,11469.849609375,844500,1.145084856589107,0.011385783826013008
2019-09-27,11512.400390625,11512.400390625,11593.599609375,11499.75,11556.349609375,650000,-0.5081564893442914,-0.005094519950938459
2019-09-30,11474.4501953125,11474.4501953125,11508.25,11390.7998046875,11491.150390625,756800,-0.3296462425282254,-0.003301907727659163
2019-10-01,11359.900390625,11359.900390625,11554.2001953125,11247.900390625,11515.400390625,1305400,-0.9983032105041145,-0.01003319671254013
2019-10-03,11314.0,11314.0,11370.400390625,11257.349609375,11322.25,1017500,-0.4040562773145462,-0.004048747902700529
2019-10-04,11174.75,11174.75,11400.2998046875,11158.349609375,11388.4501953125,928500,-1.2307760296977222,-0.012384128036227408
2019-10-07,11126.400390625,11126.400390625,11233.849609375,11112.650390625,11196.2001953125,733200,-0.43266837625002275,-0.004336070945390455
2019-10-09,11313.2998046875,11313.2998046875,11321.599609375,11090.150390625,11152.9501953125,741100,1.679783285706482,0.016658309554353663
2019-10-10,11234.5498046875,11234.5498046875,11293.349609375,11208.5498046875,11280.5,562000,-0.6960833829169011,-0.006985173448092334
2019-10-11,11305.0498046875,11305.0498046875,11362.900390625,11189.400390625,11257.7001953125,737800,0.6275284833450412,0.006255677219734019
2019-10-14,11341.150390625,11341.150390625,11420.4501953125,11290.0498046875,11335.900390625,587600,0.3193315072573366,0.0031882272704231176
2019-10-15,11428.2998046875,11428.2998046875,11462.349609375,11342.099609375,11360.849609375,527400,0.7684353972992053,0.007654979710518189
2019-10-16,11464.0,11464.0,11481.0498046875,11411.099609375,11464.9501953125,533500,0.3123841334461419,0.0031189722795879394
2019-10-17,11586.349609375,11586.349609375,11599.099609375,11439.650390625,11466.2998046875,797600,1.0672506051552677,0.010615956850818441
2019-10-18,11661.849609375,11661.849609375,11684.7001953125,11553.150390625,11580.2998046875,853400,0.6516288783389612,0.006495149556810502
2019-10-22,11588.349609375,11588.349609375,11714.349609375,11573.650390625,11657.150390625,867600,-0.6302602285396697,-0.006322547531982618
2019-10-23,11604.099609375,11604.099609375,11651.599609375,11554.400390625,11596.2001953125,664200,0.1359123648397631,0.0013582008758651655
2019-10-24,11582.599609375,11582.599609375,11679.599609375,11534.650390625,11661.650390625,700500,-0.18527934715960592,-0.001854512016487498
2019-10-25,11583.900390625,11583.900390625,11646.900390625,11490.75,11646.150390625,812000,0.011230477560042473,0.00011229846989121649
2019-10-29,11786.849609375,11786.849609375,11809.400390625,11627.349609375,11643.9501953125,951700,1.7519938181983052,0.017368233407476515
2019-10-30,11844.099609375,11844.099609375,11883.9501953125,11784.4501953125,11883.900390625,725200,0.4857107869982835,0.004845350178432992
2019-10-31,11877.4501953125,11877.4501953125,11945.0,11855.099609375,11890.4501953125,1414800,0.2815797488827432,0.0028118405572833054
2019-11-01,11890.599609375,11890.599609375,11918.2998046875,11843.349609375,11886.599609375,855300,0.11070906504571099,0.0011064782775295006
2019-11-04,11941.2998046875,11941.2998046875,11989.150390625,11905.349609375,11928.900390625,823100,0.42638888683566023,0.004254824252091804
2019-11-05,11917.2001953125,11917.2001953125,11978.9501953125,11861.900390625,11974.599609375,632000,-0.2018173043904281,-0.002020212299297299
2019-11-06,11966.0498046875,11966.0498046875,12002.900390625,11850.25,11911.5,603400,0.4099084396871566,0.004090706038353768
2019-11-07,12012.0498046875,12012.0498046875,12021.400390625,11946.849609375,12021.099609375,563000,0.3844209304726398,0.003836839214212366
2019-11-08,11908.150390625,11908.150390625,12034.150390625,11888.75,11987.150390625,789300,-0.8649599006986697,-0.008687223905779385
2019-11-11,11913.4501953125,11913.4501953125,11932.650390625,11853.9501953125,11879.2001953125,549000,0.04450569159482054,0.0004449579074941643
2019-11-13,11840.4501953125,11840.4501953125,11946.7998046875,11823.2001953125,11908.2998046875,659000,-0.6127528029514329,-0.006146378372844679
2019-11-14,11872.099609375,11872.099609375,11895.650390625,11802.650390625,11858.75,559500,0.2672990768123773,0.0026694246816312177
2019-11-15,11895.4501953125,11895.4501953125,11973.650390625,11879.25,11904.2001953125,580200,0.1966845520657623,0.001964913812506188
2019-11-18,11884.5,11884.5,11946.2001953125,11867.599609375,11915.150390625,514400,-0.09205364347466549,-0.0009209603886071214
2019-11-19,11940.099609375,11940.099609375,11958.849609375,11881.75,11919.4501953125,613900,0.46783297046573136,0.004667420332106962
2019-11-20,11999.099609375,11999.099609375,12038.599609375,11966.0498046875,12004.75,646700,0.4941332311304558,0.004929163997457979
2019-11-21,11968.400390625,11968.400390625,12028.2001953125,11956.900390625,12025.650390625,557700,-0.2558460196964596,-0.0025617386493080496
2019-11-22,11914.400390625,11914.400390625,11968.099609375,11883.5,11967.2998046875,486800,-0.45118811401312353,-0.004522090396049399
2019-11-25,12073.75,12073.75,12084.5,11919.75,11922.4501953125,534300,1.3374538722098483,0.013285889135891809
2019-11-26,12037.7001953125,12037.7001953125,12132.4501953125,12006.349609375,12110.2001953125,1201300,-0.29858001604721185,-0.0029902665544935493
2019-11-27,12100.7001953125,12100.7001953125,12114.900390625,12055.150390625,12068.5,584200,0.5233557820665036,0.005219910352766259
2019-11-28,12151.150390625,12151.150390625,12158.7998046875,12099.9501953125,12132.099609375,620500,0.4169196368656758,0.004160529350791835
2019-11-29,12056.0498046875,12056.0498046875,12147.400390625,12017.400390625,12146.2001953125,804400,-0.7826467690735917,-0.00785725523266999
2019-12-02,12048.2001953125,12048.2001953125,12137.150390625,12023.7001953125,12137.0498046875,720900,-0.06510929783939412,-0.000651305031476376
2019-12-03,11994.2001953125,11994.2001953125,12068.599609375,11956.400390625,12067.650390625,605800,-0.4481997238144242,-0.004492071500914214
2019-12-04,12043.2001953125,12043.2001953125,12054.7001953125,11935.2998046875,11969.9501953125,747200,0.4085307832292884,0.0040769856204158446
2019-12-05,12018.400390625,12018.400390625,12081.2001953125,11998.75,12071.25,562200,-0.20592371035360602,-0.002061360247465576
2019-12-06,11921.5,11921.5,12057.0498046875,11888.849609375,12047.349609375,609200,-0.8062669529681155,-0.00809534862199821
2019-12-09,11937.5,11937.5,11981.9501953125,11888.0498046875,11939.099609375,599100,0.1342112989137334,0.0013412131605239934
2019-12-10,11856.7998046875,11856.7998046875,11953.2001953125,11844.7001953125,11950.5,650200,-0.6760225785340301,-0.006783179618895446
2019-12-11,11910.150390625,11910.150390625,11923.2001953125,11832.2998046875,11867.349609375,997700,0.44995771891509495,0.004489484356039674
2019-12-12,11971.7998046875,11971.7998046875,12005.5,11934.0,11944.2998046875,752600,0.5176207859728388,0.005162857346029799
2019-12-13,12086.7001953125,12086.7001953125,12098.849609375,12023.599609375,12026.400390625,597700,0.9597587037832866,0.009551822783961173
2019-12-16,12053.9501953125,12053.9501953125,12134.650390625,12046.2998046875,12131.349609375,437700,-0.27095898360001147,-0.002713267419203363
2019-12-17,12165.0,12165.0,12182.75,12070.349609375,12082.4501953125,499600,0.9212731336046609,0.009170552980705609
2019-12-18,12221.650390625,12221.650390625,12237.7001953125,12163.4501953125,12197.0,518900,0.46568344122481786,0.004646024904610523
2019-12-19,12259.7001953125,12259.7001953125,12268.349609375,12191.150390625,12223.400390625,623100,0.3113311498149862,0.003108475179285728
2019-12-20,12271.7998046875,12271.7998046875,12293.900390625,12252.75,12266.4501953125,810700,0.09869417018555371,0.0009864549951019103
2019-12-23,12262.75,12262.75,12287.150390625,12213.25,12235.4501953125,604800,-0.07374472230261553,-0.0007377192709850936
2019-12-24,12214.5498046875,12214.5498046875,12283.7001953125,12202.099609375,12269.25,470300,-0.39306187692401684,-0.003938363953434116
2019-12-26,12126.5498046875,12126.5498046875,12221.5498046875,12118.849609375,12211.849609375,520300,-0.7204522590446127,-0.007230600491364134
2019-12-27,12245.7998046875,12245.7998046875,12258.4501953125,12157.900390625,12172.900390625,383800,0.9833794601157297,0.009785757510884093
2019-12-30,12255.849609375,12255.849609375,12286.4501953125,12213.7998046875,12274.900390625,411100,0.08206736062803532,0.0008203370378256411
2019-12-31,12168.4501953125,12168.4501953125,12247.099609375,12151.7998046875,12247.099609375,426900,-0.7131240742024536,-0.007156789574995062
2020-01-01,12182.5,12182.5,12222.2001953125,12165.2998046875,12202.150390625,304100,0.1154609211690083,0.0011539431631088094
2020-01-02,12282.2001953125,12282.2001953125,12289.900390625,12195.25,12198.5498046875,407700,0.8183886337984836,0.008150579934013252
2020-01-03,12226.650390625,12226.650390625,12265.599609375,12191.349609375,12261.099609375,428800,-0.4522789386603554,-0.004533048142335533
2020-01-06,11993.0498046875,11993.0498046875,12179.099609375,11974.2001953125,12170.599609375,396500,-1.9105853072941215,-0.01929072847314149
2020-01-07,12052.9501953125,12052.9501953125,12152.150390625,12005.349609375,12079.099609375,447800,0.4994592001242859,0.004982160403270252
2020-01-08,12025.349609375,12025.349609375,12044.9501953125,11929.599609375,11939.099609375,446000,-0.22899444111396106,-0.0022925703434345888
2020-01-09,12215.900390625,12215.900390625,12224.0498046875,12132.5498046875,12153.150390625,477500,1.5845758122611686,0.015721524760104574
2020-01-10,12256.7998046875,12256.7998046875,12311.2001953125,12213.2001953125,12271.0,660600,0.33480474426501594,0.003342455210374022
2020-01-13,12329.5498046875,12329.5498046875,12337.75,12285.7998046875,12296.7001953125,501000,0.5935480807329307,0.005917935234497193
2020-01-14,12362.2998046875,12362.2998046875,12374.25,12308.7001953125,12333.099609375,616300,0.2656220260982112,0.0026526987425187607
2020-01-15,12343.2998046875,12343.2998046875,12355.150390625,12278.75,12349.400390625,684400,-0.15369308543056182,-0.0015381131440847836
2020-01-16,12355.5,12355.5,12389.0498046875,12315.7998046875,12347.099609375,395700,0.09884063018437139,0.0009879181499700635
2020-01-17,12352.349609375,12352.349609375,12385.4501953125,12321.400390625,12328.400390625,502100,-0.0254978804985595,-0.00025501131760789477
2020-01-20,12224.5498046875,12224.5498046875,12430.5,12216.900390625,12430.5,491600,-1.0346193941151438,-0.01040008785925209
2020-01-21,12169.849609375,12169.849609375,12230.0498046875,12162.2998046875,12195.2998046875,400,-0.4474618385662321,-0.004484659455009181
2020-01-22,12106.900390625,12106.900390625,12225.0498046875,12087.900390625,12218.349609375,500,-0.5172555189302153,-0.005185979163736476
2020-01-23,12180.349609375,12180.349609375,12189.0,12094.099609375,12123.75,867700,0.606672363529781,0.0060483951593072694
2020-01-24,12248.25,12248.25,12272.150390625,12149.650390625,12174.5498046875,593200,0.5574584704263197,0.005559104211847819
2020-01-27,12119.0,12119.0,12216.599609375,12107.0,12197.099609375,441200,-1.0552527912150667,-0.010608600656474901
2020-01-28,12055.7998046875,12055.7998046875,12163.5498046875,12024.5,12148.099609375,478500,-0.5214967844912932,-0.005228613250633523
2020-01-29,12129.5,12129.5,12169.599609375,12103.7998046875,12114.900390625,514400,0.6113256399948197,0.006094646255253335
2020-01-30,12035.7998046875,12035.7998046875,12150.2998046875,12010.599609375,12147.75,538100,-0.7724984155365044,-0.007754976405079576
2020-01-31,11962.099609375,11962.099609375,12103.5498046875,11945.849609375,12100.400390625,771300,-0.6123414854723341,-0.006142239847635705
2020-02-03,11707.900390625,11707.900390625,11749.849609375,11614.5,11627.4501953125,669800,-2.1250384719316173,-0.02147942474929971
2020-02-04,11979.650390625,11979.650390625,11986.150390625,11783.400390625,11786.25,560400,2.321082268667074,0.02294554852001912
2020-02-05,12089.150390625,12089.150390625,12098.150390625,11953.349609375,12005.849609375,758000,0.9140500467834434,0.009098978920125088
2020-02-06,12137.9501953125,12137.9501953125,12160.599609375,12084.650390625,12120.0,565100,0.40366612301674376,0.00402853577236436
2020-02-07,12098.349609375,12098.349609375,12154.7001953125,12073.9501953125,12151.150390625,473500,-0.32625431230384194,-0.003267876820959125
2020-02-10,12031.5,12031.5,12103.5498046875,11990.75,12102.349609375,524700,-0.5525514763038308,-0.005540836887552729
2020-02-11,12107.900390625,12107.900390625,12172.2998046875,12099.0,12108.400390625,480000,0.6350030388978967,0.0063299538920958175
2020-02-12,12201.2001953125,12201.2001953125,12231.75,12144.2998046875,12151.0,411700,0.7705696419483266,0.0076761591804553895
2020-02-13,12174.650390625,12174.650390625,12225.650390625,12139.7998046875,12219.5498046875,501200,-0.21759994314084485,-0.002178370358219195
2020-02-14,12113.4501953125,12113.4501953125,12246.7001953125,12091.2001953125,12190.150390625,622800,-0.5026854435148831,-0.005039531569823334
2020-02-17,12045.7998046875,12045.7998046875,12159.599609375,12037.0,12131.7998046875,0,-0.558473346026378,-0.005600386389670753
2020-02-18,11992.5,11992.5,12030.75,11908.0498046875,12028.25,676900,-0.44247626186481037,-0.004434580853707973
2020-02-19,12125.900390625,12125.900390625,12134.7001953125,12042.099609375,12090.599609375,513600,1.112365150093808,0.011062238693018929
2020-02-20,12080.849609375,12080.849609375,12152.0,12071.4501953125,12119.0,502600,-0.3715252459506435,-0.003722171151700223
2020-02-24,11829.400390625,11829.400390625,12012.5498046875,11813.400390625,12012.5498046875,490800,-2.081386879900149,-0.02103353072205037
2020-02-25,11797.900390625,11797.900390625,11883.0498046875,11779.900390625,11877.5,461000,-0.2662856861702312,-0.002666408571566386
2020-02-26,11678.5,11678.5,11783.25,11639.599609375,11738.5498046875,567600,-1.0120477938589723,-0.010172038146389433
2020-02-27,11633.2998046875,11633.2998046875,11663.849609375,11536.7001953125,11661.25,608600,-0.3870376787472707,-0.0038778860778288546
2020-02-28,11201.75,11201.75,11384.7998046875,11175.0498046875,11382.0,809900,-3.709607866493836,-0.0378016423222764
2020-03-02,11132.75,11132.75,11433.0,11036.25,11387.349609375,680800,-0.6159751824491688,-0.0061788013630017435
2020-03-03,11303.2998046875,11303.2998046875,11342.25,11152.5498046875,11217.5498046875,696500,1.5319647408546855,0.015203486470954998
2020-03-04,11251.0,11251.0,11356.599609375,11082.150390625,11351.349609375,797700,-0.46269501465237006,-0.0046376876143074345
2020-03-05,11269.0,11269.0,11389.5,11244.599609375,11306.0498046875,1352500,0.15998577904186018,0.0015985793812774052
2020-03-06,10989.4501953125,10989.4501953125,11035.099609375,10827.400390625,10942.650390625,1811000,-2.4806975302821943,-0.02511985353017798
2020-03-09,10451.4501953125,10451.4501953125,10751.5498046875,10294.4501953125,10742.0498046875,1565500,-4.895604333595161,-0.05019499598647564
2020-03-11,10458.400390625,10458.400390625,10545.099609375,10334.0,10334.2998046875,1218500,0.06649981756232659,0.0006647771623133455
2020-03-12,9590.150390625,9590.150390625,10040.75,9508.0,10039.9501953125,1343500,-8.301938801064711,-0.08666894981793948
2020-03-13,9955.2001953125,9955.2001953125,10159.400390625,8555.150390625,9107.599609375,1388000,3.8065076126893693,0.03735847654239177
2020-03-16,9197.400390625,9197.400390625,9602.2001953125,9165.099609375,9587.7998046875,897700,-7.612100106679087,-0.07917416945110371
2020-03-17,8967.0498046875,8967.0498046875,9403.7998046875,8915.599609375,9285.400390625,935600,-2.504518409052825,-0.02536415171509603
2020-03-18,8468.7998046875,8468.7998046875,9127.5498046875,8407.0498046875,9088.4501953125,1516600,-5.556454027271506,-0.05716792711513327
2020-03-19,8263.4501953125,8263.4501953125,8575.4501953125,7832.5498046875,8063.2998046875,925700,-2.4247781753128472,-0.02454659954775134
2020-03-20,8745.4501953125,8745.4501953125,8883.0,8178.2001953125,8284.4501953125,1071500,5.832914685846569,0.05669138794443699
2020-03-23,7610.25,7610.25,8159.25,7583.60009765625,7945.7001953125,653500,-12.980466070471241,-0.13903756461051203
2020-03-24,7801.0498046875,7801.0498046875,8036.9501953125,7511.10009765625,7848.2998046875,738400,2.507142402516349,0.024762292138464665
2020-03-25,8317.849609375,8317.849609375,8376.75,7714.75,7735.14990234375,736900,6.624746894667499,0.06414544603118057
2020-03-26,8641.4501953125,8641.4501953125,8749.0498046875,8304.900390625,8451.0,865600,3.8904356430389475,0.03816665439616388
2020-03-27,8660.25,8660.25,9038.900390625,8522.900390625,8949.099609375,801500,0.21755381634551707,0.002173175106963937
2020-03-30,8281.099609375,8281.099609375,8576.0,8244.0,8385.9501953125,593300,-4.378053643081891,-0.04476782787370225
2020-03-31,8597.75,8597.75,8678.2998046875,8358.0,8529.349609375,712700,3.8237722713360567,0.03752477847769833
2020-04-01,8253.7998046875,8253.7998046875,8588.099609375,8198.349609375,8584.099609375,506300,-4.000467509668226,-0.040826864424490454
2020-04-03,8083.7998046875,8083.7998046875,8356.5498046875,8055.7998046875,8356.5498046875,697000,-2.0596574186770744,-0.02081164185069997
2020-04-07,8792.2001953125,8792.2001953125,8819.400390625,8360.9501953125,8446.2998046875,814200,8.763210467115034,0.08400295216282225
2020-04-08,8748.75,8748.75,9131.7001953125,8653.900390625,8688.900390625,896500,-0.4941902407507137,-0.004954153987953298
2020-04-09,9111.900390625,9111.900390625,9128.349609375,8904.5498046875,8973.0498046875,742100,4.150883161880259,0.0406704613937413
2020-04-13,8993.849609375,8993.849609375,9112.0498046875,8912.400390625,9103.9501953125,644000,-1.295567073707915,-0.013040327423561648
2020-04-15,8925.2998046875,8925.2998046875,9261.2001953125,8874.099609375,9196.400390625,879100,-0.7621853562688519,-0.007651048328648555
2020-04-16,8992.7998046875,8992.7998046875,9053.75,8821.900390625,8851.25,719400,0.7562771164790316,0.007534316783542481
2020-04-17,9266.75,9266.75,9324.0,9091.349609375,9323.4501953125,684200,3.046328187687486,0.03000848934711599
2020-04-20,9261.849609375,9261.849609375,9390.849609375,9230.7998046875,9390.2001953125,726400,-0.05288143766692954,-0.0005289542483047096
2020-04-21,8981.4501953125,8981.4501953125,9044.400390625,8909.400390625,9016.9501953125,655100,-3.0274667144095657,-0.030742409586860843
2020-04-22,9187.2998046875,9187.2998046875,9209.75,8946.25,9026.75,734400,2.291941778872575,0.022660713376927297
2020-04-23,9313.900390625,9313.900390625,9343.599609375,9170.150390625,9232.349609375,666700,1.377995587701486,0.013685875581327233
2020-04-24,9154.400390625,9154.400390625,9296.900390625,9141.2998046875,9163.900390625,659400,-1.7124941572334906,-0.017273269224786485
2020-04-27,9282.2998046875,9282.2998046875,9377.099609375,9250.349609375,9259.7001953125,512800,1.3971358975458648,0.01387465918374464
2020-04-28,9380.900390625,9380.900390625,9404.400390625,9260.0,9389.7998046875,614500,1.0622430648890235,0.010566409007242056
2020-04-29,9553.349609375,9553.349609375,9599.849609375,9392.349609375,9408.599609375,653000,1.8383013524196468,0.01821608855026957
2020-04-30,9859.900390625,9859.900390625,9889.0498046875,9731.5,9753.5,931200,3.208830345213909,0.03158422875946422
2020-05-04,9293.5,9293.5,9533.5,9266.9501953125,9533.5,687500,-5.744483901313502,-0.059160835126554547
2020-05-05,9205.599609375,9205.599609375,9450.900390625,9190.75,9429.400390625,725200,-0.9458265521601117,-0.009503278972569803
2020-05-06,9270.900390625,9270.900390625,9346.900390625,9116.5,9226.7998046875,722200,0.7093593467121684,0.0070685522845568985
2020-05-07,9199.0498046875,9199.0498046875,9277.849609375,9175.900390625,9234.0498046875,708700,-0.7750119504051356,-0.0077803077564110755
2020-05-08,9251.5,9251.5,9382.650390625,9238.2001953125,9376.9501953125,609100,0.5701697069383505,0.005685503917787226
2020-05-11,9239.2001953125,9239.2001953125,9439.900390625,9219.9501953125,9348.150390625,704600,-0.13294930214019507,-0.001330377581346701
2020-05-12,9196.5498046875,9196.5498046875,9240.849609375,9043.9501953125,9168.849609375,805500,-0.4616242718351149,-0.004626930470959459
2020-05-13,9383.5498046875,9383.5498046875,9584.5,9351.099609375,9584.2001953125,846400,2.033371253039773,0.02012974293547344
2020-05-14,9142.75,9142.75,9281.099609375,9119.75,9213.9501953125,602600,-2.5661909373274727,-0.025996919937107583
2020-05-15,9136.849609375,9136.849609375,9182.400390625,9050.0,9182.400390625,575900,-0.06453627874545287,-0.0006455711236580218
2020-05-18,8823.25,8823.25,9158.2998046875,8806.75,9158.2998046875,773000,-3.4322509703259896,-0.03492536149006188
2020-05-19,8879.099609375,8879.099609375,9030.349609375,8855.2998046875,8961.7001953125,762200,0.632982284022332,0.006309873650596998
2020-05-20,9066.5498046875,9066.5498046875,9093.7998046875,8875.349609375,8889.150390625,622300,2.1111396826158035,0.020891638839326522
2020-05-21,9106.25,9106.25,9178.5498046875,9056.099609375,9079.4501953125,631500,0.4378754451001221,0.004369195599480915
2020-05-22,9039.25,9039.25,9149.599609375,8968.5498046875,9067.900390625,675800,-0.735758407687026,-0.00738478460081561
2020-05-26,9029.0498046875,9029.0498046875,9161.650390625,8996.650390625,9099.75,655000,-0.11284338094974533,-0.00112907097030296
2020-05-27,9314.9501953125,9314.9501953125,9334.0,9004.25,9082.2001953125,763500,3.1664504771761637,0.0311735219299972
2020-05-28,9490.099609375,9490.099609375,9511.25,9336.5,9364.9501953125,837900,1.8803043536468778,0.018628451492543274
2020-05-29,9580.2998046875,9580.2998046875,9598.849609375,9376.900390625,9422.2001953125,967000,0.9504662651105722,0.009459777532853096
2020-06-01,9826.150390625,9826.150390625,9931.599609375,9706.9501953125,9726.849609375,794200,2.5662097319460564,0.025338352659720637
2020-06-02,9979.099609375,9979.099609375,9995.599609375,9824.0498046875,9880.849609375,770200,1.5565527970742954,0.015445627746472025
2020-06-03,10061.5498046875,10061.5498046875,10176.2001953125,10035.5498046875,10108.2998046875,794700,0.8262288035990828,0.008228342186278518
2020-06-04,10029.099609375,10029.099609375,10123.849609375,9944.25,10054.25,775100,-0.3225168681009971,-0.003230380747065696
2020-06-05,10142.150390625,10142.150390625,10177.7998046875,10040.75,10093.7998046875,987100,1.1272276241460544,0.01120921756965851
2020-06-08,10167.4501953125,10167.4501953125,10328.5,10120.25,10326.75,936500,0.24945207587225848,0.0024914146063167966
2020-06-09,10046.650390625,10046.650390625,10291.150390625,10021.4501953125,10181.150390625,754200,-1.1881032349997822,-0.011952175882067815
2020-06-10,10116.150390625,10116.150390625,10148.75,10036.849609375,10072.599609375,632400,0.6917728526201428,0.006893910822071789
2020-06-11,9902.0,9902.0,10112.0498046875,9885.0498046875,10094.099609375,715500,-2.116915846006606,-0.021396438367806456
2020-06-12,9972.900390625,9972.900390625,9996.0498046875,9544.349609375,9544.9501953125,796300,0.716020911179549,0.007134696525776951
2020-06-15,9813.7001953125,9813.7001953125,9943.349609375,9726.349609375,9919.349609375,716100,-1.5963279394844432,-0.016092064938005003
2020-06-16,9914.0,9914.0,10046.150390625,9728.5,10014.7998046875,899900,1.022038606145803,0.010168511071378764
2020-06-17,9881.150390625,9881.150390625,10003.599609375,9833.7998046875,9876.7001953125,685400,-0.3313456664817416,-0.0033189583187083734
2020-06-18,10091.650390625,10091.650390625,10111.2001953125,9845.0498046875,9863.25,622900,2.130318755189853,0.021079446670088396
2020-06-19,10244.400390625,10244.400390625,10272.400390625,10072.650390625,10119.0,892100,1.5136275444292302,0.015022865002949488
2020-06-22,10311.2001953125,10311.2001953125,10393.650390625,10277.599609375,10318.75,685400,0.6520616350433883,0.006499449097502718
2020-06-23,10471.0,10471.0,10484.7001953125,10301.75,10347.9501953125,669200,1.5497691991291696,0.015378829255110686
2020-06-24,10305.2998046875,10305.2998046875,10553.150390625,10281.9501953125,10529.25,854800,-1.5824677233549855,-0.015951224257763807
2020-06-25,10288.900390625,10288.900390625,10361.7998046875,10194.5,10235.5498046875,994200,-0.1591357298992957,-0.0015926248529521327
2020-06-26,10383.0,10383.0,10409.849609375,10311.25,10378.900390625,671900,0.914574014738645,0.00910417112670767
2020-06-29,10312.400390625,10312.400390625,10337.9501953125,10223.599609375,10311.9501953125,574500,-0.6799538608783573,-0.006822760798075913
2020-06-30,10302.099609375,10302.099609375,10401.0498046875,10267.349609375,10382.599609375,556200,-0.09988732845714887,-0.0009993724909477652
2020-07-01,10430.0498046875,10430.0498046875,10447.0498046875,10299.599609375,10323.7998046875,573600,1.2419817334717198,0.012343324106810436
2020-07-02,10551.7001953125,10551.7001953125,10598.2001953125,10485.5498046875,10493.0498046875,597400,1.1663452514898642,0.011595958752537541
2020-07-03,10607.349609375,10607.349609375,10631.2998046875,10562.650390625,10614.9501953125,525200,0.5273976044848361,0.005260117338821228
2020-07-06,10763.650390625,10763.650390625,10811.400390625,10695.099609375,10723.849609375,571200,1.4735139974255018,0.014627632603289031
2020-07-07,10799.650390625,10799.650390625,10813.7998046875,10689.7001953125,10802.849609375,636800,0.3344590235981215,0.003339009534036716
2020-07-08,10705.75,10705.75,10847.849609375,10676.5498046875,10818.650390625,767900,-0.8694762073642059,-0.008732782060989626
2020-07-09,10813.4501953125,10813.4501953125,10836.849609375,10733.0,10755.5498046875,618700,1.0060032721901813,0.01000976742529668
2020-07-10,10768.0498046875,10768.0498046875,10819.400390625,10713.0,10764.099609375,590700,-0.4198511095439339,-0.00420734959083762
2020-07-13,10802.7001953125,10802.7001953125,10894.0498046875,10756.0498046875,10851.849609375,554100,0.3217889149241815,0.003212722824094239
2020-07-14,10607.349609375,10607.349609375,10755.650390625,10562.900390625,10750.849609375,532400,-1.808349601540049,-0.018249000734889463
2020-07-15,10618.2001953125,10618.2001953125,10827.4501953125,10577.75,10701.0,715900,0.10229309240368245,0.001022408086719745
2020-07-16,10739.9501953125,10739.9501953125,10755.2998046875,10595.2001953125,10706.2001953125,694400,1.1466161662100571,0.011400923444823241
2020-07-17,10901.7001953125,10901.7001953125,10933.4501953125,10749.650390625,10752.0,676900,1.506059125586967,0.014948306530616993
2020-07-20,11022.2001953125,11022.2001953125,11037.900390625,10953.0,10999.4501953125,554300,1.1053321760931656,0.010992680250840313
2020-07-21,11162.25,11162.25,11179.5498046875,11113.25,11126.099609375,772000,1.2706156865764484,0.012626110991777935
2020-07-22,11132.599609375,11132.599609375,11238.099609375,11056.5498046875,11231.2001953125,765100,-0.2656309491813946,-0.002659843741967638
2020-07-23,11215.4501953125,11215.4501953125,11239.7998046875,11103.150390625,11135.0,621600,0.7442159858846331,0.007414603621325298
2020-07-24,11194.150390625,11194.150390625,11225.400390625,11090.2998046875,11149.9501953125,678900,-0.18991484351116306,-0.0019009541040186228
2020-07-27,11131.7998046875,11131.7998046875,11225.0,11087.849609375,11225.0,588100,-0.5569925698846956,-0.0055854955772852745
2020-07-28,11300.5498046875,11300.5498046875,11317.75,11151.400390625,11154.099609375,683900,1.51592736988444,0.015045520083450243
2020-07-29,11202.849609375,11202.849609375,11341.400390625,11149.75,11276.900390625,600700,-0.8645614328603224,-0.008683204468886633
2020-07-30,11102.150390625,11102.150390625,11299.9501953125,11084.9501953125,11254.2998046875,677800,-0.8988714680747911,-0.009029356907451743
2020-07-31,11073.4501953125,11073.4501953125,11150.400390625,11026.650390625,11139.5,642600,-0.2585102372305803,-0.002588449519166038
2020-08-03,10891.599609375,10891.599609375,11058.0498046875,10882.25,11057.5498046875,680900,-1.6422215545293994,-0.016558554850121334
2020-08-04,11095.25,11095.25,11112.25,10908.099609375,10946.650390625,625700,1.8697932161379383,0.01852527473195631
2020-08-05,11101.650390625,11101.650390625,11225.650390625,11064.0498046875,11155.75,667600,0.05768586219327965,0.0005766923029565639
2020-08-06,11200.150390625,11200.150390625,11256.7998046875,11127.2998046875,11185.7001953125,600400,0.8872554668374333,0.00883342483924069
2020-08-07,11214.0498046875,11214.0498046875,11231.900390625,11142.0498046875,11186.650390625,452600,0.12410024488720417,0.0012402330418245548
2020-08-10,11270.150390625,11270.150390625,11337.2998046875,11238.0,11270.25,492000,0.5002705259437024,0.004990233307851035
2020-08-11,11322.5,11322.5,11373.599609375,11299.150390625,11322.25,586100,0.4644978776729314,0.004634224153283686
2020-08-12,11308.400390625,11308.400390625,11322.0,11242.650390625,11289.0,609900,-0.12452735151247118,-0.0012460495124746427
2020-08-13,11300.4501953125,11300.4501953125,11359.2998046875,11269.9501953125,11334.849609375,562400,-0.07030344733010008,-0.0007032817179241128
2020-08-14,11178.400390625,11178.400390625,11366.25,11111.4501953125,11353.2998046875,645100,-1.0800437378868932,-0.010859185489107238
2020-08-17,11247.099609375,11247.099609375,11267.099609375,11144.5,11248.900390625,634000,0.6145711045349112,0.006126903182347498
2020-08-18,11385.349609375,11385.349609375,11401.7001953125,11253.150390625,11259.7998046875,579200,1.2292057935075373,0.012217124027310865
2020-08-19,11408.400390625,11408.400390625,11460.349609375,11394.099609375,11452.150390625,626200,0.2024600213507588,0.002022553472584474
2020-08-20,11312.2001953125,11312.2001953125,11361.4501953125,11289.7998046875,11317.4501953125,791600,-0.8432399987605033,-0.0084681538079335
2020-08-21,11371.599609375,11371.599609375,11418.5,11362.2001953125,11409.650390625,668700,0.5250916093857194,0.005237178104313519
2020-08-24,11466.4501953125,11466.4501953125,11497.25,11410.650390625,11412.0,532900,0.8341006471886514,0.008306412509926262
2020-08-25,11472.25,11472.25,11525.900390625,11423.349609375,11513.099609375,638200,0.05058064691958464,0.000505678592222556
2020-08-26,11549.599609375,11549.599609375,11561.75,11461.849609375,11512.849609375,743400,0.67423225064831,0.006719694702452173
2020-08-27,11559.25,11559.25,11617.349609375,11540.599609375,11609.2998046875,719800,0.08355606212675504,0.0008352117348219679
2020-08-28,11647.599609375,11647.599609375,11686.0498046875,11589.400390625,11602.9501953125,807000,0.7643195654994939,0.007614134421611744
2020-08-31,11387.5,11387.5,11794.25,11325.849609375,11777.5498046875,1371800,-2.2330747801946216,-0.0225838540823065
2020-09-01,11470.25,11470.25,11553.5498046875,11366.900390625,11464.2998046875,783800,0.7266739846322645,0.007240464307211334
2020-09-02,11535.0,11535.0,11554.75,11430.400390625,11478.5498046875,593500,0.5645038251127943,0.005629164732428894
2020-09-03,11527.4501953125,11527.4501953125,11584.9501953125,11507.650390625,11566.2001953125,607100,-0.06545127600779965,-0.0006547270470620276
2020-09-04,11333.849609375,11333.849609375,11452.0498046875,11303.650390625,11354.400390625,681300,-1.6794744948559814,-0.01693737589976223
2020-09-07,11355.0498046875,11355.0498046875,11381.150390625,11251.7001953125,11359.599609375,560300,0.18705202595032944,0.001868773014980915
2020-09-08,11317.349609375,11317.349609375,11437.25,11290.4501953125,11378.5498046875,572200,-0.33201259317187093,-0.003325649779789579
2020-09-09,11278.0,11278.0,11298.150390625,11185.150390625,11218.599609375,728900,-0.3476927967516641,-0.003482986529093653
2020-09-10,11449.25,11449.25,11464.0498046875,11327.400390625,11363.2998046875,679400,1.5184429863450921,0.01507030028649042
2020-09-11,11464.4501953125,11464.4501953125,11493.5,11419.900390625,11447.7998046875,554800,0.13276149365679668,0.0013267344350831917
2020-09-14,11440.0498046875,11440.0498046875,11568.900390625,11383.5498046875,11540.150390625,642300,-0.21283524468515003,-0.002130620607789219
2020-09-15,11521.7998046875,11521.7998046875,11535.9501953125,11442.25,11487.2001953125,506700,0.7145947910690342,0.007120536611649034
2020-09-16,11604.5498046875,11604.5498046875,11618.099609375,11516.75,11538.4501953125,527800,0.71820376506051,0.007156369643982706
2020-09-17,11516.099609375,11516.099609375,11587.2001953125,11498.5,11539.400390625,0,-0.7622027291120936,-0.007651223391398827
2020-09-18,11504.9501953125,11504.9501953125,11584.099609375,11446.099609375,11584.099609375,764200,-0.09681588767627147,-0.0009686278452831663
2020-09-21,11250.5498046875,11250.5498046875,11535.25,11218.5,11503.7998046875,602900,-2.211225483867385,-0.022360395533691877
2020-09-22,11153.650390625,11153.650390625,11302.2001953125,11084.650390625,11301.75,672200,-0.861286032635733,-0.008650165364363744
2020-09-23,11131.849609375,11131.849609375,11259.5498046875,11024.400390625,11258.75,714900,-0.19545871070447696,-0.0019564998051874198
2020-09-24,10805.5498046875,10805.5498046875,11015.2998046875,10790.2001953125,11011.0,706100,-2.9312272096516434,-0.02975046086629724
2020-09-25,11050.25,11050.25,11072.599609375,10854.849609375,10910.400390625,559600,2.2645788482354545,0.02239317919403798
2020-09-28,11227.5498046875,11227.5498046875,11239.349609375,11099.849609375,11140.849609375,472800,1.6044868187371275,0.015917509782938703
2020-09-29,11222.400390625,11222.400390625,11305.400390625,11181.0,11288.599609375,498300,-0.04586409458945395,-0.00045874615382283734
2020-09-30,11247.5498046875,11247.5498046875,11295.400390625,11184.5498046875,11244.4501953125,499300,0.2241001317642377,0.0022384940193966077
2020-10-01,11416.9501953125,11416.9501953125,11428.599609375,11347.0498046875,11364.4501953125,447700,1.5061092732783665,0.014948800566928164
2020-10-05,11503.349609375,11503.349609375,11578.0498046875,11452.2998046875,11487.7998046875,530600,0.7567643949079716,0.007539152980994381
2020-10-06,11662.400390625,11662.400390625,11680.2998046875,11564.2998046875,11603.4501953125,561400,1.3826475474619793,0.013731761801546099
2020-10-07,11738.849609375,11738.849609375,11763.0498046875,11629.349609375,11679.25,513400,0.6555187284725372,0.006533795478530655
2020-10-08,11834.599609375,11834.599609375,11905.7001953125,11791.150390625,11835.400390625,608800,0.8156676606839941,0.008123590712403974
2020-10-09,11914.2001953125,11914.2001953125,11938.599609375,11805.2001953125,11852.0498046875,611100,0.672609032539162,0.00670357110102055
2020-10-12,11930.9501953125,11930.9501953125,12022.0498046875,11867.2001953125,11973.5498046875,522600,0.14058853909966196,0.0014048980594053501
2020-10-13,11934.5,11934.5,11988.2001953125,11888.900390625,11934.650390625,458300,0.029752908438873682,0.0002974848313881938
2020-10-14,11971.0498046875,11971.0498046875,11997.2001953125,11822.150390625,11917.400390625,569200,0.3062533385353339,0.0030578533826602027
2020-10-15,11680.349609375,11680.349609375,12025.4501953125,11661.2998046875,12023.4501953125,608900,-2.428360085835335,-0.024583309443990238
2020-10-16,11762.4501953125,11762.4501953125,11789.75,11667.849609375,11727.400390625,555800,0.7028949362235082,0.007004361448563385
2020-10-19,11873.0498046875,11873.0498046875,11898.25,11820.400390625,11879.2001953125,541400,0.9402769621849272,0.009358838750109354
2020-10-20,11896.7998046875,11896.7998046875,11949.25,11837.25,11861.0,453600,0.2000328507897331,0.0019983305148122575
2020-10-21,11937.650390625,11937.650390625,12018.650390625,11775.75,11958.5498046875,623700,0.34337457642519276,0.003427863919924764
2020-10-22,11896.4501953125,11896.4501953125,11939.5498046875,11823.4501953125,11890.0,544900,-0.34512817819539743,-0.0034572511936285335
2020-10-23,11930.349609375,11930.349609375,11974.5498046875,11908.75,11957.900390625,502300,0.28495402835257977,0.002845488039808009
2020-10-26,11767.75,11767.75,11942.849609375,11711.7001953125,11937.400390625,519800,-1.3629073304543216,-0.01372280171939824
2020-10-27,11889.400390625,11889.400390625,11899.0498046875,11723.0,11807.099609375,616300,1.0337608346965288,0.010284540688903391
2020-10-28,11729.599609375,11729.599609375,11929.400390625,11684.849609375,11922.599609375,704000,-1.34406089457636,-0.013531751526031222
2020-10-29,11670.7998046875,11670.7998046875,11744.150390625,11606.4501953125,11633.2998046875,555000,-0.5012942184360991,-0.0050255491286022155
2020-10-30,11642.400390625,11642.400390625,11748.9501953125,11535.4501953125,11678.4501953125,553700,-0.24333734223676018,-0.0024363388871728973
2020-11-02,11669.150390625,11669.150390625,11725.650390625,11557.400390625,11697.349609375,568400,0.2297636149117599,0.00229500061940095
2020-11-03,11813.5,11813.5,11836.2001953125,11723.2998046875,11734.4501953125,674300,1.237019016319918,0.01229430453308261
2020-11-04,11908.5,11908.5,11929.650390625,11756.400390625,11783.349609375,667300,0.8041647267956087,0.008009485529747545
2020-11-05,12120.2998046875,12120.2998046875,12131.099609375,12027.599609375,12062.400390625,632500,1.7785598915690537,0.017629285844443805
2020-11-06,12263.5498046875,12263.5498046875,12280.400390625,12131.849609375,12156.650390625,576800,1.1819014571289532,0.011749715515175936
2020-11-09,12461.0498046875,12461.0498046875,12474.0498046875,12367.349609375,12399.400390625,553400,1.6104635537461442,0.015976331587139476
2020-11-10,12631.099609375,12631.099609375,12643.900390625,12475.25,12556.400390625,847500,1.364650710436388,0.013554232066476922
2020-11-11,12749.150390625,12749.150390625,12769.75,12571.099609375,12680.599609375,880500,0.9346041508720315,0.009302637490367565
2020-11-12,12690.7998046875,12690.7998046875,12741.150390625,12624.849609375,12702.150390625,622000,-0.45768215253314537,-0.004587327240413277
2020-11-13,12719.9501953125,12719.9501953125,12735.9501953125,12607.7001953125,12659.7001953125,513900,0.2296970330761372,0.0022943363271255195
2020-11-17,12874.2001953125,12874.2001953125,12934.0498046875,12797.099609375,12932.5,707700,1.2126619808373373,0.012053681426341886
2020-11-18,12938.25,12938.25,12948.849609375,12819.349609375,12860.099609375,731300,0.4975051165572175,0.004962716492027381
2020-11-19,12771.7001953125,12771.7001953125,12963.0,12745.75,12839.5,768800,-1.287266861341374,-0.012956239372488106
2020-11-20,12859.0498046875,12859.0498046875,12892.4501953125,12730.25,12813.400390625,664000,0.683930941371913,0.006816027431926412
2020-11-23,12926.4501953125,12926.4501953125,12968.849609375,12825.7001953125,12960.2998046875,633100,0.5241475198302092,0.0052277864790618534
2020-11-24,13055.150390625,13055.150390625,13079.099609375,12978.0,13002.599609375,571900,0.9956344809897599,0.009907106958531581
2020-11-25,12858.400390625,12858.400390625,13145.849609375,12833.650390625,13130.0,679000,-1.5070680468092346,-0.015185397205090293
2020-11-26,12987.0,12987.0,13018.0,12790.400390625,12906.4501953125,549800,1.0001213639976747,0.009951532476185488
2020-11-27,12968.9501953125,12968.9501953125,13035.2998046875,12914.2998046875,13012.0498046875,1162400,-0.1389836350773832,-0.0013908030691388337
2020-12-01,13109.0498046875,13109.0498046875,13128.400390625,12962.7998046875,13062.2001953125,583600,1.0802694687318537,0.01074476242399418
2020-12-02,13113.75,13113.75,13128.5,12983.5498046875,13121.400390625,717700,0.03585458429504751,0.0003584815807498976
2020-12-03,13133.900390625,13133.900390625,13216.599609375,13107.900390625,13215.2998046875,713700,0.15365849299400214,0.0015354055912646832
2020-12-04,13258.5498046875,13258.5498046875,13280.0498046875,13152.849609375,13177.400390625,640500,0.9490662358873525,0.009445908959648398
2020-12-07,13355.75,13355.75,13366.650390625,13241.9501953125,13264.849609375,591700,0.7331133249439903,0.007304391112653887
2020-12-08,13392.9501953125,13392.9501953125,13435.4501953125,13311.0498046875,13393.849609375,543200,0.2785331809333158,0.002781459960611745
2020-12-09,13529.099609375,13529.099609375,13548.900390625,13449.599609375,13458.099609375,502600,1.0165752285866914,0.010114428562528128
2020-12-10,13478.2998046875,13478.2998046875,13503.5498046875,13399.2998046875,13488.5,553400,-0.37548548058806697,-0.0037619219695161584
2020-12-11,13513.849609375,13513.849609375,13579.349609375,13402.849609375,13512.2998046875,787700,0.2637558535026452,0.0026340862816878062
2020-12-14,13558.150390625,13558.150390625,13597.5,13472.4501953125,13571.4501953125,558400,0.32781762806703973,0.0032728147749187795
2020-12-15,13567.849609375,13567.849609375,13589.650390625,13447.0498046875,13547.2001953125,497600,0.07153791977927426,0.0007151234360649028
2020-12-16,13682.7001953125,13682.7001953125,13692.349609375,13606.4501953125,13663.099609375,462200,0.8464907059269056,0.008429280641864136
2020-12-17,13740.7001953125,13740.7001953125,13773.25,13673.5498046875,13713.5498046875,416000,0.4238929390550483,0.004229970438016461
2020-12-18,13760.5498046875,13760.5498046875,13772.849609375,13658.599609375,13764.400390625,519400,0.1444584998788523,0.0014435425896574643
2020-12-21,13328.400390625,13328.400390625,13777.5,13131.4501953125,13741.900390625,687300,-3.14049525779333,-0.03190866215630266
2020-12-22,13466.2998046875,13466.2998046875,13492.0498046875,13192.900390625,13373.650390625,696200,1.0346283876607965,0.010293127415086657
2020-12-23,13601.099609375,13601.099609375,13619.4501953125,13432.2001953125,13473.5,458700,1.0010159185716239,0.009960389402299756
2020-12-24,13749.25,13749.25,13771.75,13626.900390625,13672.150390625,471400,1.089253037474136,0.01083363406633502
2020-12-28,13873.2001953125,13873.2001953125,13885.2998046875,13811.5498046875,13815.150390625,403600,0.9015051389166695,0.008974658395164679
2020-12-29,13932.599609375,13932.599609375,13967.599609375,13859.900390625,13910.349609375,439600,0.4281594241144937,0.004272454296258275
2020-12-30,13981.9501953125,13981.9501953125,13997.0,13864.9501953125,13980.900390625,380700,0.3542094606974411,0.003535836164182277
2020-12-31,13981.75,13981.75,14024.849609375,13936.4501953125,13970.0,452400,-0.0014318125132972703,-1.4318227638304822e-05
2021-01-01,14018.5,14018.5,14049.849609375,13991.349609375,13996.099609375,358100,0.26284263414808606,0.002624978069994666
2021-01-04,14132.900390625,14132.900390625,14147.9501953125,13953.75,14104.349609375,495000,0.8160672727110629,0.008127554493474463
2021-01-05,14199.5,14199.5,14215.599609375,14048.150390625,14075.150390625,492500,0.47123808655142874,0.00470131235786493
2021-01-06,14146.25,14146.25,14244.150390625,14039.900390625,14240.9501953125,632300,-0.37501320469031096,-0.0037571814216639365
2021-01-07,14137.349609375,14137.349609375,14256.25,14123.099609375,14253.75,559200,-0.06291696120880319,-0.0006293676223474675
2021-01-08,14347.25,14347.25,14367.2998046875,14221.650390625,14258.400390625,613500,1.4847223590326086,0.014738082534464191
2021-01-11,14484.75,14484.75,14498.2001953125,14383.099609375,14474.0498046875,672900,0.9583718134137165,0.00953808562855032
2021-01-12,14563.4501953125,14563.4501953125,14590.650390625,14432.849609375,14473.7998046875,929600,0.5433314024232416,0.0054186068221036155
2021-01-13,14564.849609375,14564.849609375,14653.349609375,14435.7001953125,14639.7998046875,874000,0.009609083312889233,9.608621670051523e-05
2021-01-14,14595.599609375,14595.599609375,14617.7998046875,14471.5,14550.0498046875,620200,0.21112473403230858,0.002109021789565324
2021-01-15,14433.7001953125,14433.7001953125,14617.4501953125,14357.849609375,14594.349609375,789600,-1.1092344158201595,-0.01115432296065278
2021-01-18,14281.2998046875,14281.2998046875,14459.150390625,14222.7998046875,14453.2998046875,762000,-1.0558650142566628,-0.010614788200058034
2021-01-19,14521.150390625,14521.150390625,14546.0498046875,14350.849609375,14371.650390625,546100,1.6794730817062842,0.01665525875641371
2021-01-20,14644.7001953125,14644.7001953125,14666.4501953125,14517.5498046875,14538.2998046875,623100,0.8508265623863087,0.008472274336760961
2021-01-21,14590.349609375,14590.349609375,14753.5498046875,14517.25,14730.9501953125,704600,-0.37112802046228577,-0.003718184091801354
2021-01-22,14371.900390625,14371.900390625,14619.900390625,14357.75,14583.400390625,776800,-1.4972171647596122,-0.015085386074712022
2021-01-25,14238.900390625,14238.900390625,14491.099609375,14218.599609375,14477.7998046875,618600,-0.9254169343308138,-0.009297255190251277
2021-01-27,13967.5,13967.5,14237.9501953125,13929.2998046875,14237.9501953125,660700,-1.9060488041877988,-0.019244480891583437
2021-01-28,13817.5498046875,13817.5498046875,13898.25,13713.25,13810.400390625,637900,-1.0735650281904374,-0.010793693167934581
2021-01-29,13634.599609375,13634.599609375,13966.849609375,13596.75,13946.599609375,753200,-1.3240422354072856,-0.013328858232496075
2021-02-01,14281.2001953125,14281.2001953125,14336.349609375,13661.75,13758.599609375,870500,4.742351110133836,0.04633334971971787
2021-02-02,14647.849609375,14647.849609375,14731.7001953125,14469.150390625,14481.099609375,915000,2.567357148195737,0.025349539675742865
2021-02-03,14789.9501953125,14789.9501953125,14868.849609375,14574.150390625,14754.900390625,869500,0.9701122671723184,0.009654368913945022
2021-02-04,14895.650390625,14895.650390625,14913.7001953125,14714.75,14789.0498046875,884700,0.7146758029381362,0.007121340982025425
2021-02-05,14924.25,14924.25,15014.650390625,14864.75,14952.599609375,935600,0.19199973566108586,0.0019181565175802602
2021-02-08,15115.7998046875,15115.7998046875,15159.900390625,15041.0498046875,15064.2998046875,671200,1.283480273296811,0.012753134705385865
2021-02-09,15109.2998046875,15109.2998046875,15257.099609375,15064.2998046875,15164.150390625,713300,-0.04300136336804483,-0.00043010611605642915
2021-02-10,15106.5,15106.5,15168.25,14977.2001953125,15119.0498046875,624800,-0.018530340410816137,-0.00018532057490518592
2021-02-11,15173.2998046875,15173.2998046875,15188.5,15065.400390625,15073.25,500100,0.4421924647502795,0.004412176664707947
2021-02-12,15163.2998046875,15163.2998046875,15243.5,15081.0,15186.2001953125,571800,-0.06590524229219685,-0.0006592696934370658
2021-02-15,15314.7001953125,15314.7001953125,15340.150390625,15243.400390625,15270.2998046875,456000,0.9984659841533849,0.009935142462115996
2021-02-16,15313.4501953125,15313.4501953125,15431.75,15242.2001953125,15371.4501953125,648500,-0.008162092525865194,-8.162425642763527e-05
2021-02-17,15208.900390625,15208.900390625,15314.2998046875,15170.75,15279.900390625,504800,-0.6827318687430917,-0.006850731452785171
2021-02-18,15118.9501953125,15118.9501953125,15250.75,15078.0498046875,15238.7001953125,770600,-0.5914312869584326,-0.005931871684390037
2021-02-19,14981.75,14981.75,15144.0498046875,14898.2001953125,15074.7998046875,712200,-0.9074717063029758,-0.009116143118184506
2021-02-22,14675.7001953125,14675.7001953125,15010.099609375,14635.0498046875,14999.0498046875,609900,-2.042817459158641,-0.02063971564030592
2021-02-23,14707.7998046875,14707.7998046875,14854.5,14651.849609375,14782.25,744100,0.21872625461001327,0.002184873969705697
2021-02-24,14982.0,14982.0,15008.7998046875,14504.5,14729.150390625,403800,1.864318245786234,0.01847152850052029
2021-02-25,15097.349609375,15097.349609375,15176.5,15065.349609375,15079.849609375,803900,0.7699213013950157,0.007669725331353619
2021-02-26,14529.150390625,14529.150390625,14919.4501953125,14467.75,14888.599609375,1103600,-3.7635693247585977,-0.03836220275630364
2021-03-01,14761.5498046875,14761.5498046875,14806.7998046875,14638.5498046875,14702.5,507300,1.5995389118723446,0.01586881087701919
2021-03-02,14919.099609375,14919.099609375,14959.099609375,14760.7998046875,14865.2998046875,621700,1.0672985341787733,0.010616431079728933
2021-03-03,15245.599609375,15245.599609375,15273.150390625,14995.7998046875,15064.400390625,544200,2.1884698711632122,0.02164866615239294
2021-03-04,15080.75,15080.75,15202.349609375,14980.2001953125,15026.75,534900,-1.0812930524138231,-0.010871815118793142
2021-03-05,14938.099609375,14938.099609375,15092.349609375,14862.099609375,14977.9501953125,640700,-0.9459104528952489,-0.009504125991607463
2021-03-08,14956.2001953125,14956.2001953125,15111.150390625,14919.900390625,15002.4501953125,0,0.12117060677612201,0.001210972544447202
2021-03-09,15098.400390625,15098.400390625,15126.849609375,14925.4501953125,15049.900390625,675300,0.9507775601791391,0.009462861169810146
2021-03-10,15174.7998046875,15174.7998046875,15218.4501953125,15100.849609375,15202.150390625,404600,0.5060099883821945,0.005047340602462587
2021-03-12,15030.9501953125,15030.9501953125,15336.2998046875,14953.599609375,15321.150390625,493200,-0.9479506235763657,-0.009524722735275023
2021-03-15,14929.5,14929.5,15048.400390625,14745.849609375,15048.400390625,467500,-0.6749419963093084,-0.006772300308835674
2021-03-16,14910.4501953125,14910.4501953125,15051.599609375,14890.650390625,14996.099609375,100,-0.1275984104457617,-0.0012767988653300596
2021-03-17,14721.2998046875,14721.2998046875,14956.5498046875,14696.0498046875,14946.5498046875,100,-1.2685759862868795,-0.01276691115553913
2021-03-18,14557.849609375,14557.849609375,14875.2001953125,14478.599609375,14855.5,542200,-1.1102973071742905,-0.011165071153974405
2021-03-19,14744.0,14744.0,14788.25,14350.099609375,14471.150390625,919200,1.2786942826028547,0.012705880170274957
2021-03-22,14736.400390625,14736.400390625,14763.900390625,14597.849609375,14736.2998046875,459000,-0.0515437423697751,-0.0005155703072306843
2021-03-23,14814.75,14814.75,14878.599609375,14707.0,14768.5498046875,474200,0.531673999743143,0.005302656033791128
2021-03-24,14549.400390625,14549.400390625,14752.349609375,14535.0,14712.4501953125,456400,-1.7911176994211853,-0.018073523592070435
2021-03-25,14324.900390625,14324.900390625,14575.599609375,14264.400390625,14570.900390625,606800,-1.5430189146808937,-0.015550473459416195
2021-03-26,14507.2998046875,14507.2998046875,14572.900390625,14414.25,14506.2998046875,481000,1.2733031929623273,0.012652648509180619
2021-03-30,14845.099609375,14845.099609375,14876.2998046875,14617.599609375,14628.5,594500,2.328481586755049,0.023017860602701366
2021-03-31,14690.7001953125,14690.7001953125,14813.75,14670.25,14811.849609375,463900,-1.0400699094332388,-0.010455164345430578
2021-04-01,14867.349609375,14867.349609375,14883.2001953125,14692.4501953125,14798.400390625,445000,1.202457416691849,0.011952853344086897
2021-04-05,14637.7998046875,14637.7998046875,14849.849609375,14459.5,14837.7001953125,509700,-1.543986054802604,-0.015560296479187625
2021-04-06,14683.5,14683.5,14779.099609375,14573.900390625,14737.0,475300,0.3122067245233451,0.0031172037135109875
2021-04-07,14819.0498046875,14819.0498046875,14879.7998046875,14649.849609375,14716.4501953125,0,0.9231436965811968,0.0091890876818974
2021-04-08,14873.7998046875,14873.7998046875,14984.150390625,14821.099609375,14875.650390625,514800,0.36945688638336804,0.003687760707936765
2021-04-09,14834.849609375,14834.849609375,14918.4501953125,14785.650390625,14882.650390625,504100,-0.26187118170183377,-0.0026221466406612408
2021-04-12,14310.7998046875,14310.7998046875,14652.5,14248.7001953125,14644.650390625,650200,-3.5325589304007643,-0.03596463281723922
2021-04-13,14504.7998046875,14504.7998046875,14528.900390625,14274.900390625,14364.900390625,605100,1.3556195506029933,0.013465132344700306
2021-04-15,14581.4501953125,14581.4501953125,14597.5498046875,14353.2001953125,14522.400390625,568000,0.5284484560774683,0.005270570669209097
2021-04-16,14617.849609375,14617.849609375,14697.7001953125,14559.0,14599.599609375,577200,0.2496282165007191,0.0024931716281266104
2021-04-19,14359.4501953125,14359.4501953125,14382.2998046875,14191.400390625,14306.599609375,512300,-1.7676978554819645,-0.01783508230882999
2021-04-20,14296.400390625,14296.400390625,14526.9501953125,14207.2998046875,14526.7001953125,467400,-0.43908230349990474,-0.0044004910090830246
2021-04-22,14406.150390625,14406.150390625,14424.75,14151.400390625,14219.150390625,524600,0.7676757575422188,0.007647441212800463
2021-04-23,14341.349609375,14341.349609375,14461.150390625,14273.2998046875,14326.349609375,498100,-0.44981330537942066,-0.004508280094204329
2021-04-26,14485.0,14485.0,14557.5,14421.2998046875,14449.4501953125,452700,1.0016518287169873,0.009966685459202936
2021-04-27,14653.0498046875,14653.0498046875,14667.5498046875,14484.849609375,14493.7998046875,451800,1.1601643402658013,0.011534860370141113
2021-04-28,14864.5498046875,14864.5498046875,14890.25,14694.9501953125,14710.5,457000,1.4433855260107098,0.014330678808834763
2021-04-29,14894.900390625,14894.900390625,15044.349609375,14814.4501953125,14979.0,517500,0.20418099664161193,0.002039728305535653
2021-04-30,14631.099609375,14631.099609375,14855.4501953125,14601.7001953125,14747.349609375,613900,-1.7710812045177438,-0.017869525228607498
2021-05-03,14634.150390625,14634.150390625,14673.849609375,14416.25,14481.0498046875,448900,0.02085134632017205,0.0002084917272909865
2021-05-04,14496.5,14496.5,14723.400390625,14461.5,14687.25,503400,-0.940610742344028,-0.009450624224999165
2021-05-05,14617.849609375,14617.849609375,14637.900390625,14506.599609375,14604.150390625,455900,0.8370959153933599,0.008336116981918119
2021-05-06,14724.7998046875,14724.7998046875,14743.900390625,14611.5,14668.349609375,467800,0.73164109749706,0.007289775876840782
2021-05-07,14823.150390625,14823.150390625,14863.0498046875,14765.5,14816.849609375,488000,0.6679247748155426,0.006657040403640492
2021-05-10,14942.349609375,14942.349609375,14966.900390625,14892.5,14928.25,522000,0.8041422748121585,0.008009262800994111
2021-05-11,14850.75,14850.75,14900.0,14771.400390625,14789.7001953125,647400,-0.6130201191218876,-0.006149068019026527
2021-05-12,14696.5,14696.5,14824.0498046875,14649.7001953125,14823.5498046875,643800,-1.03866808073666,-0.0104409988264523
2021-05-14,14677.7998046875,14677.7998046875,14749.650390625,14591.900390625,14749.400390625,620700,-0.12724250884564858,-0.001273235308628596
2021-05-17,14923.150390625,14923.150390625,14938.0,14725.349609375,14756.25,546400,1.6715760481972541,0.016577589783995917
2021-05-18,15108.099609375,15108.099609375,15137.25,15043.7001953125,15067.2001953125,583900,1.2393443335275034,0.012317273309973075
2021-05-19,15030.150390625,15030.150390625,15133.400390625,15008.849609375,15058.599609375,569100,-0.5159432408138875,-0.005172788238334181
2021-05-20,14906.0498046875,14906.0498046875,15069.7998046875,14884.900390625,15042.599609375,480300,-0.8256776060930671,-0.008291052039504188
2021-05-21,15175.2998046875,15175.2998046875,15190.0,14985.849609375,14987.7998046875,572900,1.806313567497475,0.01790193553229923
2021-05-24,15197.7001953125,15197.7001953125,15256.25,15145.4501953125,15211.349609375,579800,0.1476108604989923,0.0014750202275935762
2021-05-25,15208.4501953125,15208.4501953125,15293.849609375,15163.400390625,15291.75,441500,0.07073438653115716,0.0007070938155468382
2021-05-26,15301.4501953125,15301.4501953125,15319.900390625,15194.9501953125,15257.0498046875,384000,0.6115021504864648,0.0060964006336564555
2021-05-27,15337.849609375,15337.849609375,15384.5498046875,15272.5,15323.9501953125,0,0.2378821196545866,0.0023759962804964516
2021-05-28,15435.650390625,15435.650390625,15469.650390625,15394.75,15421.2001953125,468100,0.6376433707514062,0.006356190262519319
2021-05-31,15582.7998046875,15582.7998046875,15606.349609375,15374.0,15437.75,436000,0.9533088035724946,0.00948793489109113
2021-06-01,15574.849609375,15574.849609375,15660.75,15528.2998046875,15629.650390625,409600,-0.05101904286871628,-0.000510320620107419
2021-06-02,15576.2001953125,15576.2001953125,15597.4501953125,15459.849609375,15520.349609375,428600,0.00867158252806366,8.67120656808025e-05
2021-06-03,15690.349609375,15690.349609375,15705.099609375,15611.0,15655.5498046875,410200,0.7328450625387672,0.007301728008600275
2021-06-04,15670.25,15670.25,15733.599609375,15622.349609375,15712.5,414200,-0.1281017305247989,-0.0012818385093088212
2021-06-07,15751.650390625,15751.650390625,15773.4501953125,15678.099609375,15725.099609375,394000,0.519458149199914,0.0051811361952536165
2021-06-08,15740.099609375,15740.099609375,15778.7998046875,15680.0,15773.900390625,378200,-0.07333060957773752,-0.0007335750962069031
2021-06-09,15635.349609375,15635.349609375,15800.4501953125,15566.900390625,15766.2998046875,457900,-0.6654976944212576,-0.0066772200430738555
2021-06-10,15737.75,15737.75,15751.25,15648.5,15692.099609375,298300,0.6549286916079033,0.006527933518834105
2021-06-11,15799.349609375,15799.349609375,15835.5498046875,15749.7998046875,15796.4501953125,363000,0.3914130633349666,0.003906490354253145
2021-06-14,15811.849609375,15811.849609375,15823.0498046875,15606.5,15791.400390625,392900,0.07911718082738162,0.0007908589968395644
2021-06-15,15869.25,15869.25,15901.599609375,15842.400390625,15866.9501953125,323300,0.3630213545097627,0.003623640223476974
2021-06-16,15767.5498046875,15767.5498046875,15880.849609375,15742.599609375,15847.5,340200,-0.6408632752808119,-0.006429256198967984
2021-06-17,15691.400390625,15691.400390625,15769.349609375,15616.75,15648.2998046875,357600,-0.48295020472909345,-0.004841201776747716
2021-06-18,15683.349609375,15683.349609375,15761.5,15450.900390625,15756.5,640800,-0.0513069646403852,-0.0005132013116724437
2021-06-21,15746.5,15746.5,15765.150390625,15505.650390625,15525.849609375,351500,0.40265882096546246,0.0040185031994205474
2021-06-22,15772.75,15772.75,15895.75,15752.099609375,15840.5,322200,0.16670371193598932,0.0016656491552922152
2021-06-23,15686.9501953125,15686.9501953125,15862.9501953125,15673.9501953125,15862.7998046875,287500,-0.5439749231269109,-0.005454598542621072
2021-06-24,15790.4501953125,15790.4501953125,15821.400390625,15702.7001953125,15737.2998046875,316700,0.6597840798329813,0.006576170313444658
2021-06-25,15860.349609375,15860.349609375,15870.7998046875,15772.2998046875,15839.349609375,314600,0.44266891189239654,0.004416920149496724
2021-06-28,15814.7001953125,15814.7001953125,15915.650390625,15792.150390625,15915.349609375,255100,-0.28782098242977616,-0.0028823598351750412
2021-06-29,15748.4501953125,15748.4501953125,15835.900390625,15724.0498046875,15807.5,360300,-0.41891404314852165,-0.004197939462444536
2021-06-30,15721.5,15721.5,15839.099609375,15708.75,15776.900390625,262400,-0.17112919035373597,-0.0017127578361914226
2021-07-01,15680.0,15680.0,15755.5498046875,15667.0498046875,15755.0498046875,224900,-0.2639697229908089,-0.0026431873739428875
2021-07-02,15722.2001953125,15722.2001953125,15738.349609375,15635.9501953125,15705.849609375,254800,0.2691338986766656,0.0026877238189711517
2021-07-05,15834.349609375,15834.349609375,15845.9501953125,15762.0498046875,15793.400390625,207000,0.7133188273225066,0.007107867426692256
2021-07-06,15818.25,15818.25,15914.2001953125,15801.0,15813.75,391400,-0.10167521731027085,-0.0010172694162285671
2021-07-07,15879.650390625,15879.650390625,15893.5498046875,15779.7001953125,15819.599609375,329300,0.3881617158977724,0.003874103121228537
2021-07-08,15727.900390625,15727.900390625,15885.75,15682.900390625,15855.400390625,307900,-0.95562557277451,-0.009602209739377547
2021-07-09,15689.7998046875,15689.7998046875,15730.849609375,15632.75,15688.25,243200,-0.24224839292732447,-0.0024254228908178565
2021-07-12,15692.599609375,15692.599609375,15789.2001953125,15644.75,15766.7998046875,216300,0.017844744498685117,0.00017843152513541638
2021-07-13,15812.349609375,15812.349609375,15820.7998046875,15744.599609375,15794.0,246700,0.7630985495128417,0.0076020168050800795
2021-07-14,15853.9501953125,15853.9501953125,15877.349609375,15764.2001953125,15808.7001953125,0,0.26308921169333477,0.00262743737830436
2021-07-15,15924.2001953125,15924.2001953125,15952.349609375,15855.0,15872.150390625,284900,0.4431072328003882,0.0044212840314639245
2021-07-16,15923.400390625,15923.400390625,15962.25,15882.599609375,15958.349609375,276300,-0.0050225736783704455,-5.022699813825734e-05
2021-07-19,15752.400390625,15752.400390625,15836.900390625,15707.5,15754.5,242100,-1.0738912280361723,-0.010796990571541962
2021-07-20,15632.099609375,15632.099609375,15728.4501953125,15578.5498046875,15703.9501953125,274300,-0.76369809214345,-0.007666291987629491
2021-07-22,15824.0498046875,15824.0498046875,15834.7998046875,15726.400390625,15736.599609375,265300,1.2279233123449584,0.012204454864528006
2021-07-23,15856.0498046875,15856.0498046875,15899.7998046875,15768.400390625,15856.7998046875,294100,0.2022238326785386,0.0020201963552988087
2021-07-26,15824.4501953125,15824.4501953125,15893.349609375,15797.0,15849.2998046875,267100,-0.19929055322251976,-0.001994894010794567
2021-07-27,15746.4501953125,15746.4501953125,15881.5498046875,15701.0,15860.5,311000,-0.4929081202650898,-0.004941269190283573
2021-07-28,15709.400390625,15709.400390625,15767.5,15513.4501953125,15761.5498046875,318600,-0.2352898858342667,-0.0023556712745251398
2021-07-29,15778.4501953125,15778.4501953125,15817.349609375,15737.7998046875,15762.7001953125,401600,0.4395444954646832,0.0043858132000563635
2021-07-30,15763.0498046875,15763.0498046875,15862.7998046875,15744.849609375,15800.599609375,400000,-0.0976039499086867,-0.000976516135808173
2021-08-02,15885.150390625,15885.150390625,15892.900390625,15834.650390625,15874.900390625,244800,0.7746000136419795,0.007716153904229494
2021-08-03,16130.75,16130.75,16146.900390625,15914.349609375,15951.5498046875,341300,1.5460955882416139,0.015342653128218075
2021-08-04,16258.7998046875,16258.7998046875,16290.2001953125,16176.150390625,16195.25,427300,0.7938242467802281,0.007906900379200192
2021-08-05,16294.599609375,16294.599609375,16349.4501953125,16210.2998046875,16288.9501953125,418200,0.22018725316477195,0.002199451962862978
2021-08-06,16238.2001953125,16238.2001953125,16336.75,16223.2998046875,16304.400390625,320100,-0.3461233501561467,-0.0034672374282357825
2021-08-09,16258.25,16258.25,16320.75,16179.0498046875,16281.349609375,240500,0.12347307242392969,0.0012339690711517842
2021-08-10,16280.099609375,16280.099609375,16359.25,16202.25,16274.7998046875,288000,0.13439090538649445,0.0013430068163520583
2021-08-11,16282.25,16282.25,16338.75,16162.5498046875,16327.2998046875,277900,0.013208706805212245,0.00013207834532344713
2021-08-12,16364.400390625,16364.400390625,16375.5,16286.900390625,16303.650390625,280200,0.5045395484346349,0.005032710127087298
2021-08-13,16529.099609375,16529.099609375,16543.599609375,16376.2998046875,16385.69921875,321900,1.0064482340847336,0.010014172717061967
2021-08-16,16563.05078125,16563.05078125,16589.400390625,16480.75,16518.400390625,254000,0.2054024277023725,0.0020519176533692787
2021-08-17,16614.599609375,16614.599609375,16628.55078125,16495.400390625,16545.25,297400,0.31122785775283823,0.0031074454639570138
2021-08-18,16568.849609375,16568.849609375,16701.849609375,16535.849609375,16691.94921875,251800,-0.275360231817956,-0.002757400455017452
2021-08-20,16450.5,16450.5,16509.55078125,16376.0498046875,16382.5,350800,-0.7142898400624986,-0.007168531033199722
2021-08-23,16496.44921875,16496.44921875,16592.5,16395.69921875,16592.25,275600,0.27931806783987323,0.002789286998064274
2021-08-24,16624.599609375,16624.599609375,16647.099609375,16495.30078125,16561.400390625,275400,0.7768362083601765,0.007738343720985011
2021-08-25,16634.650390625,16634.650390625,16712.44921875,16617.5,16654.0,265900,0.06045728309951315,0.0006043901504665573
2021-08-26,16636.900390625,16636.900390625,16683.69921875,16603.400390625,16627.94921875,253500,0.013525983096518424,0.00013525068417903375
2021-08-27,16705.19921875,16705.19921875,16722.05078125,16565.599609375,16642.55078125,217400,0.41052615884800137,0.004096857993577663
2021-08-30,16931.05078125,16931.05078125,16951.5,16764.849609375,16775.849609375,283500,1.3519836521704187,0.013429259014094868
2021-08-31,17132.19921875,17132.19921875,17153.5,16915.849609375,16947.5,464400,1.1880446175423387,0.011810427696351353
2021-09-01,17076.25,17076.25,17225.75,17055.05078125,17185.599609375,301900,-0.326573477436376,-0.0032710789243950112
2021-09-02,17234.150390625,17234.150390625,17245.5,17059.69921875,17095.400390625,242400,0.9246783727399066,0.009204293951085803
2021-09-03,17323.599609375,17323.599609375,17340.099609375,17212.19921875,17262.44921875,261400,0.5190230833697296,0.005176808010644206
2021-09-06,17377.80078125,17377.80078125,17429.55078125,17345.55078125,17399.349609375,228000,0.31287476677577253,0.003123863322045117
2021-09-07,17362.099609375,17362.099609375,17436.5,17287.0,17401.55078125,243400,-0.09035189246697772,-0.0009039273439216094
2021-09-08,17353.5,17353.5,17383.400390625,17254.19921875,17375.75,252700,-0.049530929832686255,-0.0004954320044973781
2021-09-09,17369.25,17369.25,17379.650390625,17302.69921875,17312.849609375,241500,0.09075978909154347,0.0009071862729865194
2021-09-13,17355.30078125,17355.30078125,17378.349609375,17269.150390625,17363.55078125,241100,-0.0803098507419775,-0.0008034211637875494
2021-09-14,17380.0,17380.0,17438.55078125,17367.05078125,17420.349609375,230400,0.1423151293159064,0.0014221395731308123
2021-09-15,17519.44921875,17519.44921875,17532.69921875,17386.900390625,17387.650390625,388200,0.802354538262362,0.007991527890878581
2021-09-16,17629.5,17629.5,17644.599609375,17510.44921875,17539.19921875,503300,0.6281634763507293,0.006261987530756848
2021-09-17,17585.150390625,17585.150390625,17792.94921875,17537.650390625,17709.650390625,508300,-0.2515647600612625,-0.002518817158814708
2021-09-20,17396.900390625,17396.900390625,17622.75,17361.80078125,17443.849609375,339100,-1.0705054879733056,-0.01076276621795277
2021-09-21,17562.0,17562.0,17578.349609375,17326.099609375,17450.5,363600,0.949017386246398,0.009445425055689747
2021-09-22,17546.650390625,17546.650390625,17610.44921875,17524.0,17580.900390625,295200,-0.08740239935656202,-0.0008744061752431491
2021-09-23,17822.94921875,17822.94921875,17843.900390625,17646.55078125,17670.849609375,320500,1.5746528367181822,0.01562383807742847
2021-09-24,17853.19921875,17853.19921875,17947.650390625,17819.400390625,17897.44921875,360100,0.16972499684944076,0.0016958112674268218
2021-09-27,17855.099609375,17855.099609375,17943.5,17802.900390625,17932.19921875,295700,0.010644538279747096,0.00010643971788971012
2021-09-28,17748.599609375,17748.599609375,17912.849609375,17576.099609375,17906.44921875,398000,-0.596468249015425,-0.005982542262753364
2021-09-29,17711.30078125,17711.30078125,17781.75,17608.150390625,17657.94921875,562200,-0.21015082285871234,-0.002103719495544819
2021-09-30,17618.150390625,17618.150390625,17742.150390625,17585.349609375,17718.900390625,378600,-0.5259376020738893,-0.005273255224157625
2021-10-01,17532.05078125,17532.05078125,17557.150390625,17452.900390625,17531.900390625,305800,-0.48869834497958786,-0.004898963801205104
2021-10-04,17691.25,17691.25,17750.900390625,17581.349609375,17615.55078125,295800,0.9080467581137563,0.009039488024266832
2021-10-05,17822.30078125,17822.30078125,17833.44921875,17640.900390625,17661.349609375,427000,0.7407660919946268,0.007380358946066971
2021-10-06,17646.0,17646.0,17884.599609375,17613.150390625,17861.5,395800,-0.9892144870289554,-0.009941397212065623
2021-10-07,17790.349609375,17790.349609375,17857.55078125,17763.80078125,17810.55078125,419900,0.8180302016037588,0.00814702470131476
2021-10-08,17895.19921875,17895.19921875,17941.849609375,17840.349609375,17886.849609375,324100,0.5893622760496431,0.005876323303578524
2021-10-11,17945.94921875,17945.94921875,18041.94921875,17839.099609375,17867.55078125,375800,0.28359561343596074,0.0028319423974920437
2021-10-12,17991.94921875,17991.94921875,18008.650390625,17864.94921875,17915.80078125,355600,0.25632525445875576,0.002559973015762186
2021-10-13,18161.75,18161.75,18197.80078125,18050.75,18097.849609375,506700,0.943759784921161,0.00939334195098345
2021-10-14,18338.55078125,18338.55078125,18350.75,18248.69921875,18272.849609375,538700,0.9734787740718787,0.009687709975996201
2021-10-18,18477.05078125,18477.05078125,18543.150390625,18445.30078125,18500.099609375,469900,0.7552396132719963,0.007524019573498294
2021-10-19,18418.75,18418.75,18604.44921875,18377.69921875,18602.349609375,368200,-0.3155307734996393,-0.0031602962146704853
2021-10-20,18266.599609375,18266.599609375,18458.30078125,18209.349609375,18439.900390625,371300,-0.8260625212080042,-0.008294933244362599
2021-10-21,18178.099609375,18178.099609375,18384.19921875,18048.0,18382.69921875,365900,-0.4844908296702255,-0.004856682911584848
2021-10-22,18114.900390625,18114.900390625,18314.25,18034.349609375,18230.69921875,324700,-0.3476668084567369,-0.0034827257394313984
2021-10-25,18125.400390625,18125.400390625,18241.400390625,17968.5,18229.5,418700,0.0579633328010587,0.0005794654054989729
2021-10-26,18268.400390625,18268.400390625,18310.44921875,18099.30078125,18154.5,341400,0.7889480889700096,0.00785852166355233
2021-10-27,18210.94921875,18210.94921875,18342.05078125,18167.900390625,18295.849609375,335200,-0.31448386638428527,-0.0031497940609639214
2021-10-28,17857.25,17857.25,18190.69921875,17799.44921875,18187.650390625,374200,-1.94223384240636,-0.019613430387588483
2021-10-29,17671.650390625,17671.650390625,17915.849609375,17613.099609375,17833.05078125,336500,-1.0393515763905459,-0.010447905544470225
2021-11-01,17929.650390625,17929.650390625,17954.099609375,17697.099609375,17783.150390625,281200,1.459965505750782,0.014494106171593095
2021-11-02,17888.94921875,17888.94921875,18012.25,17847.599609375,17970.900390625,296400,-0.22700482713416958,-0.002272628736845954
2021-11-03,17829.19921875,17829.19921875,17988.75,17757.94921875,17947.94921875,331000,-0.33400508475575075,-0.003345641269055336
2021-11-04,17916.80078125,17916.80078125,17947.55078125,17900.599609375,17935.05078125,48500,0.4913376165984751,0.0049013449265533065
2021-11-08,18068.55078125,18068.55078125,18087.80078125,17836.099609375,18040.19921875,338900,0.8469704042186388,0.008434037348294714
2021-11-09,18044.25,18044.25,18112.599609375,17983.05078125,18084.349609375,270200,-0.1344921435271762,-0.0013458266538282125
2021-11-10,18017.19921875,18017.19921875,18061.25,17915.0,17973.44921875,261400,-0.14991358050348014,-0.0015002606334366785
2021-11-11,17873.599609375,17873.599609375,17971.349609375,17798.19921875,17967.44921875,232100,-0.7970140510272006,-0.00800207185820445
2021-11-12,18102.75,18102.75,18123.0,17905.900390625,17977.599609375,249100,1.2820606684330382,0.012739118453093435
2021-11-15,18109.44921875,18109.44921875,18210.150390625,18071.30078125,18140.94921875,280400,0.03700663573213969,0.00036999789965571825
2021-11-16,17999.19921875,17999.19921875,18132.650390625,17958.80078125,18127.05078125,267400,-0.6087981951756416,-0.006106589273008452
2021-11-17,17898.650390625,17898.650390625,18022.650390625,17879.25,17939.349609375,295700,-0.5586294529162039,-0.005601956226916921
2021-11-18,17764.80078125,17764.80078125,17945.599609375,17688.5,17890.55078125,278400,-0.7478195643460861,-0.007506297537132803
2021-11-22,17416.55078125,17416.55078125,17805.25,17280.44921875,17796.25,356400,-1.9603372100156835,-0.01979806684873854
2021-11-23,17503.349609375,17503.349609375,17553.69921875,17216.099609375,17281.75,308800,0.49836979327988473,0.004971320417088634
2021-11-24,17415.05078125,17415.05078125,17600.599609375,17354.0,17550.05078125,298100,-0.5044681737814694,-0.005057449101021469
2021-11-25,17536.25,17536.25,17564.349609375,17351.69921875,17417.30078125,255900,0.6959452503032093,0.006935347288237329
2021-11-26,17026.44921875,17026.44921875,17355.400390625,16985.69921875,17338.75,356300,-2.9071254187753914,-0.029502195657113865
2021-11-29,17053.94921875,17053.94921875,17160.69921875,16782.400390625,17055.80078125,348900,0.16151341742889347,0.0016138312478338214
2021-11-30,16983.19921875,16983.19921875,17324.650390625,16931.400390625,17051.150390625,498000,-0.41485991949720136,-0.0041572285072535705
2021-12-01,17166.900390625,17166.900390625,17213.05078125,17064.25,17104.400390625,295500,1.081664117042136,0.010758559762450211
2021-12-02,17401.650390625,17401.650390625,17420.349609375,17149.30078125,17183.19921875,279900,1.3674571102433752,0.013581917861660867
2021-12-03,17196.69921875,17196.69921875,17489.80078125,17180.80078125,17424.900390625,292500,-1.177768586739425,-0.011847592241934006
2021-12-06,16912.25,16912.25,17216.75,16891.69921875,17209.05078125,231700,-1.654091957599968,-0.016679248094838027
2021-12-07,17176.69921875,17176.69921875,17251.650390625,16987.75,17044.099609375,254100,1.5636548581649423,0.015515557382479443
2021-12-08,17469.75,17469.75,17484.599609375,17308.94921875,17315.25,257800,1.7060948527881648,0.016917044993306308
2021-12-09,17516.849609375,17516.849609375,17543.25,17379.599609375,17524.400390625,237200,0.2696066593683266,0.002692438725331353
2021-12-10,17511.30078125,17511.30078125,17534.349609375,17405.25,17476.05078125,204500,-0.031677089480919296,-0.00031682107730694167
2021-12-13,17368.25,17368.25,17639.5,17355.94921875,17619.099609375,256600,-0.8169055116863166,-0.0082026046847206
2021-12-14,17324.900390625,17324.900390625,17376.19921875,17225.80078125,17283.19921875,271000,-0.24959111813221968,-0.0024990311601760175
2021-12-15,17221.400390625,17221.400390625,17351.19921875,17192.19921875,17323.650390625,215000,-0.5974060321640162,-0.005991976410169169
2021-12-16,17248.400390625,17248.400390625,17379.349609375,17184.94921875,17373.0,219500,0.1567816750529749,0.0015665890089298405
2021-12-17,16985.19921875,16985.19921875,17298.150390625,16966.44921875,17276.0,354600,-1.525945397337003,-0.015377077556357827
2021-12-20,16614.19921875,16614.19921875,16840.099609375,16410.19921875,16824.25,330600,-2.1842546279377872,-0.022084626281366433
2021-12-21,16770.849609375,16770.849609375,16936.400390625,16688.25,16773.150390625,241000,0.942870544420904,0.009384532645495392
2021-12-22,16955.44921875,16955.44921875,16971.0,16819.5,16865.55078125,207900,1.1007170994593363,0.010947032985081793
2021-12-23,17072.599609375,17072.599609375,17118.650390625,17015.55078125,17066.80078125,197000,0.6909306212627531,0.006885546336514033
2021-12-24,17003.75,17003.75,17155.599609375,16909.599609375,17149.5,182600,-0.40327548791804224,-0.0040409083631890875
2021-12-27,17086.25,17086.25,17112.05078125,16833.19921875,16937.75,144800,0.4851870910828504,0.004840138519222991
2021-12-28,17233.25,17233.25,17250.25,17161.150390625,17177.599609375,176000,0.8603409174043453,0.008566610759914585
2021-12-29,17213.599609375,17213.599609375,17285.94921875,17176.650390625,17220.099609375,161700,-0.11402602889762914,-0.00114091088034896
2021-12-30,17203.94921875,17203.94921875,17264.05078125,17146.349609375,17201.44921875,320800,-0.05606259494814747,-0.0005607831589689821
2021-12-31,17354.05078125,17354.05078125,17400.80078125,17238.5,17244.5,167000,0.8724831757606522,0.008686990360265219
2022-01-03,17625.69921875,17625.69921875,17646.650390625,17383.30078125,17387.150390625,200500,1.5653315812207858,0.015532066331647875
2022-01-04,17805.25,17805.25,17827.599609375,17593.55078125,17681.400390625,247400,1.018687423526421,0.01013533773365083
2022-01-05,17925.25,17925.25,17944.69921875,17748.849609375,17820.099609375,251500,0.6739585234692091,0.006716975758933995
2022-01-06,17745.900390625,17745.900390625,17797.94921875,17655.55078125,17768.5,236500,-1.0005417462796928,-0.01005580805311726
2022-01-07,17812.69921875,17812.69921875,17905.0,17704.55078125,17797.599609375,239300,0.3764183651131514,0.0037571168401497185
2022-01-10,18003.30078125,18003.30078125,18017.44921875,17879.150390625,17913.30078125,232400,1.0700318921871732,0.010643475643964555
2022-01-11,18055.75,18055.75,18081.25,17964.400390625,17997.75,220200,0.2913311252602302,0.0029090757855369247
2022-01-12,18212.349609375,18212.349609375,18227.94921875,18128.80078125,18170.400390625,245000,0.8673115731830494,0.008635720331115329
2022-01-13,18257.80078125,18257.80078125,18272.25,18163.80078125,18257.0,303700,0.24956237305924223,0.002492514833041471
2022-01-14,18255.75,18255.75,18286.94921875,18119.650390625,18185.0,229500,-0.011232356375068253,-0.00011232987251458901
2022-01-17,18308.099609375,18308.099609375,18321.55078125,18228.75,18235.650390625,266700,0.28675682661627455,0.0028634646353713476
2022-01-18,18113.05078125,18113.05078125,18350.94921875,18085.900390625,18337.19921875,227500,-1.0653690567923424,-0.010710847446216868
2022-01-19,17938.400390625,17938.400390625,18129.19921875,17884.900390625,18129.19921875,276700,-0.964224043394124,-0.009689027834056424
2022-01-20,17757.0,17757.0,17943.69921875,17648.44921875,17921.0,258100,-1.0112406160797005,-0.010163883876396832
2022-01-21,17617.150390625,17617.150390625,17707.599609375,17485.849609375,17613.69921875,277600,-0.7875745304668613,-0.00790692279190989
2022-01-24,17149.099609375,17149.099609375,17599.400390625,16997.849609375,17575.150390625,323800,-2.656790518738339,-0.02692721026213864
2022-01-25,17277.94921875,17277.94921875,17309.150390625,16836.80078125,17001.55078125,326500,0.7513491221694313,0.0074854055398087425
2022-01-27,17110.150390625,17110.150390625,17182.5,16866.75,17062.0,395600,-0.971173291462768,-0.009759199363728934
2022-01-28,17101.94921875,17101.94921875,17373.5,17077.099609375,17208.30078125,355300,-0.04793161771092791,-0.0004794310858279706
2022-01-31,17339.849609375,17339.849609375,17410.0,17264.150390625,17301.05078125,321700,1.39107178709299,0.01381485185545943
2022-02-01,17576.849609375,17576.849609375,17622.400390625,17244.55078125,17529.44921875,386400,1.3667938611870323,0.013575374822651254
2022-02-02,17780.0,17780.0,17794.599609375,17674.80078125,17706.19921875,271200,1.1557838585399605,0.01149155699474709
2022-02-03,17560.19921875,17560.19921875,17781.150390625,17511.150390625,17767.75,226600,-1.2362248664229525,-0.01243929691182117
2022-02-04,17516.30078125,17516.30078125,17617.80078125,17462.55078125,17590.19921875,261400,-0.24998826581151823,-0.002503012582150695
2022-02-07,17213.599609375,17213.599609375,17536.75,17119.400390625,17456.30078125,265000,-1.7281112927623465,-0.017432174227495423
2022-02-08,17266.75,17266.75,17306.44921875,17043.650390625,17279.849609375,268500,0.30876976246183574,0.003082940476216172
2022-02-09,17463.80078125,17463.80078125,17477.150390625,17339.0,17370.099609375,236400,1.141215233034587,0.0113475249468573
2022-02-10,17605.849609375,17605.849609375,17639.44921875,17427.150390625,17554.099609375,273600,0.8133901085124018,0.00810099920504003
2022-02-11,17374.75,17374.75,17454.75,17303.0,17451.0,253100,-1.312629691281364,-0.013213208134273142
2022-02-14,16842.80078125,16842.80078125,17099.5,16809.650390625,17076.150390625,305500,-3.061622289529342,-0.031094690696753635
2022-02-15,17352.44921875,17352.44921875,17375.0,16839.25,16933.25,298700,3.025912638397754,0.02981034961442144
2022-02-16,17322.19921875,17322.19921875,17490.599609375,17257.69921875,17408.44921875,244500,-0.17432697608654735,-0.001744791023833279
2022-02-17,17304.599609375,17304.599609375,17442.900390625,17235.849609375,17396.55078125,232100,-0.1016014719190439,-0.001016531212017758
2022-02-18,17276.30078125,17276.30078125,17380.80078125,17219.19921875,17236.05078125,189600,-0.16353356196504576,-0.0016366742405402451
2022-02-21,17206.650390625,17206.650390625,17351.05078125,17070.69921875,17192.25,215200,-0.40315569581070854,-0.004039705592356217
2022-02-22,17092.19921875,17092.19921875,17148.55078125,16843.80078125,16847.94921875,300100,-0.6651566067580439,-0.00667378632095619
2022-02-23,17063.25,17063.25,17220.69921875,17027.849609375,17194.5,200200,-0.16937094155936583,-0.0016951453630000418
2022-02-24,16247.9501953125,16247.9501953125,16705.25,16203.25,16548.900390625,458000,-4.778103847083647,-0.04896026903082192
2022-02-25,16658.400390625,16658.400390625,16748.80078125,16478.30078125,16515.650390625,329800,2.5261660109649586,0.024947858168202962
2022-02-28,16793.900390625,16793.900390625,16815.900390625,16356.2998046875,16481.599609375,404200,0.8134034290366632,0.008101131335537446
2022-03-02,16605.94921875,16605.94921875,16678.5,16478.650390625,16593.099609375,517700,-1.1191633122935585,-0.011254730666993663
2022-03-03,16498.05078125,16498.05078125,16768.94921875,16442.94921875,16723.19921875,442100,-0.649757722841704,-0.006518778370608893
2022-03-04,16245.349609375,16245.349609375,16456.0,16133.7998046875,16339.4501953125,456100,-1.5317032007332254,-0.015435549523985674
2022-03-07,15863.150390625,15863.150390625,15944.599609375,15711.4501953125,15867.9501953125,585400,-2.352668473994779,-0.023807855961420165
2022-03-08,16013.4501953125,16013.4501953125,16028.75,15671.4501953125,15747.75,543600,0.9474776509483585,0.009430172336242727
2022-03-09,16345.349609375,16345.349609375,16418.05078125,15990.0,16078.0,462200,2.0726290088294297,0.020514423015661167
2022-03-10,16594.900390625,16594.900390625,16757.30078125,16447.900390625,16757.099609375,486400,1.526738719047449,0.015152013456311012
2022-03-11,16630.44921875,16630.44921875,16694.400390625,16470.900390625,16528.80078125,343700,0.21421537513466316,0.0021398626113986923
2022-03-14,16871.30078125,16871.30078125,16887.94921875,16606.5,16633.69921875,314700,1.4482565042708062,0.014378694372337426
2022-03-15,16663.0,16663.0,16927.75,16555.0,16900.650390625,381600,-1.234645650331223,-0.012423307208470636
2022-03-16,16975.349609375,16975.349609375,16987.900390625,16837.849609375,16876.650390625,260000,1.8745100484606647,0.018571576221107083
2022-03-17,17287.05078125,17287.05078125,17344.599609375,17175.75,17202.900390625,448300,1.8361988356508263,0.01819544269851146
2022-03-21,17117.599609375,17117.599609375,17353.349609375,17096.400390625,17329.5,285500,-0.9802202470463706,-0.009850560325581039
2022-03-22,17315.5,17315.5,17334.400390625,17006.30078125,17120.400390625,338300,1.1561223252155806,0.011494902983443505
2022-03-23,17245.650390625,17245.650390625,17442.400390625,17199.599609375,17405.05078125,292100,-0.40339354552280104,-0.004042093720190609
2022-03-24,17222.75,17222.75,17291.75,17091.150390625,17094.94921875,290300,-0.1327893706893679,-0.0013287761390126268
2022-03-25,17153.0,17153.0,17294.900390625,17076.55078125,17289.0,237100,-0.4049875890900112,-0.004058098847076208
2022-03-28,17222.0,17222.0,17235.099609375,17003.900390625,17181.849609375,253200,0.4022619949862971,0.004014550846285441
2022-03-29,17325.30078125,17325.30078125,17343.650390625,17235.69921875,17297.19921875,235100,0.5998187274997013,0.00598026976240216
2022-03-30,17498.25,17498.25,17522.5,17387.19921875,17468.150390625,505000,0.9982465582194733,0.009932969892759297
2022-03-31,17464.75,17464.75,17559.80078125,17435.19921875,17519.19921875,281100,-0.1914477162001882,-0.001916312115762529
2022-04-01,17670.44921875,17670.44921875,17703.69921875,17422.69921875,17436.900390625,291800,1.1777965258592316,0.01170914487476482
2022-04-04,18053.400390625,18053.400390625,18114.650390625,17791.400390625,17809.099609375,345500,2.1671841339984343,0.0214403456403388
2022-04-05,17957.400390625,17957.400390625,18095.44921875,17921.55078125,18080.599609375,283500,-0.5317557796472028,-0.005331746328175393
2022-04-06,17807.650390625,17807.650390625,17901.0,17779.849609375,17842.75,328800,-0.8339180323571727,-0.008374145812508964
2022-04-07,17639.55078125,17639.55078125,17787.5,17623.69921875,17723.30078125,308800,-0.943974110495216,-0.009484577848941177
2022-04-08,17784.349609375,17784.349609375,17842.75,17600.55078125,17698.150390625,274400,0.8208759390795572,0.008175250776633796
2022-04-11,17674.94921875,17674.94921875,17779.05078125,17650.94921875,17740.900390625,251700,-0.6151497975913078,-0.006170496392137639
2022-04-12,17530.30078125,17530.30078125,17595.30078125,17442.349609375,17584.849609375,266000,-0.8183810641252287,-0.008217481851263662
2022-04-13,17475.650390625,17475.650390625,17663.650390625,17457.400390625,17599.900390625,245100,-0.3117481628350238,-0.0031223510971550208
2022-04-18,17173.650390625,17173.650390625,17237.75,17067.849609375,17183.44921875,376100,-1.7281188010147552,-0.017432250630348714
2022-04-19,16958.650390625,16958.650390625,17275.650390625,16824.69921875,17258.94921875,401400,-1.2519178806467801,-0.012598203971631295
2022-04-20,17136.55078125,17136.55078125,17186.900390625,16978.94921875,17045.25,286100,1.0490244596548015,0.010435603778864927
2022-04-21,17392.599609375,17392.599609375,17414.69921875,17215.5,17234.599609375,285200,1.4941678252146096,0.014831150992767859
2022-04-22,17171.94921875,17171.94921875,17315.30078125,17149.19921875,17242.75,262700,-1.2686452605167986,-0.012767612798961313
2022-04-25,16953.94921875,16953.94921875,17054.30078125,16888.69921875,17009.05078125,275700,-1.2695122564301942,-0.012776394201003337
2022-04-26,17200.80078125,17200.80078125,17223.849609375,17064.44921875,17121.30078125,261100,1.4560121616207233,0.014455140840464372
2022-04-27,17038.400390625,17038.400390625,17110.69921875,16958.44921875,17073.349609375,265100,-0.9441443610115341,-0.00948629657994312
2022-04-28,17245.05078125,17245.05078125,17322.5,17071.05078125,17189.5,312900,1.2128508890934642,0.012055547873445796
2022-04-29,17102.55078125,17102.55078125,17377.650390625,17053.25,17329.25,336200,-0.8263240381694681,-0.008297570200330234
2022-05-02,17069.099609375,17069.099609375,17092.25,16917.25,16924.44921875,278200,-0.19559171203674675,-0.0019578324241160947
2022-05-04,16677.599609375,16677.599609375,17132.849609375,16623.94921875,17096.599609375,310600,-2.2936183451936376,-0.023203310190181764
2022-05-05,16682.650390625,16682.650390625,16945.69921875,16651.849609375,16854.75,265800,0.030284821366977077,0.00030280236440618743
2022-05-06,16411.25,16411.25,16484.19921875,16340.900390625,16415.55078125,300500,-1.62684216398562,-0.016402205362178027
2022-05-09,16301.849609375,16301.849609375,16403.69921875,16142.099609375,16227.7001953125,288400,-0.6666182687180999,-0.0066885009232451696
2022-05-10,16240.0498046875,16240.0498046875,16404.55078125,16197.2998046875,16248.900390625,283100,-0.3790968888092272,-0.003798172823006312
2022-05-11,16167.099609375,16167.099609375,16318.75,15992.599609375,16270.0498046875,284300,-0.44919933245182175,-0.004502112641840228
2022-05-12,15808.0,15808.0,16041.9501953125,15735.75,16021.099609375,314900,-2.2211752141785834,-0.022462147872579268
2022-05-13,15782.150390625,15782.150390625,16083.599609375,15740.849609375,15977.0,369100,-0.16352232651188903,-0.0016365617019766783
2022-05-16,15842.2998046875,15842.2998046875,15977.9501953125,15739.650390625,15845.099609375,217600,0.3811230572117186,0.003803986233609079
2022-05-17,16259.2998046875,16259.2998046875,16284.25,15900.7998046875,15912.599609375,295700,2.6321935902047233,0.025981475212963467
2022-05-18,16240.2998046875,16240.2998046875,16399.80078125,16211.2001953125,16318.150390625,290400,-0.11685620062508173,-0.0011692453072036017
2022-05-19,15809.400390625,15809.400390625,15984.75,15775.2001953125,15917.400390625,313900,-2.6532725334179386,-0.026891070897403772
2022-05-20,16266.150390625,16266.150390625,16283.0498046875,16003.849609375,16043.7998046875,252400,2.8891038794289337,0.02848156086057151
2022-05-23,16214.7001953125,16214.7001953125,16414.69921875,16185.75,16290.9501953125,293800,-0.31630222318707046,-0.0031680351601504043
2022-05-24,16125.150390625,16125.150390625,16262.7998046875,16078.599609375,16225.5498046875,249800,-0.5522754266735541,-0.005538061057189644
2022-05-25,16025.7998046875,16025.7998046875,16223.349609375,16006.9501953125,16196.349609375,243300,-0.6161219184365629,-0.006180277818558741
2022-05-26,16170.150390625,16170.150390625,16204.4501953125,15903.7001953125,16105.0,314300,0.9007387318995308,0.008967062770830264
2022-05-27,16352.4501953125,16352.4501953125,16370.599609375,16221.9501953125,16296.599609375,274100,1.1273847198922216,0.011210771015034579
2022-05-30,16661.400390625,16661.400390625,16695.5,16506.150390625,16527.900390625,251400,1.8893205092962884,0.018716945110386057
2022-05-31,16584.55078125,16584.55078125,16690.75,16521.900390625,16578.44921875,651600,-0.4612433983534836,-0.004623104079880039
2022-06-01,16522.75,16522.75,16649.19921875,16438.849609375,16594.400390625,249600,-0.37264067061659745,-0.003733367056413342
2022-06-02,16628.0,16628.0,16646.400390625,16443.05078125,16481.650390625,236000,0.6370004993115463,0.006349802260260305
2022-06-03,16584.30078125,16584.30078125,16793.849609375,16567.900390625,16761.650390625,245500,-0.2628050201467391,-0.0026315095876877827
2022-06-06,16569.55078125,16569.55078125,16610.94921875,16444.55078125,16530.69921875,233600,-0.08893953501298846,-0.0008897910968418909
2022-06-07,16416.349609375,16416.349609375,16487.25,16347.099609375,16469.599609375,233800,-0.9245946006475991,-0.009288955076891798
2022-06-08,16356.25,16356.25,16514.30078125,16293.349609375,16474.94921875,243500,-0.36609606157923524,-0.003667678332650513
2022-06-09,16478.099609375,16478.099609375,16492.80078125,16243.849609375,16263.849609375,205000,0.744972774168895,0.007422115570615706
2022-06-10,16201.7998046875,16201.7998046875,16324.7001953125,16172.599609375,16283.9501953125,189700,-1.6767698414100085,-0.01690986774485526
2022-06-13,15774.400390625,15774.400390625,15886.150390625,15684.0,15877.5498046875,225500,-2.637974911520913,-0.026733937520215956
2022-06-14,15732.099609375,15732.099609375,15858.0,15659.4501953125,15674.25,225400,-0.268160945598539,-0.0026852114114221596
2022-06-15,15692.150390625,15692.150390625,15783.650390625,15678.900390625,15729.25,183000,-0.2539344381356057,-0.0025425739848417965
2022-06-16,15360.599609375,15360.599609375,15863.150390625,15335.099609375,15832.25,264700,-2.1128447854290244,-0.021354848179315097
2022-06-17,15293.5,15293.5,15400.400390625,15183.400390625,15272.650390625,342600,-0.43682936266399297,-0.004377862497838008
2022-06-20,15350.150390625,15350.150390625,15382.5,15191.099609375,15334.5,260000,0.37042135956451006,0.0036973698916184226
2022-06-21,15638.7998046875,15638.7998046875,15707.25,15419.849609375,15455.9501953125,262800,1.8804337854487096,0.018629721921802747
2022-06-22,15413.2998046875,15413.2998046875,15565.400390625,15385.9501953125,15545.650390625,220900,-1.4419265085317434,-0.01452423294963793
2022-06-23,15556.650390625,15556.650390625,15628.4501953125,15367.5,15451.5498046875,259200,0.9300447519609234,0.009257464658604653
2022-06-24,15699.25,15699.25,15749.25,15619.4501953125,15657.400390625,219600,0.9166472588529428,0.009124715461734611
2022-06-27,15832.0498046875,15832.0498046875,15927.4501953125,15815.5,15926.2001953125,210900,0.8458990377725017,0.008423413606869335
2022-06-28,15850.2001953125,15850.2001953125,15892.099609375,15710.150390625,15757.4501953125,251900,0.11464333961117568,0.0011457767431705531
2022-06-29,15799.099609375,15799.099609375,15861.599609375,15687.7998046875,15701.7001953125,444900,-0.32239710103227903,-0.003229179201912245
2022-06-30,15780.25,15780.25,15890.0,15728.849609375,15774.5,306000,-0.11930812414028269,-0.0011937935294284723
2022-07-01,15752.0498046875,15752.0498046875,15793.9501953125,15511.0498046875,15703.7001953125,364100,-0.17870563085186086,-0.0017886549985601772
2022-07-04,15835.349609375,15835.349609375,15852.349609375,15661.7998046875,15710.5,304300,0.5288188249805481,0.005274254882250374
2022-07-05,15810.849609375,15810.849609375,16025.75,15785.4501953125,15909.150390625,254200,-0.15471713984448465,-0.0015483695040555473
2022-07-06,15989.7998046875,15989.7998046875,16011.349609375,15800.900390625,15818.2001953125,288400,1.1318189707300252,0.01125461822453212
2022-07-07,16132.900390625,16132.900390625,16150.5,16045.9501953125,16113.75,264600,0.894949203151052,0.00890968266712923
2022-07-08,16220.599609375,16220.599609375,16275.5,16157.900390625,16273.650390625,281100,0.5436047866567373,0.005421325887187373
2022-07-11,16216.0,16216.0,16248.5498046875,16115.5,16136.150390625,255900,-0.028356592763323363,-0.00028360614005298526
2022-07-12,16058.2998046875,16058.2998046875,16158.75,16031.150390625,16126.2001953125,208600,-0.97249750439381,-0.009772571447684876
2022-07-13,15966.650390625,15966.650390625,16140.0,15950.150390625,16128.2001953125,233300,-0.5707292501522909,-0.0057236413300785416
2022-07-14,15938.650390625,15938.650390625,16070.849609375,15858.2001953125,16018.849609375,228600,-0.1753655232310969,-0.0017551946856914542
2022-07-15,16049.2001953125,16049.2001953125,16066.9501953125,15927.2998046875,16010.7998046875,205800,0.6935957686387662,0.006912014580365188
2022-07-18,16278.5,16278.5,16287.9501953125,16142.2001953125,16151.400390625,227700,1.4287304158276504,0.014186202470718856
2022-07-19,16340.5498046875,16340.5498046875,16359.5,16187.0498046875,16187.0498046875,222600,0.3811764271124396,0.003804517906147779
2022-07-20,16520.849609375,16520.849609375,16588.0,16490.94921875,16562.80078125,284400,1.103388850696918,0.010973459265845803
2022-07-21,16605.25,16605.25,16626.94921875,16483.900390625,16523.55078125,243600,0.5108719746296009,0.005095714512164849
2022-07-22,16719.44921875,16719.44921875,16752.25,16610.900390625,16661.25,190900,0.6877295960614926,0.006853755230166662
2022-07-25,16631.0,16631.0,16706.05078125,16564.25,16662.55078125,211400,-0.5290199311757782,-0.005304241963650273
2022-07-26,16483.849609375,16483.849609375,16636.099609375,16463.30078125,16632.900390625,208200,-0.884795806776506,-0.008887333683346772
2022-07-27,16641.80078125,16641.80078125,16653.44921875,16438.75,16475.349609375,185200,0.9582177441437301,0.00953655956008488
2022-07-28,16929.599609375,16929.599609375,16947.650390625,16746.25,16774.849609375,376300,1.7293731123692924,0.017145896529526243
2022-07-29,17158.25,17158.25,17172.80078125,17018.150390625,17079.5,436100,1.3505953826479233,0.013415561413115864
2022-08-01,17340.05078125,17340.05078125,17356.25,17154.80078125,17243.19921875,381500,1.0595531668439406,0.010539792401854702
2022-08-02,17345.44921875,17345.44921875,17390.150390625,17215.849609375,17310.150390625,333600,0.0311327663805816,0.0003112792114048116
2022-08-03,17388.150390625,17388.150390625,17407.5,17225.849609375,17349.25,285400,0.24618083588656692,0.002458783072766921
2022-08-04,17382.0,17382.0,17490.69921875,17161.25,17463.099609375,325000,-0.03537116074355806,-0.00035377417814128954
2022-08-05,17397.5,17397.5,17474.400390625,17348.75,17423.650390625,355300,0.08917270739845495,0.0008913297215996853
2022-08-08,17525.099609375,17525.099609375,17548.80078125,17359.75,17401.5,257000,0.7334364671648164,0.007307599012140524
2022-08-10,17534.75,17534.75,17566.099609375,17442.80078125,17566.099609375,312700,0.05506610997998429,0.0005505095416120064
2022-08-11,17659.0,17659.0,17719.30078125,17631.94921875,17711.650390625,311200,0.7085929368824795,0.007060942140366637
2022-08-12,17698.150390625,17698.150390625,17724.650390625,17597.849609375,17659.650390625,303900,0.22170219505635025,0.0022145679837284517
2022-08-16,17825.25,17825.25,17839.099609375,17764.05078125,17797.19921875,0,0.7181519343531395,0.007155855032733008
2022-08-17,17944.25,17944.25,17965.94921875,17833.349609375,17868.150390625,262800,0.6675923198833145,0.006653737907021656
2022-08-18,17956.5,17956.5,17968.44921875,17852.05078125,17898.650390625,263900,0.06826699360520383,0.0006824370229270742
2022-08-19,17758.44921875,17758.44921875,17992.19921875,17710.75,17966.55078125,295600,-1.1029475746944017,-0.011090751389954998
2022-08-22,17490.69921875,17490.69921875,17690.05078125,17467.349609375,17682.900390625,287600,-1.50773300473388,-0.015192148554208883
2022-08-23,17577.5,17577.5,17625.55078125,17345.19921875,17357.349609375,285600,0.49626821755044404,0.004950408657946044
2022-08-24,17604.94921875,17604.94921875,17623.650390625,17499.25,17525.44921875,262000,0.1561611079505143,0.001560393032835227
2022-08-25,17522.44921875,17522.44921875,17726.5,17487.44921875,17679.0,230200,-0.46861822192667546,-0.004697196795508722
2022-08-26,17558.900390625,17558.900390625,17685.849609375,17519.349609375,17619.30078125,266600,0.2080255529346653,0.002078094793881999
2022-08-29,17312.900390625,17312.900390625,17380.150390625,17166.19921875,17188.650390625,244900,-1.4009988924553851,-0.014109055185943692
2022-08-30,17759.30078125,17759.30078125,17777.650390625,17401.5,17414.94921875,324700,2.578426378902554,0.025457455427431688
2022-09-01,17542.80078125,17542.80078125,17695.599609375,17468.44921875,17485.69921875,308500,-1.2190795272107646,-0.012265712506503565
2022-09-02,17539.44921875,17539.44921875,17643.849609375,17476.44921875,17598.400390625,256300,-0.01910505934481499,-0.00019106884593758132
2022-09-05,17665.80078125,17665.80078125,17683.150390625,17540.349609375,17546.44921875,230300,0.7203850071011875,0.00717802628935595
2022-09-06,17655.599609375,17655.599609375,17764.650390625,17587.650390625,17695.69921875,251200,-0.05774531254664206,-0.000577619915734608
2022-09-07,17624.400390625,17624.400390625,17650.75,17484.30078125,17519.400390625,354100,-0.17671004916441913,-0.0017686636555011566
2022-09-08,17798.75,17798.75,17807.650390625,17691.94921875,17748.150390625,279800,0.9892512965589573,0.009843902383512463
2022-09-09,17833.349609375,17833.349609375,17925.94921875,17786.0,17923.349609375,270300,0.19439347917691308,0.0019420477956010656
2022-09-12,17936.349609375,17936.349609375,17980.55078125,17889.150390625,17890.849609375,228200,0.5775695663245095,0.005759080279283832
2022-09-13,18070.05078125,18070.05078125,18088.30078125,18015.44921875,18044.44921875,259900,0.7454201929980142,0.007426556664034913
2022-09-14,18003.75,18003.75,18091.55078125,17771.150390625,17771.150390625,365900,-0.3669097671756161,-0.003675845320864187
2022-09-15,17877.400390625,17877.400390625,18096.150390625,17861.5,18046.349609375,289600,-0.7017960667916379,-0.0070427023794097186
2022-09-16,17530.849609375,17530.849609375,17820.05078125,17497.25,17796.80078125,468500,-1.9384853148544656,-0.019575203370476822
2022-09-19,17622.25,17622.25,17667.19921875,17429.69921875,17540.650390625,258300,0.521368859248672,0.005200144374609497
2022-09-20,17816.25,17816.25,17919.30078125,17744.400390625,17770.400390625,263100,1.1008809885230342,0.010948654031257964
2022-09-21,17718.349609375,17718.349609375,17838.69921875,17663.599609375,17766.349609375,245500,-0.5495005437451739,-0.005510158516157929
2022-09-22,17629.80078125,17629.80078125,17722.75,17532.44921875,17609.650390625,284100,-0.4997577656902563,-0.005010107310831895
2022-09-23,17327.349609375,17327.349609375,17642.150390625,17291.650390625,17593.849609375,390800,-1.7155677232420508,-0.01730454089090743
2022-09-26,17016.30078125,17016.30078125,17196.400390625,16978.30078125,17156.30078125,492000,-1.7951321762256445,-0.018114401349380974
2022-09-27,17007.400390625,17007.400390625,17176.44921875,16942.349609375,17110.900390625,359900,-0.052305085220449854,-0.0005231876910193474
2022-09-28,16858.599609375,16858.599609375,17037.599609375,16820.400390625,16870.55078125,323900,-0.874917846539458,-0.008787677246935572
2022-09-29,16818.099609375,16818.099609375,17026.05078125,16788.599609375,16993.599609375,340000,-0.24023347691036756,-0.0024052250050792126
2022-09-30,17094.349609375,17094.349609375,17187.099609375,16747.69921875,16798.05078125,376100,1.642575596626905,0.016292312526781774
2022-10-03,16887.349609375,16887.349609375,17114.650390625,16855.55078125,17102.099609375,278400,-1.2109264448790458,-0.012183178897324074
2022-10-04,17274.30078125,17274.30078125,17287.30078125,17117.30078125,17147.44921875,226000,2.291367093271912,0.022655095268550494
2022-10-06,17331.80078125,17331.80078125,17428.80078125,17315.650390625,17379.25,265500,0.33286441360573793,0.0033231164632058175
2022-10-07,17314.650390625,17314.650390625,17337.349609375,17216.94921875,17287.19921875,216300,-0.09895331040011834,-0.0009900230150986376
2022-10-10,17241.0,17241.0,17280.150390625,17064.69921875,17094.349609375,234000,-0.425364584114718,-0.004262718329192525
2022-10-11,16983.55078125,16983.55078125,17261.80078125,16950.30078125,17256.05078125,282600,-1.49323831999304,-0.015044993668578569
2022-10-12,17123.599609375,17123.599609375,17142.349609375,16960.05078125,17025.55078125,256000,0.8246145339619648,0.008212331644389038
2022-10-13,17014.349609375,17014.349609375,17112.349609375,16956.94921875,17087.349609375,266400,-0.6380083772817624,-0.0064005234917517235
2022-10-14,17185.69921875,17185.69921875,17348.55078125,17169.75,17322.30078125,227000,1.0070888003887335,0.010020514532698735
2022-10-17,17311.80078125,17311.80078125,17328.55078125,17098.55078125,17144.80078125,212200,0.7337586960815656,0.007310797834822186
2022-10-18,17486.94921875,17486.94921875,17527.80078125,17434.05078125,17438.75,239500,1.0117285874136073,0.010066448739082915
2022-10-19,17512.25,17512.25,17607.599609375,17472.849609375,17568.150390625,210500,0.14468379208691928,0.0014457922593648584
2022-10-20,17563.94921875,17563.94921875,17584.150390625,17421.0,17423.099609375,249600,0.2952174549244013,0.0029478254394111857
2022-10-21,17576.30078125,17576.30078125,17670.150390625,17520.75,17622.849609375,277700,0.07032337856462956,0.0007029866326317706
2022-10-24,17730.75,17730.75,17777.55078125,17707.400390625,17736.349609375,45000,0.8787356376761757,0.008748972260095097
2022-10-25,17656.349609375,17656.349609375,17811.5,17637.0,17808.30078125,251400,-0.41961220267050514,-0.004204950452158822
2022-10-27,17736.94921875,17736.94921875,17783.900390625,17654.5,17771.400390625,324600,0.45649078749665506,0.0045545202832827395
2022-10-28,17786.80078125,17786.80078125,17838.900390625,17723.69921875,17756.400390625,250000,0.2810605244745412,0.0028066628790527496
2022-10-31,18012.19921875,18012.19921875,18022.80078125,17899.900390625,17910.19921875,227200,1.26722303955642,0.012592609626880552
2022-11-01,18145.400390625,18145.400390625,18175.80078125,18060.150390625,18130.69921875,349900,0.7395053222392978,0.007367843877008389
2022-11-02,18082.849609375,18082.849609375,18178.75,18048.650390625,18177.900390625,270900,-0.3447197631545107,-0.0034531529072475455
2022-11-03,18052.69921875,18052.69921875,18106.30078125,17959.19921875,17968.349609375,213000,-0.16673473084335422,-0.001668738878993079
2022-11-04,18117.150390625,18117.150390625,18135.099609375,18017.150390625,18053.400390625,267900,0.3570168155688336,0.0035638102334325083
2022-11-07,18202.80078125,18202.80078125,18255.5,18064.75,18211.75,314800,0.4727586225111935,0.0047164462855731094
2022-11-09,18157.0,18157.0,18296.400390625,18117.5,18288.25,307200,-0.2516139235956394,-0.0025193100341803654
2022-11-10,18028.19921875,18028.19921875,18103.099609375,17969.400390625,18044.349609375,256500,-0.7093725904609771,-0.007119006002546902
2022-11-11,18349.69921875,18349.69921875,18362.30078125,18259.349609375,18272.349609375,378500,1.7833173247033374,0.01767602773148285
2022-11-14,18329.150390625,18329.150390625,18399.44921875,18311.400390625,18376.400390625,301400,-0.11198455015547504,-0.0011204729970374992
2022-11-15,18403.400390625,18403.400390625,18427.94921875,18282.0,18362.75,250900,0.40509242609507723,0.00404274135870096
2022-11-16,18409.650390625,18409.650390625,18442.150390625,18344.150390625,18398.25,219300,0.03396111515991951,0.000339553496785159
2022-11-17,18343.900390625,18343.900390625,18417.599609375,18312.94921875,18358.69921875,200500,-0.357149639481924,-0.0035778894143715548
2022-11-18,18307.650390625,18307.650390625,18394.599609375,18209.80078125,18382.94921875,198800,-0.19761337135545398,-0.001978088841936149
2022-11-21,18159.94921875,18159.94921875,18262.30078125,18133.349609375,18246.400390625,213800,-0.8067729540576885,-0.008100449774708418
2022-11-22,18244.19921875,18244.19921875,18261.849609375,18137.69921875,18179.150390625,177700,0.463933015368867,0.004628601630860599
2022-11-23,18267.25,18267.25,18325.400390625,18246.0,18325.19921875,178800,0.12634580983039712,0.0012626606067816233
2022-11-24,18484.099609375,18484.099609375,18529.69921875,18294.25,18326.099609375,204000,1.1870949889830174,0.011801042862214367
2022-11-25,18512.75,18512.75,18534.900390625,18445.099609375,18528.44921875,205900,0.15500019600884762,0.0015488019469054911
2022-11-28,18562.75,18562.75,18614.25,18365.599609375,18430.55078125,206500,0.27008413120686026,0.0026972005940332764
2022-11-29,18618.05078125,18618.05078125,18678.099609375,18552.150390625,18552.44921875,195300,0.297912654375021,0.0029746977400658824
2022-11-30,18758.349609375,18758.349609375,18816.05078125,18616.55078125,18625.69921875,345600,0.7535634625419174,0.007507383568474861
2022-12-01,18812.5,18812.5,18887.599609375,18778.19921875,18871.94921875,325000,0.2886735334004964,0.0028825767148602448
2022-12-02,18696.099609375,18696.099609375,18781.94921875,18639.19921875,18752.400390625,254400,-0.6187396179402005,-0.006206617442539312
2022-12-05,18701.05078125,18701.05078125,18728.599609375,18591.349609375,18719.55078125,288400,0.026482378562620035,0.0002647887259970962
2022-12-06,18642.75,18642.75,18654.900390625,18577.900390625,18600.650390625,217800,-0.3117513659096294,-0.0031223832280691255
2022-12-07,18560.5,18560.5,18668.30078125,18528.400390625,18638.849609375,200500,-0.4411902750398933,-0.004421663914122268
2022-12-08,18609.349609375,18609.349609375,18625.0,18536.94921875,18570.849609375,202800,0.2631912360927746,0.0026284549446723396
2022-12-09,18496.599609375,18496.599609375,18664.69921875,18410.099609375,18662.400390625,215800,-0.6058782405979346,-0.006077211303593385
2022-12-12,18497.150390625,18497.150390625,18521.55078125,18345.69921875,18402.150390625,193900,0.002977743269738653,2.977698935843848e-05
2022-12-13,18608.0,18608.0,18617.25,18490.19921875,18524.400390625,187600,0.599279386467999,0.005974908495510217
2022-12-14,18660.30078125,18660.30078125,18696.099609375,18632.900390625,18671.25,208000,0.2810661073194387,0.002806718551028224
2022-12-15,18414.900390625,18414.900390625,18652.900390625,18387.69921875,18614.400390625,183100,-1.3150934355333654,-0.01323817358829901
2022-12-16,18269.0,18269.0,18440.94921875,18255.150390625,18319.099609375,277700,-0.792295301794177,-0.007954506384605002
2022-12-19,18420.44921875,18420.44921875,18431.650390625,18244.55078125,18288.099609375,154800,0.8289956688926514,0.008255783729645224
2022-12-20,18385.30078125,18385.30078125,18404.900390625,18202.650390625,18340.30078125,169000,-0.19081205394395617,-0.0019099433205291773
2022-12-21,18199.099609375,18199.099609375,18473.349609375,18162.75,18435.150390625,187600,-1.012771964355863,-0.01017935391694218
2022-12-22,18127.349609375,18127.349609375,18318.75,18068.599609375,18288.80078125,195700,-0.39425027358517273,-0.0039502948868902
2022-12-23,17806.80078125,17806.80078125,18050.44921875,17779.5,17977.650390625,221500,-1.768316025411787,-0.01784137526808462
2022-12-26,18014.599609375,18014.599609375,18084.099609375,17774.25,17830.400390625,176700,1.1669632893506865,0.01160206785899442
2022-12-27,18132.30078125,18132.30078125,18149.25,17967.44921875,18089.80078125,214300,0.6533654614990558,0.006512402811413872
2022-12-28,18122.5,18122.5,18173.099609375,18068.349609375,18084.75,193900,-0.05405150382313817,-0.0005406611691443354
2022-12-29,18191.0,18191.0,18229.69921875,17992.80078125,18045.69921875,281100,0.377983170092433,0.0037727060871833766
2022-12-30,18105.30078125,18105.30078125,18265.25,18080.30078125,18259.099609375,192000,-0.471107793689185,-0.004722210041123311
2023-01-02,18197.44921875,18197.44921875,18215.150390625,18086.5,18131.69921875,256100,0.5089583355357918,0.005076675205536103
2023-01-03,18232.55078125,18232.55078125,18251.94921875,18149.80078125,18163.19921875,208700,0.192892762485819,0.001927069632871597
2023-01-04,18042.94921875,18042.94921875,18243.0,18020.599609375,18230.650390625,235200,-1.0399069487028845,-0.010453517612292944
2023-01-05,17992.150390625,17992.150390625,18120.30078125,17892.599609375,18101.94921875,269900,-0.28154392892826285,-0.0028194100932680756
2023-01-06,17859.44921875,17859.44921875,18047.400390625,17795.55078125,18008.05078125,238200,-0.7375503705446151,-0.0074028372147649955
2023-01-09,18101.19921875,18101.19921875,18141.400390625,17936.150390625,17952.55078125,257200,1.3536251708490266,0.01344545509952314
2023-01-10,17914.150390625,17914.150390625,18127.599609375,17856.0,18121.30078125,283300,-1.033350475095851,-0.010387266093937284
2023-01-11,17895.69921875,17895.69921875,17976.349609375,17824.349609375,17924.25,259900,-0.10299775022909463,-0.0010305082936186098
2023-01-12,17858.19921875,17858.19921875,17945.80078125,17761.650390625,17920.849609375,227800,-0.209547554088918,-0.0020976741216788596
2023-01-13,17956.599609375,17956.599609375,17999.349609375,17774.25,17867.5,256700,0.5510095918388247,0.0054949708747303715
2023-01-16,17894.849609375,17894.849609375,18049.650390625,17853.650390625,18033.150390625,206200,-0.3438847072569362,-0.0034447734977776498
2023-01-17,18053.30078125,18053.30078125,18072.05078125,17886.94921875,17922.80078125,219100,0.8854568511824201,0.008815596703469526
2023-01-18,18165.349609375,18165.349609375,18183.75,18032.44921875,18074.30078125,255800,0.6206556323560042,0.00618737497867869
2023-01-19,18107.849609375,18107.849609375,18155.19921875,18063.75,18119.80078125,237800,-0.3165367099256078,-0.0031703874707042848
2023-01-20,18027.650390625,18027.650390625,18145.44921875,18016.19921875,18115.599609375,237200,-0.44289753051891534,-0.004438812272184146
2023-01-23,18118.55078125,18118.55078125,18162.599609375,18063.44921875,18118.44921875,202500,0.5042276095628795,0.005029606393094338
2023-01-24,18118.30078125,18118.30078125,18201.25,18078.650390625,18183.94921875,216900,-0.0013798013043020418,-1.379810823647804e-05
2023-01-25,17891.94921875,17891.94921875,18100.599609375,17846.150390625,18093.349609375,257200,-1.249297962501228,-0.012571672991636754
2023-01-27,17604.349609375,17604.349609375,17884.75,17493.55078125,17877.19921875,476300,-1.6074246906178757,-0.016204838949638832
2023-01-30,17648.94921875,17648.94921875,17709.150390625,17405.55078125,17541.94921875,432400,0.25334426073457816,0.002530238851503625
2023-01-31,17662.150390625,17662.150390625,17735.69921875,17537.55078125,17731.44921875,398300,0.07479862801675896,0.0007477066778470427
2023-02-01,17616.30078125,17616.30078125,17972.19921875,17353.400390625,17811.599609375,512900,-0.25959245256645946,-0.0025992997802722563
2023-02-02,17610.400390625,17610.400390625,17653.900390625,17445.94921875,17517.099609375,490100,-0.03349392530399564,-0.00033499535771969267
2023-02-03,17854.05078125,17854.05078125,17870.30078125,17584.19921875,17721.75,424100,1.3835596307890219,0.013740758205234283
2023-02-06,17764.599609375,17764.599609375,17823.69921875,17698.349609375,17818.55078125,282500,-0.5010133160870178,-0.005022725956678951
2023-02-07,17721.5,17721.5,17811.150390625,17652.55078125,17790.099609375,354400,-0.24261514654264627,-0.0024290993398515346
2023-02-08,17871.69921875,17871.69921875,17898.69921875,17744.150390625,17750.30078125,291000,0.8475536424681795,0.00843982073038998
2023-02-09,17893.44921875,17893.44921875,17916.900390625,17779.80078125,17885.5,260900,0.12170079483646568,0.0012162679944837883
2023-02-10,17856.5,17856.5,17876.94921875,17801.0,17847.55078125,232000,-0.20649578680046465,-0.00206709283308457
2023-02-13,17770.900390625,17770.900390625,17880.69921875,17719.75,17859.099609375,231300,-0.479375070002519,-0.0048052775756446476
2023-02-14,17929.849609375,17929.849609375,17954.55078125,17800.05078125,17840.349609375,244500,0.89443537049958,0.008904589905162998
2023-02-15,18015.849609375,18015.849609375,18034.099609375,17853.80078125,17896.599609375,229300,0.4796470794436125,0.004785004379327248
2023-02-16,18035.849609375,18035.849609375,18134.75,18000.650390625,18094.75,230200,0.11101336008929596,0.00110951785824931
2023-02-17,17944.19921875,17944.19921875,18034.25,17884.599609375,17974.849609375,208100,-0.5081567689351307,-0.005094522761127012
2023-02-20,17844.599609375,17844.599609375,18004.349609375,17818.400390625,17965.55078125,174600,-0.5550518480140765,-0.005565979846782634
2023-02-21,17826.69921875,17826.69921875,17924.900390625,17800.30078125,17905.80078125,198200,-0.10031264929920569,-0.0010036299610954843
2023-02-22,17554.30078125,17554.30078125,17772.5,17529.44921875,17755.349609375,204000,-1.5280363131582653,-0.015398310946496917
2023-02-23,17511.25,17511.25,17620.05078125,17455.400390625,17574.650390625,240800,-0.2452434977984641,-0.0024554471223785586
2023-02-24,17465.80078125,17465.80078125,17599.75,17421.80078125,17591.349609375,209400,-0.2595429723749043,-0.002598803690668268
2023-02-27,17392.69921875,17392.69921875,17451.599609375,17299.0,17428.599609375,246400,-0.41854114458053093,-0.004194194796816341
2023-02-28,17303.94921875,17303.94921875,17440.44921875,17255.19921875,17383.25,420900,-0.5102715736285734,-0.005115779048087727
2023-03-01,17450.900390625,17450.900390625,17467.75,17345.25,17360.099609375,272900,0.8492348770636093,0.008456491641293511
2023-03-02,17321.900390625,17321.900390625,17445.80078125,17306.0,17421.5,310700,-0.7392168719804415,-0.007419626196212839
2023-03-03,17594.349609375,17594.349609375,17644.75,17427.69921875,17451.25,356200,1.5728598629827895,0.015606186138582535
2023-03-06,17711.44921875,17711.44921875,17799.94921875,17671.94921875,17680.349609375,362800,0.6655523618366965,0.006633473404126094
2023-03-08,17754.400390625,17754.400390625,17766.5,17602.25,17665.75,267000,0.24250512391459367,0.0024221155475668
2023-03-09,17589.599609375,17589.599609375,17772.349609375,17573.599609375,17772.05078125,262400,-0.9282249899975281,-0.009325598438082557
2023-03-10,17412.900390625,17412.900390625,17451.5,17324.349609375,17443.80078125,235900,-1.0045664635585094,-0.010096462811863625
2023-03-13,17154.30078125,17154.30078125,17529.900390625,17113.44921875,17421.900390625,254900,-1.4851035931626178,-0.014962416687813755
2023-03-14,17043.30078125,17043.30078125,17224.650390625,16987.099609375,17160.55078125,290600,-0.6470680525861194,-0.006491706128142258
2023-03-15,16972.150390625,16972.150390625,17211.349609375,16938.900390625,17166.44921875,248200,-0.41746837386849034,-0.004183422059139645
2023-03-16,16985.599609375,16985.599609375,17062.44921875,16850.150390625,16994.650390625,349800,0.07924286811309411,0.0007921148752918237
2023-03-17,17100.05078125,17100.05078125,17145.80078125,16958.150390625,17111.80078125,408100,0.6738129621978839,0.0067155298897271865
2023-03-20,16988.400390625,16988.400390625,17066.599609375,16828.349609375,17066.599609375,241800,-0.6529243219992265,-0.006550651968001941
2023-03-21,17107.5,17107.5,17127.69921875,17016.0,17060.400390625,246700,0.7010642946744028,0.006986182644570191
2023-03-22,17151.900390625,17151.900390625,17207.25,17107.849609375,17177.44921875,0,0.25953757489405316,0.002592013577443892
2023-03-23,17076.900390625,17076.900390625,17205.400390625,17045.30078125,17097.400390625,219200,-0.43726933046436267,-0.0043822814890137705
2023-03-24,16945.05078125,16945.05078125,17109.44921875,16917.349609375,17076.19921875,228000,-0.7720933328590696,-0.007750894050448838
2023-03-27,16985.69921875,16985.69921875,17091.0,16918.55078125,16984.30078125,218400,0.23988383407489433,0.002395965721106003
2023-03-28,16951.69921875,16951.69921875,17061.75,16913.75,17031.75,238800,-0.20016838613549082,-0.0020036899079230227
2023-03-29,17080.69921875,17080.69921875,17126.150390625,16940.599609375,16977.30078125,345900,0.7609856589321451,0.0075810476927372725
2023-03-31,17359.75,17359.75,17381.599609375,17204.650390625,17210.349609375,263900,1.6337198944623932,0.016205182818433635
2023-04-03,17398.05078125,17398.05078125,17428.05078125,17312.75,17427.94921875,230200,0.2206297973761151,0.002203867672376198
2023-04-05,17557.05078125,17557.05078125,17570.55078125,17402.69921875,17422.30078125,248300,0.9138954817361267,0.00909744726853034
2023-04-06,17599.150390625,17599.150390625,17638.69921875,17502.849609375,17533.849609375,242700,0.23978747854371818,0.002395004471214228
2023-04-10,17624.05078125,17624.05078125,17694.099609375,17597.94921875,17634.900390625,254800,0.14148632219350699,0.0014138632460749291
2023-04-11,17722.30078125,17722.30078125,17748.75,17655.150390625,17704.80078125,304300,0.5574768321964241,0.005559286811614234
2023-04-12,17812.400390625,17812.400390625,17825.75,17717.25,17759.55078125,232800,0.5083967961446945,0.005071088231309614
2023-04-13,17828.0,17828.0,17842.150390625,17729.650390625,17807.30078125,285800,0.08757724412713497,0.0008753891763391581
2023-04-17,17706.849609375,17706.849609375,17863.0,17574.05078125,17863.0,357400,-0.6795512150830185,-0.00681870678285114
2023-04-18,17660.150390625,17660.150390625,17766.599609375,17610.19921875,17766.599609375,258900,-0.26373533282438855,-0.0026408372714739102
2023-04-19,17618.75,17618.75,17666.150390625,17579.849609375,17653.349609375,281500,-0.2344283016240789,-0.0023470351496987078
2023-04-20,17624.44921875,17624.44921875,17684.44921875,17584.349609375,17638.599609375,215100,0.03234746363958152,0.00032342232975522987
2023-04-21,17624.05078125,17624.05078125,17663.19921875,17553.94921875,17639.75,230200,-0.002260708945023282,-2.260734499433094e-05
2023-04-24,17743.400390625,17743.400390625,17754.5,17612.5,17707.55078125,255700,0.6771973756565242,0.006749146939408538
2023-04-25,17769.25,17769.25,17807.44921875,17716.849609375,17761.55078125,297400,0.14568576938982503,0.0014557975062981768
2023-04-26,17813.599609375,17813.599609375,17827.75,17711.19921875,17767.30078125,233000,0.24958627615121465,0.002492753268886545
2023-04-27,17915.05078125,17915.05078125,17931.599609375,17797.900390625,17813.099609375,241400,0.5695152810193838,0.005678996739265909
2023-04-28,18065.0,18065.0,18089.150390625,17885.30078125,17950.400390625,290300,0.8370013603697934,0.008335179280697748
2023-05-02,18147.650390625,18147.650390625,18180.25,18101.75,18124.80078125,265200,0.4575166931912511,0.004564732669242972
2023-05-03,18089.849609375,18089.849609375,18116.349609375,18042.400390625,18113.80078125,226200,-0.318502836487633,-0.003190111363585117
2023-05-04,18255.80078125,18255.80078125,18267.44921875,18066.69921875,18081.0,226600,0.9173717607303677,0.009131894646700034
2023-05-05,18069.0,18069.0,18216.94921875,18055.44921875,18117.30078125,239700,-1.0232406865540389,-0.010285117822267788
2023-05-08,18264.400390625,18264.400390625,18286.94921875,18100.30078125,18120.599609375,228400,1.0814123118324304,0.010756068652657526
2023-05-09,18265.94921875,18265.94921875,18344.19921875,18229.650390625,18303.400390625,245400,0.00848003817193188,8.479678637020549e-05
2023-05-10,18315.099609375,18315.099609375,18326.75,18211.94921875,18313.599609375,220500,0.26908205008338015,0.0026872067245805376
2023-05-11,18297.0,18297.0,18389.69921875,18270.400390625,18357.80078125,248900,-0.09882342854272697,-0.0009887229108728535
2023-05-12,18314.80078125,18314.80078125,18342.75,18194.55078125,18273.75,241700,0.09728797753729701,0.0009724068345624825
2023-05-15,18398.849609375,18398.849609375,18458.900390625,18287.900390625,18339.30078125,216100,0.45891205221868514,0.004578622613795238
2023-05-16,18286.5,18286.5,18432.349609375,18264.349609375,18432.349609375,219500,-0.6106338807060685,-0.0061250587396132535
2023-05-17,18181.75,18181.75,18309.0,18115.349609375,18300.44921875,229900,-0.5728269488420423,-0.005744738948538704
2023-05-18,18129.94921875,18129.94921875,18297.19921875,18104.849609375,18287.5,272100,-0.2849053652701161,-0.0028531199312594804
2023-05-19,18203.400390625,18203.400390625,18218.099609375,18060.400390625,18186.150390625,260900,0.40513721791914925,0.004043187469679982
2023-05-22,18314.400390625,18314.400390625,18335.25,18178.849609375,18201.099609375,262600,0.6097761825706316,0.0060792457091855085
2023-05-23,18348.0,18348.0,18419.75,18324.19921875,18362.900390625,270400,0.1834600568861644,0.0018329197446846867
2023-05-24,18285.400390625,18285.400390625,18392.599609375,18262.94921875,18294.80078125,232600,-0.34117947119577385,-0.003417628155656871
2023-05-25,18321.150390625,18321.150390625,18338.099609375,18202.400390625,18268.900390625,235900,0.19551116867164708,0.0019532029433287895
2023-05-26,18499.349609375,18499.349609375,18508.55078125,18333.150390625,18368.349609375,198700,0.9726420827874671,0.009679423693686186
2023-05-29,18598.650390625,18598.650390625,18641.19921875,18581.25,18619.150390625,265300,0.5367798508963517,0.005353443226476252
2023-05-30,18633.849609375,18633.849609375,18662.44921875,18575.5,18606.650390625,234400,0.18925684396833287,0.0018907797884415813
2023-05-31,18534.400390625,18534.400390625,18603.900390625,18483.849609375,18594.19921875,696500,-0.533701950132548,-0.005351312266430236
2023-06-01,18487.75,18487.75,18580.30078125,18464.55078125,18579.400390625,265600,-0.25169624936233204,-0.0025201353688439534
2023-06-02,18534.099609375,18534.099609375,18573.69921875,18478.400390625,18550.849609375,270900,0.2507044360454902,0.002503906967370625
2023-06-05,18593.849609375,18593.849609375,18640.150390625,18582.80078125,18612.0,256100,0.3223787573137793,0.0032186023111129003
2023-06-06,18599.0,18599.0,18622.75,18531.599609375,18600.80078125,220800,0.027699431442118616,0.00027695595857881204
2023-06-07,18726.400390625,18726.400390625,18738.94921875,18636.0,18665.599609375,260100,0.6849851638528914,0.006826497990157328
2023-06-08,18634.55078125,18634.55078125,18777.900390625,18615.599609375,18725.349609375,286500,-0.49048192636628185,-0.004916887367083021
2023-06-09,18563.400390625,18563.400390625,18676.650390625,18555.400390625,18655.900390625,221800,-0.381819725413457,-0.003825505177262602
2023-06-12,18601.5,18601.5,18633.599609375,18559.75,18595.05078125,179500,0.20524046550352004,0.0020503013499982166
2023-06-13,18716.150390625,18716.150390625,18728.900390625,18631.80078125,18631.80078125,233200,0.6163502439319402,0.00614458574708609
2023-06-14,18755.900390625,18755.900390625,18769.69921875,18690.0,18744.599609375,261400,0.21238341844009856,0.002121582036807868
2023-06-15,18688.099609375,18688.099609375,18794.099609375,18669.05078125,18774.44921875,263000,-0.36149041015322014,-0.0036214536561356998
2023-06-16,18826.0,18826.0,18864.69921875,18710.5,18723.30078125,272800,0.7379048352023077,0.007351956368470602
2023-06-19,18755.44921875,18755.44921875,18881.44921875,18719.150390625,18873.30078125,219800,-0.37475183921172883,-0.003754557931873424
2023-06-20,18816.69921875,18816.69921875,18839.69921875,18660.650390625,18752.349609375,211600,0.3265717567498605,0.0032603966930515953
2023-06-21,18856.849609375,18856.849609375,18875.900390625,18794.849609375,18849.400390625,217500,0.21337637466720683,0.0021314905059401927
2023-06-22,18771.25,18771.25,18886.599609375,18759.5,18853.599609375,252700,-0.4539443817404343,-0.004549778379793411
2023-06-23,18665.5,18665.5,18756.400390625,18647.099609375,18741.849609375,210600,-0.5633615236065759,-0.005649543898520234
2023-06-26,18691.19921875,18691.19921875,18722.05078125,18646.69921875,18682.349609375,171300,0.13768299134766515,0.0013758829522746805
2023-06-27,18817.400390625,18817.400390625,18829.25,18714.25,18748.55078125,222500,0.675190341711196,0.006729211402828641
2023-06-28,18972.099609375,18972.099609375,19011.25,18861.349609375,18908.150390625,398800,0.822107281232487,0.008187463868637099
2023-06-30,19189.05078125,19189.05078125,19201.69921875,19024.599609375,19076.849609375,247900,1.143527476356887,0.011370386219451868
2023-07-03,19322.55078125,19322.55078125,19345.099609375,19234.400390625,19246.5,226100,0.695709243369369,0.006933003527425256
2023-07-04,19389.0,19389.0,19434.150390625,19300.0,19406.599609375,226900,0.3438946519135566,0.0034330468644171055
2023-07-05,19398.5,19398.5,19421.599609375,19339.599609375,19405.94921875,224400,0.04899685388621844,0.0004898485434720244
2023-07-06,19497.30078125,19497.30078125,19512.19921875,19373.0,19385.69921875,268300,0.509321758125636,0.005080291021865595
2023-07-07,19331.80078125,19331.80078125,19523.599609375,19303.599609375,19422.80078125,237100,-0.848835445771845,-0.008524585713268293
2023-07-10,19355.900390625,19355.900390625,19435.849609375,19327.099609375,19400.349609375,268200,0.12466303397029588,0.0012458539412885826
2023-07-11,19439.400390625,19439.400390625,19515.099609375,19406.44921875,19427.099609375,251300,0.43139300324381846,0.004304651710725516
2023-07-12,19384.30078125,19384.30078125,19507.69921875,19361.75,19497.44921875,327900,-0.2834429471475497,-0.00283845407345589
2023-07-13,19413.75,19413.75,19567.0,19385.80078125,19495.19921875,310400,0.1519230385574888,0.0015180775225879406
2023-07-14,19564.5,19564.5,19595.349609375,19433.5,19493.44921875,291200,0.7765114931427508,0.007735121594226721
2023-07-17,19711.44921875,19711.44921875,19731.849609375,19562.94921875,19612.150390625,268700,0.7511013251041421,0.007482946045497489
2023-07-18,19749.25,19749.25,19819.44921875,19690.19921875,19787.5,286400,0.1917706853032497,0.0019158704007220429
2023-07-19,19833.150390625,19833.150390625,19851.69921875,19727.44921875,19802.94921875,259700,0.4248282371482448,0.00423928389630214
2023-07-20,19979.150390625,19979.150390625,19991.849609375,19758.400390625,19831.69921875,274700,0.7361412439498949,0.007334449485705515
2023-07-21,19745.0,19745.0,19887.400390625,19700.0,19800.44921875,312500,-1.1719737128305097,-0.011788954585924888
2023-07-24,19672.349609375,19672.349609375,19782.75,19658.30078125,19748.44921875,265600,-0.3679432292985618,-0.0036862180542648424
2023-07-25,19680.599609375,19680.599609375,19729.349609375,19615.94921875,19729.349609375,369700,0.04193703428323481,0.00041928243166748923
2023-07-26,19778.30078125,19778.30078125,19825.599609375,19716.69921875,19733.349609375,244700,0.4964339187534694,0.0049520574860006375
2023-07-27,19659.900390625,19659.900390625,19867.55078125,19603.55078125,19850.900390625,334900,-0.598637830087223,-0.006004368496797154
2023-07-28,19646.05078125,19646.05078125,19695.900390625,19563.099609375,19659.75,258700,-0.07044597937843067,-0.0007047080421790248
2023-07-31,19753.80078125,19753.80078125,19772.75,19597.599609375,19666.349609375,295100,0.5484562836559181,0.005469577389253641
2023-08-01,19733.55078125,19733.55078125,19795.599609375,19704.599609375,19784.0,298000,-0.10251191770254131,-0.0010256449710540406
2023-08-02,19526.55078125,19526.55078125,19678.25,19423.55078125,19655.400390625,290700,-1.0489749274959825,-0.010545154493387934
2023-08-03,19381.650390625,19381.650390625,19537.650390625,19296.44921875,19463.75,315700,-0.7420685416911321,-0.007448355676119346
2023-08-04,19517.0,19517.0,19538.849609375,19436.44921875,19462.80078125,280800,0.6983389270114548,0.006959118337332752
2023-08-07,19597.30078125,19597.30078125,19620.44921875,19524.80078125,19576.849609375,216600,0.41144018676027017,0.004105960861445235
2023-08-08,19570.849609375,19570.849609375,19634.400390625,19533.099609375,19627.19921875,260300,-0.13497354646058168,-0.0013506471779916257
2023-08-09,19632.55078125,19632.55078125,19645.5,19467.5,19578.80078125,266500,0.3152707884763739,0.0031477485221408875
2023-08-10,19543.099609375,19543.099609375,19623.599609375,19495.400390625,19605.55078125,312200,-0.4556268458015711,-0.004566679886024027
2023-08-11,19428.30078125,19428.30078125,19557.75,19412.75,19554.25,235500,-0.5874136161590715,-0.005891456761763215
2023-08-14,19434.55078125,19434.55078125,19465.849609375,19257.900390625,19383.94921875,243900,0.032169565781225984,0.0003216439248586792
2023-08-16,19465.0,19465.0,19482.75,19317.19921875,19369.0,0,0.15667570139761278,0.0015655309306883672
2023-08-17,19365.25,19365.25,19461.55078125,19326.25,19450.55078125,268700,-0.5124582584125403,-0.005137758290060533
2023-08-18,19310.150390625,19310.150390625,19373.80078125,19253.599609375,19301.75,256100,-0.28452826260957353,-0.0028493381372506382
2023-08-21,19393.599609375,19393.599609375,19425.94921875,19296.30078125,19320.650390625,262600,0.43215209131937105,0.0043122099570484
2023-08-22,19396.44921875,19396.44921875,19443.5,19381.30078125,19417.099609375,208700,0.014693555773015454,0.00014692476375842436
2023-08-23,19444.0,19444.0,19472.05078125,19366.599609375,19439.19921875,225200,0.24515199000461063,0.0024485198272942723
2023-08-24,19386.69921875,19386.69921875,19584.44921875,19369.0,19535.150390625,268300,-0.2946964680621278,-0.0029513155310064644
2023-08-25,19265.80078125,19265.80078125,19339.55078125,19229.69921875,19297.400390625,466500,-0.6236153774081932,-0.0062556798015631025
2023-08-28,19306.05078125,19306.05078125,19366.849609375,19249.69921875,19298.349609375,248200,0.2089194238900971,0.0020870149074536447
2023-08-29,19342.650390625,19342.650390625,19377.900390625,19309.099609375,19374.849609375,307400,0.18957584743610756,0.0018939637920959618
2023-08-30,19347.44921875,19347.44921875,19452.80078125,19334.75,19433.44921875,233000,0.02480956863764039,0.00024806491573087567
2023-08-31,19253.80078125,19253.80078125,19388.19921875,19223.650390625,19375.55078125,562600,-0.4840350603388277,-0.004852103039648143
2023-09-01,19435.30078125,19435.30078125,19458.55078125,19255.69921875,19258.150390625,333000,0.9426710188917609,0.009382556025202547
2023-09-04,19528.80078125,19528.80078125,19545.150390625,19432.849609375,19525.05078125,296800,0.48108337016425917,0.004799298621963187
2023-09-05,19574.900390625,19574.900390625,19587.05078125,19525.75,19564.650390625,256800,0.23605960187407238,0.002357814188949651
2023-09-06,19611.05078125,19611.05078125,19636.44921875,19491.5,19581.19921875,287600,0.18467726478093027,0.0018450694598145603
2023-09-07,19727.05078125,19727.05078125,19737.0,19550.05078125,19598.650390625,304900,0.5915032360780392,0.005897607236551244
2023-09-08,19819.94921875,19819.94921875,19867.150390625,19727.05078125,19774.80078125,288100,0.47091903665750223,0.004698136818212182
2023-09-11,19996.349609375,19996.349609375,20008.150390625,19865.349609375,19890.0,248800,0.8900143420050854,0.008860770587058942
2023-09-12,19993.19921875,19993.19921875,20110.349609375,19914.650390625,20110.150390625,328100,-0.01575482868895195,-0.00015756069892455075
2023-09-13,20070.0,20070.0,20096.900390625,19944.099609375,19989.5,251400,0.3841345269944396,0.003833986143147051
2023-09-14,20103.099609375,20103.099609375,20167.650390625,20043.44921875,20127.94921875,275100,0.1649208239910216,0.0016478497893743786
2023-09-15,20192.349609375,20192.349609375,20222.44921875,20129.69921875,20156.44921875,438200,0.44396138771742866,0.004429787863222843
2023-09-18,20133.30078125,20133.30078125,20195.349609375,20115.69921875,20155.94921875,264900,-0.2924316846098174,-0.0029286010148227575
2023-09-20,19901.400390625,19901.400390625,20050.650390625,19878.849609375,19980.75,378100,-1.1518249945432046,-0.011585098803333688
2023-09-21,19742.349609375,19742.349609375,19848.75,19709.94921875,19840.55078125,275100,-0.7991939166498319,-0.00802404589005525
2023-09-22,19674.25,19674.25,19798.650390625,19657.5,19744.849609375,246400,-0.3449417659114995,-0.0034553806166447805
2023-09-25,19674.55078125,19674.55078125,19734.150390625,19601.55078125,19678.19921875,188400,0.0015288066889551644,1.5287950028248088e-05
2023-09-26,19664.69921875,19664.69921875,19699.349609375,19637.44921875,19682.80078125,204900,-0.05007261720755274,-0.0005008515772894238
2023-09-27,19716.44921875,19716.44921875,19730.69921875,19554.0,19637.05078125,203600,0.2631619198663282,0.002628162551917123
2023-09-28,19523.55078125,19523.55078125,19766.650390625,19492.099609375,19761.80078125,352800,-0.9783629666773708,-0.009831803841213342
2023-09-29,19638.30078125,19638.30078125,19726.25,19551.05078125,19581.19921875,243500,0.5877516917168757,0.005860311697675281
2023-10-03,19528.75,19528.75,19623.19921875,19479.650390625,19622.400390625,221700,-0.5578424654468894,-0.005594042173129665
2023-10-04,19436.099609375,19436.099609375,19457.80078125,19333.599609375,19446.30078125,277100,-0.47443072713306833,-0.004755597219883326
2023-10-05,19545.75,19545.75,19576.94921875,19487.30078125,19521.849609375,234900,0.5641584105285702,0.005625729970019748
2023-10-06,19653.5,19653.5,19675.75,19589.400390625,19621.19921875,159100,0.5512707366051472,0.005497568008546022
2023-10-09,19512.349609375,19512.349609375,19588.94921875,19480.5,19539.44921875,165100,-0.718194675884698,-0.007207861089913015
2023-10-10,19689.849609375,19689.849609375,19717.80078125,19565.44921875,19565.599609375,216600,0.9096802976240159,0.0090556762901256
2023-10-11,19811.349609375,19811.349609375,19839.19921875,19756.94921875,19767.0,213700,0.6170692128707245,0.00615173136873013
2023-10-12,19794.0,19794.0,19843.30078125,19772.650390625,19822.69921875,217900,-0.08757409120068171,-0.0008761245971014768
2023-10-13,19751.05078125,19751.05078125,19805.400390625,19635.30078125,19654.55078125,255000,-0.21698099802970328,-0.002172167428733089
2023-10-16,19731.75,19731.75,19781.30078125,19691.849609375,19737.25,181000,-0.09772027556287366,-0.0009776805295215437
2023-10-17,19811.5,19811.5,19849.75,19775.650390625,19843.19921875,185800,0.4041709427698992,0.004033563661320618
2023-10-18,19671.099609375,19671.099609375,19840.94921875,19659.94921875,19820.44921875,198900,-0.7086812741337156,-0.007112043473065063
2023-10-19,19624.69921875,19624.69921875,19681.80078125,19512.349609375,19545.19921875,230300,-0.23588102112443998,-0.002361596586600212
2023-10-20,19542.650390625,19542.650390625,19593.80078125,19518.69921875,19542.150390625,198300,-0.41808960845935994,-0.004189660467809165
2023-10-23,19281.75,19281.75,19556.849609375,19257.849609375,19521.599609375,176000,-1.3350307425555652,-0.01344022395196905
2023-10-25,19122.150390625,19122.150390625,19347.30078125,19074.150390625,19286.44921875,225300,-0.8277236732921023,-0.008311683270009834
2023-10-26,18857.25,18857.25,19041.69921875,18837.849609375,19027.25,300400,-1.3853064912347501,-0.013949914095014037
2023-10-27,19047.25,19047.25,19076.150390625,18926.650390625,18928.75,205200,1.0075700327460302,0.010025278863763394
2023-10-30,19140.900390625,19140.900390625,19158.5,18940.0,19053.400390625,180100,0.49167407696648624,0.004904693073893485
2023-10-31,19079.599609375,19079.599609375,19233.69921875,19056.44921875,19232.94921875,206000,-0.3202606982899536,-0.003207746304394414
2023-11-01,18989.150390625,18989.150390625,19096.05078125,18973.69921875,19064.05078125,194100,-0.4740624572936891,-0.004751896973195711
2023-11-02,19133.25,19133.25,19175.25,19064.150390625,19120.0,245600,0.7588523257266999,0.007559875254064636
2023-11-03,19230.599609375,19230.599609375,19276.25,19210.900390625,19241.0,189500,0.5087980838331285,0.005075080802081226
2023-11-06,19411.75,19411.75,19423.0,19309.69921875,19345.849609375,180700,0.941990339899168,0.009375812778954773
2023-11-07,19406.69921875,19406.69921875,19423.5,19329.099609375,19404.05078125,198700,-0.026019195847870602,-0.0002602258142791332
2023-11-08,19443.5,19443.5,19464.400390625,19401.5,19449.599609375,195000,0.18962926582819506,0.0018944969651071763
2023-11-09,19395.30078125,19395.30078125,19463.900390625,19378.349609375,19457.400390625,208400,-0.24789373698150818,-0.0024820150223140987
2023-11-10,19425.349609375,19425.349609375,19451.30078125,19329.44921875,19351.849609375,152200,0.1549283945833313,0.0015480850435944918
2023-11-13,19443.55078125,19443.55078125,19494.400390625,19414.75,19486.75,189300,0.09369804014345284,0.0009365417093074231
2023-11-15,19675.44921875,19675.44921875,19693.19921875,19579.650390625,19651.400390625,291500,1.1926753508604282,0.011856190289938534
2023-11-16,19765.19921875,19765.19921875,19875.25,19627.0,19674.69921875,282700,0.4561522280999375,0.004551150068331243
2023-11-17,19731.80078125,19731.80078125,19806.0,19667.44921875,19674.75,236800,-0.16897597201204206,-0.0016911889743673853
2023-11-20,19694.0,19694.0,19756.44921875,19670.5,19731.150390625,173800,-0.19157289123818977,-0.0019175662679732529
2023-11-21,19783.400390625,19783.400390625,19829.099609375,19754.05078125,19770.900390625,195000,0.45394734754240496,0.004529201141300913
2023-11-22,19811.849609375,19811.849609375,19825.55078125,19703.849609375,19784.0,184500,0.14380348265852216,0.0014370018446946907
2023-11-23,19802.0,19802.0,19875.150390625,19786.75,19828.44921875,170000,-0.04971574875239915,-0.0004972811112830416
2023-11-24,19794.69921875,19794.69921875,19832.849609375,19768.849609375,19809.599609375,145900,-0.03686890844358803,-0.0003687570669664962
2023-11-28,19889.69921875,19889.69921875,19916.849609375,19800.0,19844.650390625,229600,0.4799264638990497,0.004787784883390938
2023-11-29,20096.599609375,20096.599609375,20104.650390625,19956.30078125,19976.55078125,236200,1.040238911355451,0.010348656573869122
2023-11-30,20133.150390625,20133.150390625,20158.69921875,20015.849609375,20108.5,486600,0.18187545137213768,0.0018171025823992028
2023-12-01,20267.900390625,20267.900390625,20291.55078125,20183.69921875,20194.099609375,265800,0.6692941610506598,0.00667064331563437
2023-12-04,20686.80078125,20686.80078125,20702.650390625,20507.75,20601.94921875,381100,2.066816900376933,0.020457480483773903
2023-12-05,20855.099609375,20855.099609375,20864.05078125,20711.150390625,20808.900390625,421000,0.8135565760247543,0.008102650447744338
2023-12-06,20937.69921875,20937.69921875,20961.94921875,20852.150390625,20950.75,359200,0.39606432442005346,0.003952820545223537
2023-12-07,20901.150390625,20901.150390625,20941.25,20850.80078125,20932.400390625,275000,-0.17455990623970186,-0.0017471243957791426
2023-12-08,20969.400390625,20969.400390625,21006.099609375,20862.69921875,20934.099609375,292400,0.3265370504707432,0.0032600507599202964
2023-12-11,20997.099609375,20997.099609375,21026.099609375,20923.69921875,20965.30078125,212900,0.1320935183362959,0.001320063516009915
2023-12-12,20906.400390625,20906.400390625,21037.900390625,20867.150390625,21018.55078125,244900,-0.43196070141755527,-0.004328963470418101
2023-12-13,20926.349609375,20926.349609375,20950.0,20769.5,20929.75,260300,0.09542158562574343,0.0009537608817135473
2023-12-14,21182.69921875,21182.69921875,21210.900390625,21074.44921875,21110.400390625,334400,1.2250087289956912,0.012175662163725103
2023-12-15,21456.650390625,21456.650390625,21492.30078125,21235.30078125,21287.44921875,508800,1.2932779200891975,0.012849864921501506
2023-12-18,21418.650390625,21418.650390625,21482.80078125,21365.349609375,21434.80078125,249700,-0.17710126840955187,-0.0017725827811074615
2023-12-19,21453.099609375,21453.099609375,21505.05078125,21337.75,21477.650390625,249800,0.1608374856572503,0.001607082806947435
2023-12-20,21150.150390625,21150.150390625,21593.0,21087.349609375,21543.5,363900,-1.412146609423337,-0.014222122733049722
2023-12-21,21255.05078125,21255.05078125,21288.349609375,20976.80078125,21033.94921875,277500,0.49597940765233606,0.004947534816775346
2023-12-22,21349.400390625,21349.400390625,21390.5,21232.44921875,21295.849609375,284700,0.44389265566107117,0.004429103580375731
2023-12-26,21441.349609375,21441.349609375,21477.150390625,21329.44921875,21365.19921875,219500,0.43068759341071683,0.004297627887901326
2023-12-27,21654.75,21654.75,21675.75,21495.80078125,21497.650390625,256500,0.9952749920727699,0.009903547502138933
2023-12-28,21778.69921875,21778.69921875,21801.44921875,21678.0,21715.0,393100,0.5723881307796219,0.0057075621422148105
2023-12-29,21731.400390625,21731.400390625,21770.30078125,21676.900390625,21737.650390625,270900,-0.21717930740454694,-0.0021741548367498844
2024-01-01,21741.900390625,21741.900390625,21834.349609375,21680.849609375,21727.75,154000,0.048317180721269004,0.0004830551173010514
2024-01-02,21665.80078125,21665.80078125,21755.599609375,21555.650390625,21751.349609375,263700,-0.3500136051024061,-0.0035062758581720864
2024-01-03,21517.349609375,21517.349609375,21677.0,21500.349609375,21661.099609375,311900,-0.685186637566948,-0.006875448193459907
2024-01-04,21658.599609375,21658.599609375,21685.650390625,21564.55078125,21605.80078125,339200,0.6564470186349425,0.006543017882762483
2024-01-05,21710.80078125,21710.80078125,21749.599609375,21629.19921875,21705.75,309300,0.24101822286055619,0.0024072823978970102
2024-01-08,21513.0,21513.0,21763.94921875,21492.900390625,21747.599609375,231500,-0.911070868564301,-0.009152465005292239
2024-01-09,21544.849609375,21544.849609375,21724.44921875,21517.849609375,21653.599609375,228600,0.14804820050666745,0.001479387172036867
2024-01-10,21618.69921875,21618.69921875,21641.849609375,21448.650390625,21529.30078125,217000,0.34277152411805734,0.003421854015216792
2024-01-11,21647.19921875,21647.19921875,21726.5,21593.75,21688.0,212500,0.13183031833516878,0.001317434984659037
2024-01-12,21894.55078125,21894.55078125,21928.25,21715.150390625,21773.55078125,294700,1.1426492637705898,0.011361703346499745
2024-01-15,22097.44921875,22097.44921875,22115.55078125,21963.55078125,22053.150390625,345500,0.9267074694848665,0.009224398809286917
2024-01-16,22032.30078125,22032.30078125,22124.150390625,21969.80078125,22080.5,292400,-0.29482333845447517,-0.002952587985615914
2024-01-17,21571.94921875,21571.94921875,21851.5,21550.44921875,21647.25,456000,-2.0894393512082443,-0.021115770473744744
2024-01-18,21462.25,21462.25,21539.400390625,21285.55078125,21414.19921875,387300,-0.5085271508735612,-0.0050982455047793645
2024-01-19,21622.400390625,21622.400390625,21670.599609375,21575.0,21615.19921875,343100,0.746195718645537,0.007434254509367264
2024-01-23,21238.80078125,21238.80078125,21750.25,21192.599609375,21716.69921875,449700,-1.774084294273448,-0.017900098054810153
2024-01-24,21453.94921875,21453.94921875,21482.349609375,21137.19921875,21185.25,407500,1.0129971071150878,0.010079006802925212
2024-01-25,21352.599609375,21352.599609375,21459.0,21247.05078125,21454.599609375,418100,-0.47240537554001927,-0.004735247364061254
2024-01-29,21737.599609375,21737.599609375,21763.25,21429.599609375,21433.099609375,376700,1.8030591452244726,0.01786996821930258
2024-01-30,21522.099609375,21522.099609375,21813.05078125,21501.80078125,21775.75,375100,-0.9913698102483215,-0.009963166019046519
2024-01-31,21725.69921875,21725.69921875,21741.349609375,21448.849609375,21487.25,410600,0.9460025419002926,0.009415559590485083
2024-02-01,21697.44921875,21697.44921875,21832.94921875,21658.75,21780.650390625,332500,-0.13003033741542103,-0.00130114950214822
2024-02-02,21853.80078125,21853.80078125,22126.80078125,21805.55078125,21812.75,442800,0.7205988175093214,0.007180149098767169
2024-02-05,21771.69921875,21771.69921875,21964.30078125,21726.94921875,21921.05078125,440800,-0.37568550808078083,-0.0037639297855089193
2024-02-06,21929.400390625,21929.400390625,21951.400390625,21737.55078125,21825.19921875,371000,0.7243402101531293,0.007217294659854949
2024-02-07,21930.5,21930.5,22053.30078125,21860.150390625,22045.05078125,346300,0.005014315737827957,5.014190025218764e-05
2024-02-08,21717.94921875,21717.94921875,22011.05078125,21665.30078125,22009.650390625,491100,-0.9692017110872975,-0.009739290405751649
2024-02-09,21782.5,21782.5,21804.44921875,21629.900390625,21727.0,349200,0.29722318898448563,0.0029678235415700974
2024-02-12,21616.05078125,21616.05078125,21831.69921875,21574.75,21800.80078125,287400,-0.7641419430735708,-0.007670764664605448
2024-02-13,21743.25,21743.25,21766.80078125,21543.349609375,21664.30078125,365800,0.5884480011507653,0.005867234081485647
2024-02-14,21840.05078125,21840.05078125,21870.849609375,21530.19921875,21578.150390625,359100,0.44519922849619586,0.004442111482625561
2024-02-15,21910.75,21910.75,21953.849609375,21794.80078125,21906.55078125,345400,0.32371361888359207,0.003231907943473083
2024-02-16,22040.69921875,22040.69921875,22068.650390625,21968.94921875,22020.30078125,343900,0.5930843022260657,0.005913324803860001
2024-02-19,22122.25,22122.25,22186.650390625,22021.05078125,22103.44921875,0,0.37000088082788096,0.0036931806134258504
2024-02-20,22196.94921875,22196.94921875,22215.599609375,22045.849609375,22099.19921875,295700,0.33766555730090353,0.003370967472487328
2024-02-21,22055.05078125,22055.05078125,22249.400390625,21997.94921875,22248.849609375,364500,-0.6392700010330099,-0.006413220819374543
2024-02-22,22217.44921875,22217.44921875,22252.5,21875.25,22081.55078125,343500,0.736332185814148,0.007336344949249518
2024-02-23,22212.69921875,22212.69921875,22297.5,22186.099609375,22290.0,226000,-0.02137959201901074,-0.000213818777795819
2024-02-26,22122.05078125,22122.05078125,22202.150390625,22075.150390625,22169.19921875,207800,-0.40809285088362346,-0.004089278221713085
2024-02-27,22198.349609375,22198.349609375,22218.25,22085.650390625,22090.19921875,252200,0.3448994348646428,0.003443060208267885
2024-02-28,21951.150390625,21951.150390625,22229.150390625,21915.849609375,22214.099609375,203000,-1.1135927809948543,-0.011198396451173726
2024-02-29,21982.80078125,21982.80078125,22060.55078125,21860.650390625,21935.19921875,360200,0.14418556686905948,0.0014408171929075416
2024-03-01,22338.75,22338.75,22353.30078125,22047.75,22048.30078125,351500,1.6192168700068565,0.0160624736924449
2024-03-04,22405.599609375,22405.599609375,22440.900390625,22358.30078125,22403.5,298800,0.29925402887358565,0.0029880715530739466
2024-03-05,22356.30078125,22356.30078125,22416.900390625,22269.150390625,22371.25,296200,-0.22002905070378498,-0.0022027147028049303
2024-03-06,22474.05078125,22474.05078125,22497.19921875,22224.349609375,22327.5,312300,0.5266971542034149,0.0052531495595052715
2024-03-07,22493.55078125,22493.55078125,22525.650390625,22430.0,22505.30078125,379900,0.08676673462120199,0.0008672911404987264
2024-03-11,22332.650390625,22332.650390625,22526.599609375,22307.25,22517.5,277900,-0.7153178801771132,-0.007178885448103384
2024-03-12,22335.69921875,22335.69921875,22452.55078125,22256.0,22334.44921875,299200,0.013651886684606929,0.00013650954899359894
2024-03-13,21997.69921875,21997.69921875,22446.75,21905.650390625,22432.19921875,493300,-1.5132725270416536,-0.015248393356596964
2024-03-14,22146.650390625,22146.650390625,22204.599609375,21917.5,21982.55078125,426700,0.6771215952804832,0.006748394232673185
2024-03-15,22023.349609375,22023.349609375,22120.900390625,21931.69921875,22064.849609375,661500,-0.5567468627318717,-0.005583024746448362
2024-03-18,22055.69921875,22055.69921875,22123.69921875,21916.55078125,21990.099609375,356300,0.14688778023679294,0.001467800056624233
2024-03-19,21817.44921875,21817.44921875,21978.30078125,21793.099609375,21946.44921875,344200,-1.0802196640288697,-0.010860963960358783
2024-03-20,21839.099609375,21839.099609375,21930.900390625,21710.19921875,21843.900390625,312400,0.09923428906801757,0.0009918508439663014
2024-03-21,22011.94921875,22011.94921875,22080.94921875,21941.30078125,21989.900390625,353200,0.79146856998078,0.007883528864675105
2024-03-22,22096.75,22096.75,22180.69921875,21883.30078125,21932.19921875,388700,0.38524885010076115,0.0038450866714008036
2024-03-26,22004.69921875,22004.69921875,22073.19921875,21947.55078125,21947.900390625,328400,-0.416580634029895,-0.004174507484794188
2024-03-27,22123.650390625,22123.650390625,22193.599609375,22052.849609375,22053.94921875,409100,0.5405716783151604,0.005391158338500764
2024-03-28,22326.900390625,22326.900390625,22516.0,22163.599609375,22163.599609375,410500,0.9187001078543977,0.009145057280234776
2024-04-01,22462.0,22462.0,22529.94921875,22427.75,22455.0,0,0.6050979178091831,0.006032745520934439
2024-04-02,22453.30078125,22453.30078125,22497.599609375,22388.150390625,22458.80078125,289500,-0.03872860275131451,-0.00038736104211539534
2024-04-03,22434.650390625,22434.650390625,22521.099609375,22346.5,22385.69921875,309600,-0.08306302403686683,-0.0008309754048160305
2024-04-04,22514.650390625,22514.650390625,22619.0,22303.80078125,22592.099609375,401000,0.3565912488363576,0.0035595696965144527
2024-04-05,22513.69921875,22513.69921875,22537.599609375,22427.599609375,22486.400390625,242200,-0.004224679746289706,-4.22476898839797e-05
2024-04-08,22666.30078125,22666.30078125,22697.30078125,22550.349609375,22578.349609375,227600,0.6778164752814453,0.006755296273493474
2024-04-09,22642.75,22642.75,22768.400390625,22612.25,22765.099609375,232400,-0.10390218270411866,-0.0010395619844089984
2024-04-10,22753.80078125,22753.80078125,22775.69921875,22673.69921875,22720.25,276800,0.49044741142307835,0.004892486360835239
2024-04-12,22519.400390625,22519.400390625,22726.44921875,22503.75,22677.400390625,357200,-1.0301592814249916,-0.01035502147176367
2024-04-15,22272.5,22272.5,22427.44921875,22259.55078125,22339.05078125,355500,-1.0963897188301042,-0.011024443666037696
2024-04-16,22147.900390625,22147.900390625,22213.75,22079.44921875,22125.30078125,317300,-0.5594325260972033,-0.005610032105390299
2024-04-18,21995.849609375,21995.849609375,22326.5,21961.69921875,22212.349609375,456900,-0.6865245850318225,-0.006888920065700564
2024-04-19,22147.0,22147.0,22179.55078125,21777.650390625,21861.5,362500,0.6871768688606394,0.006848265696137249
2024-04-22,22336.400390625,22336.400390625,22375.650390625,22198.150390625,22336.900390625,279300,0.8551965982977361,0.008515605079627573
2024-04-23,22368.0,22368.0,22447.55078125,22349.44921875,22447.05078125,231500,0.14147135985376202,0.0014137138340638612
2024-04-24,22402.400390625,22402.400390625,22476.44921875,22384.0,22421.55078125,235900,0.15379287654238016,0.001536747364098986
2024-04-25,22570.349609375,22570.349609375,22625.94921875,22305.25,22316.900390625,475000,0.7496929606716884,0.007468967297299811
2024-04-26,22419.94921875,22419.94921875,22620.400390625,22385.55078125,22620.400390625,329900,-0.6663626980883297,-0.006685928069119567
2024-04-29,22643.400390625,22643.400390625,22655.80078125,22441.900390625,22475.55078125,292000,0.996662256880243,0.009917283345523465
2024-04-30,22604.849609375,22604.849609375,22783.349609375,22568.400390625,22679.650390625,361900,-0.170251731563964,-0.0017039682453004383
2024-05-02,22648.19921875,22648.19921875,22710.5,22567.849609375,22567.849609375,445900,0.19177127972140884,0.0019158763335262374
2024-05-03,22475.849609375,22475.849609375,22794.69921875,22348.05078125,22766.349609375,438100,-0.7609859296553445,-0.0076389620148829334
2024-05-06,22442.69921875,22442.69921875,22588.80078125,22409.44921875,22561.599609375,320300,-0.14749338156797576,-0.0014760226012829026
2024-05-07,22302.5,22302.5,22499.05078125,22232.05078125,22489.75,297800,-0.6246985595782073,-0.0062665796554610105
2024-05-08,22302.5,22302.5,22368.650390625,22185.19921875,22231.19921875,277400,0.0,0.0
2024-05-09,21957.5,21957.5,22307.75,21932.400390625,22224.80078125,331300,-1.546911781190452,-0.015590012996666094
2024-05-10,22055.19921875,22055.19921875,22131.30078125,21950.30078125,21990.94921875,265800,0.44494691449390444,0.004439599522660019
2024-05-13,22104.05078125,22104.05078125,22131.650390625,21821.05078125,22027.94921875,278200,0.22149680905385605,0.002212518664983643
2024-05-14,22217.849609375,22217.849609375,22270.05078125,22081.25,22112.900390625,230200,0.5148324587705533,0.005135117275633606
2024-05-15,22200.55078125,22200.55078125,22297.55078125,22151.75,22255.599609375,231900,-0.07786004689536163,-0.0007789037357247285
2024-05-16,22403.849609375,22403.849609375,22432.25,22054.55078125,22319.19921875,368900,0.9157377676264788,0.00911570311987133
2024-05-17,22466.099609375,22466.099609375,22502.150390625,22345.650390625,22415.25,242700,0.27785403439750667,0.0027746873362616406
2024-05-21,22529.05078125,22529.05078125,22591.099609375,22404.55078125,22404.55078125,347600,0.2802051667603722,0.002798133238882937
2024-05-22,22597.80078125,22597.80078125,22629.5,22483.150390625,22576.599609375,290300,0.3051615474950031,0.0030469687473969323
2024-05-23,22967.650390625,22967.650390625,22993.599609375,22577.44921875,22614.099609375,369800,1.6366619608483068,0.01623413013834582
2024-05-24,22957.099609375,22957.099609375,23026.400390625,22908.0,22930.75,261900,-0.04593757337192361,-0.00045948127907615604
2024-05-27,22932.44921875,22932.44921875,23110.80078125,22871.19921875,23038.94921875,260000,-0.10737589261899938,-0.0010743358183047916
2024-05-28,22888.150390625,22888.150390625,22998.55078125,22858.5,22977.150390625,217900,-0.19317094176221072,-0.00193357757447097
2024-05-29,22704.69921875,22704.69921875,22825.5,22685.44921875,22762.75,269900,-0.8015115627261094,-0.0080474093408375
2024-05-30,22488.650390625,22488.650390625,22705.75,22417.0,22617.44921875,373400,-0.9515599658179275,-0.00956116224385675
2024-05-31,22530.69921875,22530.69921875,22653.75,22465.099609375,22568.099609375,572100,0.18697799732139142,0.0018680341105537352
2024-06-03,23263.900390625,23263.900390625,23338.69921875,23062.30078125,23337.900390625,569400,3.2542317695352763,0.03202403067452011
2024-06-04,21884.5,21884.5,23179.5,21281.44921875,23179.5,1006100,-5.929359941641077,-0.06112419596275757
2024-06-05,22620.349609375,22620.349609375,22670.400390625,21791.94921875,22128.349609375,638500,3.3624236760035675,0.03307130264902321
2024-06-06,22821.400390625,22821.400390625,22910.150390625,22642.599609375,22798.599609375,480400,0.8888049244237806,0.008848783029735371
2024-06-07,23290.150390625,23290.150390625,23320.19921875,22789.05078125,22821.849609375,473600,2.0539931466807104,0.02033183181806326
2024-06-10,23259.19921875,23259.19921875,23411.900390625,23227.150390625,23319.150390625,304400,-0.13289382574128705,-0.0013298220789751808
2024-06-11,23264.849609375,23264.849609375,23389.44921875,23206.650390625,23283.75,305200,0.02429314342191624,0.00024290193115634738
2024-06-12,23322.94921875,23322.94921875,23441.94921875,23295.94921875,23344.44921875,295600,0.2497312914139238,0.002494199810096445
2024-06-13,23398.900390625,23398.900390625,23481.05078125,23353.900390625,23480.94921875,268300,0.32564994745150067,0.0032512085635553246
2024-06-14,23465.599609375,23465.599609375,23490.400390625,23334.25,23464.94921875,223100,0.28505279152657437,0.0028464728647632507
2024-06-18,23557.900390625,23557.900390625,23579.05078125,23499.69921875,23570.80078125,272200,0.3933450786960613,0.0039257349959185015
2024-06-19,23516.0,23516.0,23664.0,23412.900390625,23629.849609375,328800,-0.17786131162043084,-0.0017801967265448713
2024-06-20,23567.0,23567.0,23624.0,23442.599609375,23586.150390625,280300,0.21687361796223215,0.0021663878659495613
2024-06-21,23501.099609375,23501.099609375,23667.099609375,23398.19921875,23661.150390625,609900,-0.279629951309035,-0.0028002164622532473
2024-06-24,23537.849609375,23537.849609375,23558.099609375,23350.0,23382.30078125,239400,0.156375661610908,0.0015625352218749532
2024-06-25,23721.30078125,23721.30078125,23754.150390625,23562.05078125,23577.099609375,298100,0.7793879853915442,0.007763664467508334
2024-06-26,23868.80078125,23868.80078125,23889.900390625,23670.44921875,23723.099609375,287800,0.6218040121837909,0.006198787876631016
2024-06-27,24044.5,24044.5,24087.44921875,23805.400390625,23881.55078125,515200,0.7361040898544724,0.007334080659762657
2024-06-28,24010.599609375,24010.599609375,24174.0,23985.80078125,24085.900390625,354800,-0.14099020825968367,-0.0014108969297394127
2024-07-01,24141.94921875,24141.94921875,24164.0,23992.69921875,23992.94921875,0,0.5470484349075377,0.00545557559691747
2024-07-02,24123.849609375,24123.849609375,24236.349609375,24056.400390625,24228.75,0,-0.07497161563467802,-0.0007499973340487516
2024-07-03,24286.5,24286.5,24309.150390625,24207.099609375,24291.75,0,0.6742306607722792,0.006719678910168409
2024-07-04,24302.150390625,24302.150390625,24401.0,24281.0,24369.94921875,251200,0.06444070008029268,0.0006441994597673961
2024-07-05,24323.849609375,24323.849609375,24363.0,24168.849609375,24213.349609375,298400,0.0892892949850621,0.0008924945580705119
2024-07-08,24320.55078125,24320.55078125,24344.599609375,24240.55078125,24329.44921875,266300,-0.013562113637344275,-0.0001356303337513403
2024-07-09,24433.19921875,24433.19921875,24443.599609375,24331.900390625,24351.0,250500,0.4631820986013446,0.00462112711188291
2024-07-10,24324.44921875,24324.44921875,24461.05078125,24141.80078125,24459.849609375,292300,-0.4450911197766749,-0.004460845993233708
2024-07-11,24315.94921875,24315.94921875,24402.650390625,24193.75,24396.55078125,306400,-0.03494426502141934,-0.0003495037195243165
2024-07-12,24502.150390625,24502.150390625,24592.19921875,24331.150390625,24387.94921875,325800,0.7657573644356042,0.007628403248955412
2024-07-15,24586.69921875,24586.69921875,24635.05078125,24522.75,24587.599609375,305400,0.3450669707641296,0.0034447298074261035
2024-07-16,24613.0,24613.0,24661.25,24587.650390625,24615.900390625,283200,0.10697158254551198,0.0010691440871768358
2024-07-18,24800.849609375,24800.849609375,24837.75,24504.44921875,24543.80078125,350900,0.7632129743428306,0.007603152387120198
2024-07-19,24530.900390625,24530.900390625,24854.80078125,24508.150390625,24853.80078125,343800,-1.0884676251089243,-0.010944347737899481
2024-07-22,24509.25,24509.25,24595.19921875,24362.30078125,24445.75,324200,-0.08825762723847497,-0.0008829659721330775
2024-07-23,24479.05078125,24479.05078125,24582.55078125,24074.19921875,24568.900390625,436400,-0.12321559717249908,-0.0012329157000276177
2024-07-24,24413.5,24413.5,24504.25,24307.25,24444.94921875,366600,-0.2677831825905974,-0.00268142363114976
2024-07-25,24406.099609375,24406.099609375,24426.150390625,24210.80078125,24230.94921875,391800,-0.030312698404566518,-0.0003031729363163769
2024-07-26,24834.849609375,24834.849609375,24861.150390625,24410.900390625,24423.349609375,383800,1.756732976027453,0.01741480789992859
2024-07-29,24836.099609375,24836.099609375,24999.75,24774.599609375,24943.30078125,355000,0.00503324972633834,5.0331230625744864e-05
2024-07-30,24857.30078125,24857.30078125,24971.75,24798.650390625,24839.400390625,385000,0.08536433743000504,0.0008532792280141148
2024-07-31,24951.150390625,24951.150390625,24984.599609375,24856.5,24886.69921875,333600,0.377553501085659,0.0037684255675633532
2024-08-01,25010.900390625,25010.900390625,25078.30078125,24956.400390625,25030.94921875,431300,0.23946791656728195,0.002391816490734086
2024-08-02,24717.69921875,24717.69921875,24851.900390625,24686.849609375,24789.0,345000,-1.172293549195469,-0.011792190883304469
2024-08-05,24055.599609375,24055.599609375,24350.05078125,23893.69921875,24302.849609375,487000,-2.678645789462286,-0.02715175314145156
2024-08-06,23992.55078125,23992.55078125,24382.599609375,23960.400390625,24189.849609375,312300,-0.26209626510589334,-0.0026244033870099497
2024-08-07,24297.5,24297.5,24337.69921875,24184.900390625,24289.400390625,317600,1.2710162480444431,0.012630066341245293
2024-08-08,24117.0,24117.0,24340.5,24079.69921875,24248.55078125,311900,-0.7428747813561065,-0.007456478381555143
2024-08-09,24367.5,24367.5,24419.75,24311.19921875,24386.849609375,215100,1.0386864037815746,0.010333291215294636
2024-08-12,24347.0,24347.0,24472.80078125,24212.099609375,24320.05078125,279900,-0.08412844977941925,-0.0008416385761983504
2024-08-13,24139.0,24139.0,24359.94921875,24116.5,24342.349609375,239700,-0.8543146999630324,-0.00857984886239657
2024-08-14,24143.75,24143.75,24196.5,24099.69921875,24184.400390625,303300,0.019677699987563635,0.0001967576418212346
2024-08-16,24541.150390625,24541.150390625,24563.900390625,24204.5,24334.849609375,271600,1.6459762490292462,0.016325768935141063
2024-08-19,24572.650390625,24572.650390625,24638.80078125,24522.94921875,24636.349609375,243600,0.12835584110202358,0.0012827353541420893
2024-08-20,24698.849609375,24698.849609375,24734.30078125,24607.19921875,24648.900390625,238300,0.5135759339910173,0.0051226163083365125
2024-08-21,24770.19921875,24770.19921875,24787.94921875,24654.5,24680.55078125,257100,0.28887826964991703,0.0028846181820890576
2024-08-22,24811.5,24811.5,24867.349609375,24784.44921875,24863.400390625,220300,0.1667357653657442,0.0016659691560852782
2024-08-23,24823.150390625,24823.150390625,24858.400390625,24771.650390625,24845.400390625,206800,0.046955607782672715,0.0004694458708691634
2024-08-26,25010.599609375,25010.599609375,25043.80078125,24874.69921875,24906.099609375,210300,0.7551387144671073,0.007523018148105455
2024-08-27,25017.75,25017.75,25073.099609375,24973.650390625,25024.80078125,223300,0.02858944102370753,0.0002858535502177548
2024-08-28,25052.349609375,25052.349609375,25129.599609375,24964.650390625,25030.80078125,220400,0.138300244326528,0.0013820469762269526
2024-08-29,25151.94921875,25151.94921875,25192.900390625,24998.5,25035.30078125,354000,0.397565940632294,0.003967777356455909
2024-08-30,25235.900390625,25235.900390625,25268.349609375,25199.400390625,25249.69921875,638200,0.3337760073577778,0.003332202116407902
2024-09-02,25278.69921875,25278.69921875,25333.650390625,25235.5,25333.599609375,222800,0.1695950113232314,0.0016945136137639853
2024-09-03,25279.849609375,25279.849609375,25321.69921875,25235.80078125,25313.400390625,212100,0.004550829989491412,4.550726442364936e-05
2024-09-04,25198.69921875,25198.69921875,25216.0,25083.80078125,25089.94921875,253800,-0.3210082017058524,-0.003215245383183467
2024-09-05,25145.099609375,25145.099609375,25275.44921875,25127.75,25250.5,222200,-0.21270784221717465,-0.0021293438665674616
2024-09-06,24852.150390625,24852.150390625,25168.75,24801.30078125,25093.69921875,311700,-1.1650350298901935,-0.011718747382249265
2024-09-09,24936.400390625,24936.400390625,24957.5,24753.150390625,24823.400390625,254400,0.3390048695012693,0.003384315433638339
2024-09-10,25041.099609375,25041.099609375,25130.5,24896.80078125,24999.400390625,251300,0.41986500501236534,0.0041898603137641086
2024-09-11,24918.44921875,24918.44921875,25113.69921875,24885.150390625,25034.0,279200,-0.4897963449619458,-0.004909997784499106
2024-09-12,25388.900390625,25388.900390625,25433.349609375,24941.44921875,25059.650390625,380100,1.887963282727112,0.018703624424743968
2024-09-13,25356.5,25356.5,25430.5,25292.44921875,25430.44921875,250800,-0.12761636040355961,-0.0012769785942554214
2024-09-16,25383.75,25383.75,25445.69921875,25336.19921875,25406.650390625,168700,0.10746751326089488,0.0010740980826790941
2024-09-17,25418.55078125,25418.55078125,25441.650390625,25352.25,25416.900390625,216000,0.13709866056039743,0.0013700476615561017
2024-09-18,25377.55078125,25377.55078125,25482.19921875,25285.55078125,25402.400390625,215700,-0.16129951842196455,-0.0016142974615182065
2024-09-19,25415.80078125,25415.80078125,25611.94921875,25376.05078125,25487.05078125,314500,0.15072376499098983,0.0015061029073179838
2024-09-20,25790.94921875,25790.94921875,25849.25,25426.599609375,25525.94921875,533100,1.4760441377741573,0.014652566289984728
2024-09-23,25939.05078125,25939.05078125,25956.0,25847.349609375,25872.55078125,209200,0.5742385099666292,0.005725960454112572
2024-09-24,25940.400390625,25940.400390625,26011.55078125,25886.849609375,25921.44921875,384100,0.0052030021699067674,5.20286681844374e-05
2024-09-25,26004.150390625,26004.150390625,26032.80078125,25871.349609375,25899.44921875,278500,0.24575565157058943,0.0024545416621303915
2024-09-26,26216.05078125,26216.05078125,26250.900390625,25998.400390625,26005.400390625,370900,0.8148714241454025,0.008115692736807522
2024-09-27,26178.94921875,26178.94921875,26277.349609375,26151.400390625,26248.25,490300,-0.14152231703233875,-0.0014162255444679923
2024-09-30,25810.849609375,25810.849609375,26134.69921875,25794.099609375,26061.30078125,343100,-1.4060900852023384,-0.014160691857076434
2024-10-01,25796.900390625,25796.900390625,25907.599609375,25739.19921875,25788.44921875,247400,-0.05404401234794243,-0.0005405862138807384
2024-10-03,25250.099609375,25250.099609375,25639.44921875,25230.30078125,25452.849609375,423400,-2.119637526098739,-0.02142424417261006
2024-10-04,25014.599609375,25014.599609375,25485.05078125,24966.80078125,25181.900390625,374900,-0.9326695880144675,-0.009370461848646757
2024-10-07,24795.75,24795.75,25143.0,24694.349609375,25084.099609375,374300,-0.8748875168602677,-0.008787371273170997
2024-10-08,25013.150390625,25013.150390625,25044.0,24756.80078125,24832.19921875,333200,0.8767647303469239,0.008729434677965052
2024-10-09,24981.94921875,24981.94921875,25234.05078125,24947.69921875,25065.80078125,290600,-0.12473907279866303,-0.0012481693673798233
2024-10-10,24998.44921875,24998.44921875,25134.05078125,24979.400390625,25067.05078125,261400,0.06604768849507447,0.0006602588660852999
2024-10-11,24964.25,24964.25,25028.650390625,24920.05078125,24985.30078125,210500,-0.13680536120755926,-0.0013689902517646816
2024-10-14,25127.94921875,25127.94921875,25159.75,25017.5,25023.44921875,206400,0.6557345754428789,0.006535939888908111
2024-10-15,25057.349609375,25057.349609375,25212.05078125,25008.150390625,25186.30078125,257200,-0.2809604904896901,-0.0028135592532655376
2024-10-16,24971.30078125,24971.30078125,25093.400390625,24908.44921875,25008.55078125,226800,-0.34340754096676696,-0.003439985380697183
2024-10-17,24749.849609375,24749.849609375,25029.5,24728.900390625,25027.400390625,252800,-0.8868227322834543,-0.008907784090014885
2024-10-18,24854.05078125,24854.05078125,24886.19921875,24567.650390625,24664.94921875,290900,0.4210173941240125,0.004201335956550517
2024-10-21,24781.099609375,24781.099609375,24978.30078125,24679.599609375,24956.150390625,242000,-0.293518237799828,-0.002939498473548445
2024-10-22,24472.099609375,24472.099609375,24882.0,24445.80078125,24798.650390625,279500,-1.2469180337869368,-0.012547572909439223
2024-10-23,24435.5,24435.5,24604.25,24378.099609375,24378.150390625,284600,-0.1495564743491773,-0.0014966842167451323
2024-10-24,24399.400390625,24399.400390625,24480.650390625,24341.19921875,24412.69921875,216700,-0.14773427748562273,-0.0014784351216731097
2024-10-25,24180.80078125,24180.80078125,24440.25,24073.900390625,24418.05078125,372600,-0.8959220549493163,-0.00899959570008371
2024-10-28,24339.150390625,24339.150390625,24492.599609375,24134.900390625,24251.099609375,278600,0.6548567634608204,0.006527218917237164
2024-10-29,24466.849609375,24466.849609375,24484.5,24140.849609375,24328.849609375,332000,0.5246658848009123,0.0052329430871703615
2024-10-30,24340.849609375,24340.849609375,24498.19921875,24307.30078125,24371.44921875,285200,-0.5149825253829232,-0.00516313130612327
2024-10-31,24205.349609375,24205.349609375,24372.44921875,24172.599609375,24349.849609375,287000,-0.5566773640794054,-0.00558232586918934
2024-11-01,24304.349609375,24304.349609375,24368.25,24280.19921875,24302.75,38800,0.4090004961616156,0.004081663627652918
2024-11-04,23995.349609375,23995.349609375,24316.75,23816.150390625,24315.75,285500,-1.27137736646451,-0.012795285302364113
2024-11-05,24213.30078125,24213.30078125,24229.05078125,23842.75,23916.5,289500,0.908305881860727,0.009042055940529129
2024-11-06,24484.05078125,24484.05078125,24537.599609375,24204.05078125,24308.75,351100,1.1181870759630508,0.011119815807918394
2024-11-07,24199.349609375,24199.349609375,24503.349609375,24179.05078125,24489.599609375,322200,-1.1628025706147627,-0.011696159889418445
2024-11-08,24148.19921875,24148.19921875,24276.150390625,24066.650390625,24207.69921875,298700,-0.2113709312467793,-0.0021159463488489003
2024-11-11,24141.30078125,24141.30078125,24336.80078125,24004.599609375,24087.25,273400,-0.028567088740283353,-0.00028571169910344984
2024-11-12,23883.44921875,23883.44921875,24242.0,23839.150390625,24225.80078125,255800,-1.0680930776533315,-0.010738381367723213
2024-11-13,23559.05078125,23559.05078125,23873.599609375,23509.599609375,23822.44921875,304600,-1.3582562322921432,-0.013675649189030194
2024-11-14,23532.69921875,23532.69921875,23675.900390625,23484.150390625,23542.150390625,257700,-0.11185324376894457,-0.0011191584619590343
2024-11-18,23453.80078125,23453.80078125,23606.80078125,23350.400390625,23605.30078125,263300,-0.33527151631265184,-0.003358348106569627
2024-11-19,23518.5,23518.5,23780.650390625,23464.80078125,23529.55078125,297500,0.2758581406631766,0.002754783503889256
2024-11-21,23349.900390625,23349.900390625,23507.30078125,23263.150390625,23488.44921875,420300,-0.7168807933116472,-0.007194627306794726
2024-11-22,23907.25,23907.25,23956.099609375,23359.0,23411.80078125,367600,2.3869464111237804,0.02358904203763299
2024-11-25,24221.900390625,24221.900390625,24351.55078125,24135.44921875,24253.55078125,687200,1.3161295867362366,0.013075438521712217
2024-11-26,24194.5,24194.5,24343.30078125,24125.400390625,24343.30078125,230700,-0.11312238174179257,-0.0011318641340202825
2024-11-27,24274.900390625,24274.900390625,24354.55078125,24145.650390625,24204.80078125,295000,0.3323085437806128,0.0033175761911502914
2024-11-28,23914.150390625,23914.150390625,24345.75,23873.349609375,24274.150390625,366700,-1.4861029054492936,-0.0149725605075969
2024-11-29,24131.099609375,24131.099609375,24188.44921875,23927.150390625,23927.150390625,282100,0.9072001940535257,0.009031098528695802
2024-12-02,24276.05078125,24276.05078125,24301.69921875,24008.650390625,24140.849609375,220400,0.6006820004948565,0.005988850983542634
2024-12-03,24457.150390625,24457.150390625,24481.349609375,24280.0,24367.5,339500,0.7460011144599932,0.007432322879372628
2024-12-04,24467.44921875,24467.44921875,24573.19921875,24366.30078125,24488.75,348000,0.04210968146538541,0.0004210081782723239
2024-12-05,24708.400390625,24708.400390625,24857.75,24295.55078125,24539.150390625,361500,0.9847825562885104,0.009799651742121284
2024-12-06,24677.80078125,24677.80078125,24751.05078125,24620.5,24729.44921875,226700,-0.12384293961259507,-0.0012391968835286232
2024-12-09,24619.0,24619.0,24705.0,24580.05078125,24633.900390625,248100,-0.23827399277279726,-0.002385583169878571
2024-12-10,24610.05078125,24610.05078125,24677.80078125,24510.650390625,24652.650390625,261000,-0.03635086213900074,-0.00036357470666444975
2024-12-11,24641.80078125,24641.80078125,24691.75,24583.849609375,24620.5,187300,0.12901233029631864,0.0012892918089711122
2024-12-12,24548.69921875,24548.69921875,24675.25,24527.94921875,24604.44921875,266100,-0.3778196379659149,-0.003785351792322941
2024-12-13,24768.30078125,24768.30078125,24792.30078125,24180.80078125,24498.349609375,310100,0.8945547808588916,0.008905773422254015
2024-12-16,24668.25,24668.25,24781.25,24601.75,24753.400390625,187600,-0.4039468921733236,-0.004047649614185296
2024-12-17,24336.0,24336.0,24624.099609375,24303.44921875,24584.80078125,264900,-1.3468730047733413,-0.01356025614827435
2024-12-18,24198.849609375,24198.849609375,24394.44921875,24149.849609375,24297.94921875,235300,-0.5635699812006956,-0.005651640286891943
2024-12-19,23951.69921875,23951.69921875,24004.900390625,23870.30078125,23877.150390625,271100,-1.0213311567061067,-0.01026582529903898
2024-12-20,23587.5,23587.5,24065.80078125,23537.349609375,23960.69921875,442700,-1.520556915080562,-0.015322359236337606
2024-12-23,23753.44921875,23753.44921875,23869.55078125,23647.19921875,23738.19921875,189800,0.7035472972972912,0.007010839504245724
2024-12-24,23727.650390625,23727.650390625,23867.650390625,23685.150390625,23769.099609375,177700,-0.10861087115143775,-0.0010866989549987555
2024-12-26,23750.19921875,23750.19921875,23854.5,23653.599609375,23775.80078125,177700,0.09503186263191132,0.0009498673594489271
2024-12-27,23813.400390625,23813.400390625,23938.849609375,23800.599609375,23801.400390625,176800,0.2661079652128029,0.002657545248501766
2024-12-30,23644.900390625,23644.900390625,23915.349609375,23599.30078125,23796.900390625,364900,-0.7075847935867907,-0.007101000468431965
2024-12-31,23644.80078125,23644.80078125,23689.849609375,23460.44921875,23560.599609375,193600,-0.0004212721278373799,-4.2127301519090045e-06
2025-01-01,23742.900390625,23742.900390625,23822.80078125,23562.80078125,23637.650390625,154900,0.41488871182535636,0.004140304217561321
2025-01-02,24188.650390625,24188.650390625,24226.69921875,23751.55078125,23783.0,283200,1.8774033191665485,0.018599976157659907
2025-01-03,24004.75,24004.75,24196.44921875,23976.0,24196.400390625,312300,-0.7602755327609123,-0.007631803596810856
2025-01-06,23616.05078125,23616.05078125,24089.94921875,23551.900390625,24045.80078125,278100,-1.6192595996625703,-0.016325128725884954
2025-01-07,23707.900390625,23707.900390625,23795.19921875,23637.80078125,23679.900390625,262300,0.38892874268343647,0.0038817437019732417
2025-01-08,23688.94921875,23688.94921875,23751.849609375,23496.150390625,23746.650390625,266400,-0.07993610384197103,-0.0007996806978147784
2025-01-09,23526.5,23526.5,23689.5,23503.05078125,23674.75,269200,-0.6857594959147506,-0.006881216315863482
2025-01-10,23431.5,23431.5,23596.599609375,23344.349609375,23551.900390625,261000,-0.4037999702463213,-0.004046174437066828
2025-01-13,23085.94921875,23085.94921875,23340.94921875,23047.25,23195.400390625,316500,-1.4747275302477436,-0.014857097422370331
2025-01-14,23176.05078125,23176.05078125,23264.94921875,23134.150390625,23165.900390625,311200,0.3902874499386977,0.003895278043635164
2025-01-15,23213.19921875,23213.19921875,23293.650390625,23146.44921875,23250.44921875,228000,0.16028803979861728,0.0016015971562733668
2025-01-16,23311.80078125,23311.80078125,23391.650390625,23272.05078125,23377.25,299400,0.4247650725383689,0.004238654922064901
2025-01-17,23203.19921875,23203.19921875,23292.099609375,23100.349609375,23277.099609375,272900,-0.46586517926727744,-0.004669537131428157
2025-01-20,23344.75,23344.75,23391.099609375,23170.650390625,23290.400390625,301500,0.6100485537167577,0.006081952909099664
2025-01-21,23024.650390625,23024.650390625,23426.30078125,22976.849609375,23421.650390625,312900,-1.3711845677293555,-0.013806721311582606
2025-01-22,23155.349609375,23155.349609375,23169.55078125,22981.30078125,23099.150390625,276000,0.5676490914416465,0.0056604403518015324
2025-01-23,23205.349609375,23205.349609375,23270.80078125,23090.650390625,23128.30078125,275600,0.21593282262408753,0.0021570002277194853
2025-01-24,23092.19921875,23092.19921875,23347.30078125,23050.0,23183.900390625,264300,-0.48760476583936674,-0.00488797436469754
2025-01-27,22829.150390625,22829.150390625,23007.44921875,22786.900390625,22940.150390625,257400,-1.1391241935562957,-0.011456619090824587
2025-01-28,22957.25,22957.25,23137.94921875,22857.650390625,22960.44921875,361900,0.5611229817278129,0.005595545512054291
2025-01-29,23163.099609375,23163.099609375,23183.349609375,22976.5,23026.75,226300,0.8966649288351114,0.008926687592645893
2025-01-30,23249.5,23249.5,23322.05078125,23139.19921875,23169.5,361900,0.3730087599762788,0.003723148074350194
2025-01-31,23508.400390625,23508.400390625,23546.80078125,23277.400390625,23296.75,304900,1.1135740150325812,0.011074194280356322
2025-02-01,23482.150390625,23482.150390625,23632.44921875,23318.30078125,23528.599609375,281000,-0.11166221250199504,-0.001117246011978889
2025-02-03,23361.05078125,23361.05078125,23381.599609375,23222.0,23319.349609375,329700,-0.5157091976693451,-0.005170435671733403
2025-02-04,23739.25,23739.25,23762.75,23423.150390625,23509.900390625,376700,1.6189306820631133,0.016059657410686868
2025-02-05,23696.30078125,23696.30078125,23807.30078125,23680.44921875,23801.75,267000,-0.1809207062143936,-0.0018108456539069108
2025-02-06,23603.349609375,23603.349609375,23773.55078125,23556.25,23761.94921875,307000,-0.39226026346081966,-0.003930316218479903
2025-02-07,23559.94921875,23559.94921875,23694.5,23443.19921875,23649.5,368100,-0.18387386257991967,-0.0018404311807618838
2025-02-10,23381.599609375,23381.599609375,23568.599609375,23316.30078125,23543.80078125,234200,-0.7570033692307909,-0.0075988318246352615
2025-02-11,23071.80078125,23071.80078125,23390.05078125,22986.650390625,23383.55078125,268000,-1.3249684936046169,-0.013338245144624153
2025-02-12,23045.25,23045.25,23144.69921875,22798.349609375,23050.80078125,279700,-0.11507892904301098,-0.001151451956867338
2025-02-13,23031.400390625,23031.400390625,23235.5,22992.19921875,23055.75,265700,-0.06009745771905495,-0.0006011552347958088
2025-02-14,22929.25,22929.25,23133.69921875,22774.849609375,23096.44921875,254500,-0.4435266153706374,-0.00444513112662715
2025-02-17,22959.5,22959.5,22974.19921875,22725.44921875,22809.900390625,207400,0.13192755977626813,0.001318406118349223
2025-02-18,22945.30078125,22945.30078125,22992.5,22801.5,22963.650390625,210600,-0.06184463402948426,-0.0006186376571162799
2025-02-19,22932.900390625,22932.900390625,23049.94921875,22814.849609375,22847.25,207000,-0.05404326900405598,-0.0005405787764224007
2025-02-20,22913.150390625,22913.150390625,22923.849609375,22812.75,22821.099609375,240800,-0.08612081186238907,-0.0008615791713867465
2025-02-21,22795.900390625,22795.900390625,22921.0,22720.30078125,22857.19921875,242800,-0.5117148798882476,-0.005130286241460248
2025-02-24,22553.349609375,22553.349609375,22668.05078125,22518.80078125,22609.349609375,214300,-1.0640105330068539,-0.010697116011174177
2025-02-25,22547.55078125,22547.55078125,22625.30078125,22513.900390625,22516.44921875,250300,-0.025711604818956513,-0.00025714910818764225
2025-02-27,22545.05078125,22545.05078125,22613.30078125,22508.400390625,22568.94921875,289200,-0.011087678764998277,-0.00011088293493540093
2025-02-28,22124.69921875,22124.69921875,22450.349609375,22104.849609375,22433.400390625,551300,-1.8644959666695105,-0.01882096814125905
2025-03-03,22119.30078125,22119.30078125,22261.55078125,22004.69921875,22194.55078125,282400,-0.024400049223838316,-0.0002440302652016664
2025-03-04,22082.650390625,22082.650390625,22105.05078125,21964.599609375,21974.44921875,253300,-0.16569416451024388,-0.001658315891150207
2025-03-05,22337.30078125,22337.30078125,22394.900390625,22067.80078125,22073.05078125,305900,1.1531695069225467,0.01146571185468711
2025-03-06,22544.69921875,22544.69921875,22556.44921875,22245.849609375,22476.349609375,372100,0.9284847776867,0.00924200854408832
2025-03-07,22552.5,22552.5,22633.80078125,22464.75,22508.650390625,289800,0.03460139864501777,0.00034595413741610534
2025-03-10,22460.30078125,22460.30078125,22676.75,22429.05078125,22521.849609375,293900,-0.4088203913091726,-0.004096583464717347
2025-03-11,22497.900390625,22497.900390625,22522.099609375,22314.69921875,22345.94921875,347900,0.16740474556060647,0.0016726478000064651
2025-03-12,22470.5,22470.5,22577.400390625,22329.55078125,22536.349609375,369700,-0.12179087892316698,-0.001218651042867137
2025-03-13,22397.19921875,22397.19921875,22558.05078125,22377.349609375,22541.5,287500,-0.3262089461738671,-0.00326742167482874
2025-03-17,22508.75,22508.75,22577.0,22353.150390625,22353.150390625,251100,0.4980568336268254,0.004968206335327962
2025-03-18,22834.30078125,22834.30078125,22857.80078125,22599.19921875,22662.25,272600,1.446329899483545,0.014359703182661372
2025-03-19,22907.599609375,22907.599609375,22940.69921875,22807.94921875,22874.94921875,324000,0.32100316461272094,0.0032048904937790478
2025-03-20,23190.650390625,23190.650390625,23216.69921875,22973.94921875,23036.599609375,313700,1.2356195589090069,0.012280480863664548
2025-03-21,23350.400390625,23350.400390625,23402.69921875,23132.80078125,23168.25,541000,0.6888551951288902,0.0068649342763162065
2025-03-24,23658.349609375,23658.349609375,23708.75,23433.5,23515.400390625,311900,1.3188177230298859,0.013101970335000056
2025-03-25,23668.650390625,23668.650390625,23869.599609375,23601.400390625,23751.5,338200,0.04353972876416368,0.0004353025297464832
2025-03-26,23486.849609375,23486.849609375,23736.5,23451.69921875,23700.94921875,278600,-0.7681079328545448,-0.007710730752587225
2025-03-27,23591.94921875,23591.94921875,23646.44921875,23412.19921875,23433.94921875,510300,0.4474827877002596,0.004464845602965276
2025-03-28,23519.349609375,23519.349609375,23649.19921875,23450.19921875,23600.400390625,295400,-0.30773044101545244,-0.003082049047667123
2025-04-01,23165.69921875,23165.69921875,23565.150390625,23136.400390625,23341.099609375,314300,-1.5036571865236992,-0.015150767296533939
2025-04-02,23332.349609375,23332.349609375,23350.0,23158.44921875,23192.599609375,341000,0.7193842458686373,0.007168090205371445
2025-04-03,23250.099609375,23250.099609375,23306.5,23145.80078125,23150.30078125,283200,-0.35251486188494496,-0.003531376595912815
2025-04-04,22904.44921875,22904.44921875,23214.69921875,22857.44921875,23190.400390625,466800,-1.4866619775066536,-0.014978235581472139
2025-04-07,22161.599609375,22161.599609375,22254.0,21743.650390625,21758.400390625,647100,-3.2432546283055363,-0.032970136904421674
2025-04-08,22535.849609375,22535.849609375,22697.19921875,22270.849609375,22446.75,468300,1.6887318902814252,0.01674631338889978
2025-04-09,22399.150390625,22399.150390625,22468.69921875,22353.25,22460.30078125,383800,-0.6065856008070525,-0.006084328049671031
2025-04-11,22828.55078125,22828.55078125,22923.900390625,22695.400390625,22695.400390625,402200,1.9170387409190415,0.018988950673859396
2025-04-15,23328.55078125,23328.55078125,23368.349609375,23207.0,23368.349609375,388300,2.190239778210845,0.02166598602930882
2025-04-16,23437.19921875,23437.19921875,23452.19921875,23273.05078125,23344.099609375,348400,0.4657316201027051,0.004646504460063537
2025-04-17,23851.650390625,23851.650390625,23872.349609375,23298.55078125,23401.849609375,505300,1.7683476937954135,0.017528943393621495
2025-04-21,24125.55078125,24125.55078125,24189.55078125,23903.650390625,23949.150390625,406100,1.1483498464016417,0.011418063566753105
2025-04-22,24167.25,24167.25,24242.599609375,24072.0,24185.400390625,440900,0.17284255654137493,0.0017269335569158489
2025-04-23,24328.94921875,24328.94921875,24359.30078125,24119.94921875,24357.599609375,415000,0.6690840652122221,0.006668556323176313
2025-04-24,24246.69921875,24246.69921875,24347.849609375,24216.150390625,24277.900390625,358800,-0.33807460922566923,-0.0033864737270896763
2025-04-25,24039.349609375,24039.349609375,24365.44921875,23847.849609375,24289.0,387700,-0.855166336268387,-0.008588438645809417
2025-04-28,24328.5,24328.5,24355.099609375,24054.05078125,24070.25,320500,1.2028211882747275,0.011956447831200931
2025-04-29,24335.94921875,24335.94921875,24457.650390625,24290.75,24370.69921875,357600,0.03061930965739812,0.00030614622903455367
2025-04-30,24334.19921875,24334.19921875,24396.150390625,24198.75,24342.05078125,424500,-0.007191007773188485,-7.191266338548166e-05
2025-05-02,24346.69921875,24346.69921875,24589.150390625,24238.5,24311.900390625,421100,0.05136803511647248,0.0005135484625769229
2025-05-05,24461.150390625,24461.150390625,24526.400390625,24400.650390625,24419.5,291500,0.4700890697612925,0.004689876016656186
2025-05-06,24379.599609375,24379.599609375,24509.650390625,24331.80078125,24500.75,302400,-0.3333889859949313,-0.0033394596535795407
2025-05-07,24414.400390625,24414.400390625,24449.599609375,24220.0,24233.30078125,330100,0.14274549954715887,0.001426437150093386
2025-05-08,24273.80078125,24273.80078125,24447.25,24150.19921875,24431.5,411400,-0.5758880297096702,-0.005775526588332327
2025-05-09,24008.0,24008.0,24164.25,23935.75,23935.75,335600,-1.09501096942064,-0.011010503428714508
2025-05-12,24924.69921875,24924.69921875,24944.80078125,24378.849609375,24420.099609375,368700,3.8183073090219954,0.0374721401846667
2025-05-13,24578.349609375,24578.349609375,24973.80078125,24547.5,24864.05078125,423000,-1.389583907654357,-0.013993290077199355
2025-05-14,24666.900390625,24666.900390625,24767.55078125,24535.55078125,24613.80078125,345500,0.36027960647213586,0.003596321541244558
2025-05-15,25062.099609375,25062.099609375,25116.25,24494.44921875,24694.44921875,500800,1.6021438141461841,0.015894449466611917
2025-05-16,25019.80078125,25019.80078125,25070.0,24953.05078125,25064.650390625,432700,-0.16877607536591732,-0.0016891866264205442
2025-05-19,24945.44921875,24945.44921875,25062.94921875,24916.650390625,25005.349609375,255300,-0.29717088137536374,-0.002976133107706799
2025-05-20,24683.900390625,24683.900390625,25010.349609375,24669.69921875,24996.19921875,414800,-1.0484831354666824,-0.010540184450815589
2025-05-21,24813.44921875,24813.44921875,24946.19921875,24685.349609375,24744.25,332700,0.524831270888626,0.0052345883147392296
2025-05-22,24609.69921875,24609.69921875,24737.5,24462.400390625,24733.94921875,403300,-0.8211272774042211,-0.008245170966734258
2025-05-23,24853.150390625,24853.150390625,24909.05078125,24614.05078125,24639.5,270500,0.9892488718005854,0.009843878373448323
2025-05-26,25001.150390625,25001.150390625,25079.19921875,24900.5,24919.349609375,302800,0.5954979456279652,0.0059373186446142635
2025-05-27,24826.19921875,24826.19921875,25062.900390625,24704.099609375,24956.650390625,525700,-0.6997724870316469,-0.00702232377173064
2025-05-28,24752.44921875,24752.44921875,24864.25,24737.05078125,24832.5,684400,-0.29706520659956714,-0.002975073210803887
2025-05-29,24833.599609375,24833.599609375,24892.599609375,24677.30078125,24825.099609375,345400,0.3278479228775888,0.003273116733106363
2025-05-30,24750.69921875,24750.69921875,24863.94921875,24717.400390625,24812.599609375,853900,-0.333823496911434,-0.0033438193068198903
2025-06-02,24716.599609375,24716.599609375,24754.400390625,24526.150390625,24669.69921875,311100,-0.13777230725331435,-0.001378673005562118
2025-06-03,24542.5,24542.5,24845.099609375,24502.150390625,24786.30078125,349300,-0.7043833380258491,-0.007068758288164619
2025-06-04,24620.19921875,24620.19921875,24644.25,24530.44921875,24560.44921875,280900,0.3165904807986175,0.0031609038835467354
2025-06-05,24750.900390625,24750.900390625,24899.849609375,24613.099609375,24691.19921875,388400,0.5308696762106768,0.005294655304090157
2025-06-06,25003.05078125,25003.05078125,25029.5,24671.44921875,24748.69921875,335600,1.018752395450262,0.010135980900817266
2025-06-09,25103.19921875,25103.19921875,25160.099609375,25077.150390625,25160.099609375,279200,0.4005448710087123,0.003997448256890138
2025-06-10,25104.25,25104.25,25199.30078125,25055.44921875,25196.05078125,307300,0.00418584595869298,4.18575835460567e-05
2025-06-11,25141.400390625,25141.400390625,25222.400390625,25081.30078125,25134.150390625,301200,0.14798446727146697,0.001478750781646587
2025-06-12,24888.19921875,24888.19921875,25196.19921875,24825.900390625,25164.44921875,328300,-1.0071084662786611,-0.010122141121121413
2025-06-13,24718.599609375,24718.599609375,24754.349609375,24473.0,24473.0,318700,-0.6814458847919758,-0.006837783295332098
2025-06-16,24946.5,24946.5,24967.099609375,24703.599609375,24732.349609375,305800,0.921979376770854,0.00917755091754434
2025-06-17,24853.400390625,24853.400390625,24982.05078125,24813.69921875,24977.849609375,242400,-0.37319707924959866,-0.0037389519699400583
2025-06-18,24812.05078125,24812.05078125,24947.55078125,24750.44921875,24788.349609375,237600,-0.16637405234334324,-0.0016651260767121068
2025-06-19,24793.25,24793.25,24863.099609375,24733.400390625,24803.25,274600,-0.07577278241026608,-0.0007580150449296773
2025-06-20,25112.400390625,25112.400390625,25136.19921875,24783.650390625,24787.650390625,574700,1.287247095983779,0.012790324902965947
2025-06-23,24971.900390625,24971.900390625,25057.0,24824.849609375,24939.75,248500,-0.559484548726974,-0.005610555258512813
2025-06-24,25044.349609375,25044.349609375,25317.69921875,24999.69921875,25179.900390625,450200,0.29012296868362597,0.0028970292423300638
2025-06-25,25244.75,25244.75,25266.80078125,25125.05078125,25150.349609375,260600,0.8001820520425307,0.00796997571939643
2025-06-26,25549.0,25549.0,25565.30078125,25259.900390625,25268.94921875,428900,1.2052010814129765,0.011979963629751521
2025-06-27,25637.80078125,25637.80078125,25654.19921875,25523.55078125,25576.650390625,564000,0.3475704773181043,0.00346967847107354
2025-06-30,25517.05078125,25517.05078125,25669.349609375,25473.30078125,25661.650390625,271000,-0.4709842354665206,-0.004720968611190444
2025-07-01,25541.80078125,25541.80078125,25593.400390625,25501.80078125,25551.349609375,260700,0.09699396772837598,0.0009694695897414579
2025-07-02,25453.400390625,25453.400390625,25608.099609375,25378.75,25588.30078125,309800,-0.34610085397696055,-0.0034670116851196766
2025-07-03,25405.30078125,25405.30078125,25587.5,25384.349609375,25505.099609375,293400,-0.188971251922454,-0.0018915002785163046
2025-07-04,25461.0,25461.0,25470.25,25331.650390625,25428.849609375,193500,0.21924250859925998,0.0021900252291445488
2025-07-07,25461.30078125,25461.30078125,25489.80078125,25407.25,25450.44921875,196100,0.0011813410706551508,1.181334092876479e-05
2025-07-08,25522.5,25522.5,25548.05078125,25424.150390625,25427.849609375,210400,0.24036171315751087,0.0024007330644550996
2025-07-09,25476.099609375,25476.099609375,25548.69921875,25424.349609375,25514.599609375,239100,-0.181801902732881,-0.0018196736296237606
2025-07-10,25355.25,25355.25,25524.05078125,25340.44921875,25511.650390625,219600,-0.4743646446198069,-0.004754933244868607
2025-07-11,25149.849609375,25149.849609375,25322.44921875,25129.0,25255.5,250000,-0.8100901810276007,-0.00813389240519248
2025-07-14,25082.30078125,25082.30078125,25151.099609375,25001.94921875,25149.5,259500,-0.2685854157148504,-0.0026894675348791744
2025-07-15,25195.80078125,25195.80078125,25245.19921875,25088.44921875,25089.5,241300,0.4525103218794291,0.004514895720960817
2025-07-16,25212.05078125,25212.05078125,25255.30078125,25121.05078125,25196.599609375,228800,0.06449487413033861,0.0006447408512447503
2025-07-17,25111.44921875,25111.44921875,25238.349609375,25101.0,25230.75,243400,-0.3990217351728331,-0.003998199509757984
2025-07-18,24968.400390625,24968.400390625,25144.599609375,24918.650390625,25108.55078125,317000,-0.5696558047242783,-0.005712845317742711
2025-07-21,25090.69921875,25090.69921875,25111.400390625,24882.30078125,24999.0,305200,0.48981443028652816,0.004886187422514114
2025-07-22,25060.900390625,25060.900390625,25182.0,25035.55078125,25166.650390625,483700,-0.11876443882732346,-0.0011883501967580668
2025-07-23,25219.900390625,25219.900390625,25233.5,25085.5,25139.349609375,271500,0.6344544590244583,0.006324502693684897
2025-07-24,25062.099609375,25062.099609375,25246.25,25018.69921875,25243.30078125,338700,-0.6256994627491075,-0.006276651657225533
2025-07-25,24837.0,24837.0,25010.349609375,24806.349609375,25010.349609375,278100,-0.8981674037030651,-0.009022252428611252
2025-07-28,24680.900390625,24680.900390625,24889.19921875,24646.599609375,24782.44921875,262100,-0.6284962329387578,-0.006304795850755804
2025-07-29,24821.099609375,24821.099609375,24847.150390625,24598.599609375,24609.650390625,284700,0.5680474234370125,0.005664401180259817
2025-07-30,24855.05078125,24855.05078125,24902.30078125,24771.94921875,24890.400390625,243900,0.1367835124523431,0.001366900490246142
2025-07-31,24768.349609375,24768.349609375,24956.5,24635.0,24642.25,346300,-0.34882717656889994,-0.003494369971240235
2025-08-01,24565.349609375,24565.349609375,24784.150390625,24535.05078125,24734.900390625,263400,-0.8195943742782208,-0.008229715141942045
2025-08-04,24722.75,24722.75,24736.25,24554.0,24596.05078125,259300,0.6407415043054421,0.006386974825463857
2025-08-05,24649.55078125,24649.55078125,24733.099609375,24590.30078125,24720.25,251800,-0.29608040671041946,-0.0029651959185494695
2025-08-06,24574.19921875,24574.19921875,24671.400390625,24539.19921875,24641.349609375,225100,-0.3056914228121266,-0.003061596134311999
2025-08-07,24596.150390625,24596.150390625,24634.19921875,24344.150390625,24464.19921875,616700,0.08932609229541644,0.0008928622028389917
2025-08-08,24363.30078125,24363.30078125,24585.5,24337.5,24544.25,312600,-0.9466912735407229,-0.00951200879308063
2025-08-11,24585.05078125,24585.05078125,24600.849609375,24347.44921875,24371.5,241100,0.9101804471857822,0.009060632685991908
2025-08-12,24487.400390625,24487.400390625,24702.599609375,24465.650390625,24563.349609375,237000,-0.39719417907191357,-0.003979850901478695
2025-08-13,24619.349609375,24619.349609375,24664.55078125,24535.25,24586.19921875,236000,0.5388453516712133,0.0053739877432256436
2025-08-14,24631.30078125,24631.30078125,24673.650390625,24596.900390625,24607.25,270200,0.048543816407109475,0.00048532037708285097
2025-08-18,24876.94921875,24876.94921875,25022.0,24852.849609375,24938.19921875,363100,0.9973019276634965,0.009923616908863717
2025-08-19,24980.650390625,24980.650390625,25012.650390625,24873.94921875,24891.349609375,252300,0.41685646806257637,0.004159900285259885
2025-08-20,25050.55078125,25050.55078125,25088.69921875,24929.69921875,24965.80078125,287100,0.27981813736617234,0.002794273751954044
2025-08-21,25083.75,25083.75,25153.650390625,25054.900390625,25142.0,226500,0.13252889742787488,0.0013244115539841486
2025-08-22,24870.099609375,24870.099609375,25084.849609375,24859.150390625,25064.150390625,210200,-0.8517482060098724,-0.008553963109247331
2025-08-25,24967.75,24967.75,25021.55078125,24894.349609375,24949.150390625,213000,0.39264173509054867,0.003918729092601476
2025-08-26,24712.05078125,24712.05078125,24919.650390625,24689.599609375,24899.5,750500,-1.0241179872034878,-0.010293981565065833
2025-08-28,24500.900390625,24500.900390625,24702.650390625,24481.599609375,24695.80078125,326600,-0.8544430103923584,-0.00858114302373062
2025-08-29,24426.849609375,24426.849609375,24572.44921875,24404.69921875,24466.69921875,325500,-0.30223697933294824,-0.003026946376657732
2025-09-01,24625.05078125,24625.05078125,24635.599609375,24432.69921875,24432.69921875,229300,0.8114070174605414,0.008081328102276956
2025-09-02,24579.599609375,24579.599609375,24756.099609375,24522.349609375,24653.0,271600,-0.18457290617897026,-0.0018474345185382894
2025-09-03,24715.05078125,24715.05078125,24737.05078125,24533.19921875,24616.5,340300,0.5510715147017065,0.005495586709857895
2025-09-04,24734.30078125,24734.30078125,24980.75,24708.19921875,24980.75,314100,0.07788776228048189,0.0007785744550393448
2025-09-05,24741.0,24741.0,24832.349609375,24621.599609375,24818.849609375,210100,0.027084730671167456,0.0002708106342015157
2025-09-08,24773.150390625,24773.150390625,24885.5,24751.55078125,24802.599609375,213200,0.12994782193525012,0.0012986346282709543
2025-09-09,24868.599609375,24868.599609375,24891.80078125,24814.0,24864.099609375,226900,0.3852930178235292,0.0038455266535053208
2025-09-10,24973.099609375,24973.099609375,25035.69921875,24915.05078125,24991.0,244100,0.42020862308871365,0.004193282121674665
2025-09-11,25005.5,25005.5,25037.30078125,24940.150390625,24945.5,224600,0.12974116602184615,0.0012965707489705478
2025-09-12,25114.0,25114.0,25139.44921875,25038.05078125,25074.44921875,225700,0.4339045410009845,0.004329658895022681
2025-09-15,25069.19921875,25069.19921875,25138.44921875,25048.75,25118.900390625,185400,-0.17838966811339896,-0.001785489719644452
2025-09-16,25239.099609375,25239.099609375,25261.400390625,25070.44921875,25073.599609375,240100,0.6777256391098607,0.0067543940269436074
2025-09-17,25330.25,25330.25,25346.5,25275.349609375,25276.599609375,268900,0.3611475529465391,0.003604969810507005
2025-09-18,25423.599609375,25423.599609375,25448.94921875,25329.75,25441.05078125,272200,0.36853015416349333,0.0036785274558399
2025-09-19,25327.05078125,25327.05078125,25428.75,25286.30078125,25410.19921875,380400,-0.37976065391384095,-0.0038048357551339826
2025-09-22,25202.349609375,25202.349609375,25331.69921875,25151.05078125,25238.099609375,254500,-0.49236357186648316,-0.00493579674708062
2025-09-23,25169.5,25169.5,25261.900390625,25084.650390625,25209.0,299200,-0.13034343973540308,-0.001304284606843299
2025-09-24,25056.900390625,25056.900390625,25149.849609375,25027.44921875,25108.75,244400,-0.447365300760838,-0.004483689738311146
2025-09-25,24890.849609375,24890.849609375,25092.69921875,24878.30078125,25034.5,342500,-0.6626948212322681,-0.006649003929024595
2025-09-26,24654.69921875,24654.69921875,24868.599609375,24629.44921875,24818.55078125,291500,-0.9487437927231501,-0.009532730366893805
2025-09-29,24634.900390625,24634.900390625,24791.30078125,24606.19921875,24728.55078125,394400,-0.08030448049409777,-0.0008033674181471517
2025-09-30,24611.099609375,24611.099609375,24731.80078125,24587.69921875,24691.94921875,303000,-0.09661407544825362,-0.0009666077692868598
2025-10-01,24836.30078125,24836.30078125,24867.94921875,24605.94921875,24620.55078125,308900,0.9150390492475902,0.009108779315782467
2025-10-03,24894.25,24894.25,24904.80078125,24747.55078125,24759.55078125,365900,0.23332467769816567,0.0023305289834215856
2025-10-06,25077.650390625,25077.650390625,25095.94921875,24881.650390625,24916.55078125,268800,0.7367178791287232,0.007340173682814145
2025-10-07,25108.30078125,25108.30078125,25220.900390625,25076.30078125,25085.30078125,288000,0.12222193924698033,0.0012214730903828323
2025-10-08,25046.150390625,25046.150390625,25192.5,25008.5,25079.75,227400,-0.24752925801897474,-0.0024783611817054724
2025-10-09,25181.80078125,25181.80078125,25199.25,25024.30078125,25074.30078125,286300,0.5416017571936882,0.005401403691044332
2025-10-10,25285.349609375,25285.349609375,25330.75,25156.849609375,25167.650390625,232900,0.41120501676790155,0.004103618794970308
2025-10-13,25227.349609375,25227.349609375,25267.30078125,25152.30078125,25177.30078125,234300,-0.22938183927065925,-0.0022964532241035664
2025-10-14,25145.5,25145.5,25310.349609375,25060.55078125,25277.55078125,292100,-0.3244479132464395,-0.0032497538671527296
2025-10-15,25323.55078125,25323.55078125,25365.150390625,25159.349609375,25181.94921875,289900,0.7080820872521931,0.007055869574947451
2025-10-16,25585.30078125,25585.30078125,25625.400390625,25376.849609375,25394.900390625,372800,1.0336228211479837,0.010283174673804386
2025-10-17,25709.849609375,25709.849609375,25781.5,25508.599609375,25546.849609375,422100,0.48679837376106594,0.0048561734175648985
2025-10-20,25843.150390625,25843.150390625,25926.19921875,25788.5,25824.599609375,301100,0.5184813729964155,0.0051714188632333265
2025-10-21,25868.599609375,25868.599609375,25934.349609375,25825.80078125,25901.19921875,42500,0.09847568259027106,0.000984272270986046
2025-10-23,25891.400390625,25891.400390625,26104.19921875,25862.44921875,26057.19921875,448400,0.08814076368377499,0.0008810194252249848
2025-10-24,25795.150390625,25795.150390625,25944.150390625,25718.19921875,25935.099609375,284900,-0.37174505259611745,-0.0037243774174138414
2025-10-27,25966.05078125,25966.05078125,26005.94921875,25827.0,25843.19921875,266300,0.6625291500029773,0.00660344071508198
2025-10-28,25936.19921875,25936.19921875,26041.69921875,25810.05078125,25939.94921875,395200,-0.1149638146805021,-0.0011502994876563522
2025-10-29,26053.900390625,26053.900390625,26097.849609375,25960.30078125,25982.0,321900,0.45381040946781415,0.004527837947802368
2025-10-30,25877.849609375,25877.849609375,26032.05078125,25845.25,25984.400390625,257400,-0.6757175647810088,-0.006780108726120027
2025-10-31,25722.099609375,25722.099609375,25953.75,25711.19921875,25863.80078125,334400,-0.6018660837397216,-0.006036845980053782
2025-11-03,25763.349609375,25763.349609375,25803.099609375,25645.5,25696.849609375,23300,0.16036793506921665,0.001602394830084992
2025-11-04,25597.650390625,25597.650390625,25787.400390625,25578.400390625,25744.75,305100,-0.6431586779760301,-0.006452358545521922
2025-11-06,25509.69921875,25509.69921875,25679.150390625,25491.55078125,25593.349609375,371900,-0.34359080045569534,-0.0034418242922323408
2025-11-07,25492.30078125,25492.30078125,25551.25,25318.44921875,25433.80078125,305600,-0.06820322478444663,-0.0006822649376453303
2025-11-10,25574.349609375,25574.349609375,25653.44921875,25503.5,25503.5,243600,0.32185728871263475,0.0032134043686110675
2025-11-11,25694.94921875,25694.94921875,25715.80078125,25449.25,25617.0,297700,0.47156471705849246,0.004704563337770722
2025-11-12,25875.80078125,25875.80078125,25934.55078125,25781.150390625,25834.30078125,312600,0.7038409025849734,0.007013755040664786
2025-11-13,25879.150390625,25879.150390625,26010.69921875,25808.400390625,25906.099609375,385200,0.012944949620363744,0.00012944111834060272
2025-11-14,25910.05078125,25910.05078125,25940.19921875,25740.80078125,25767.900390625,518900,0.1194026471448284,0.0011933141887742222
2025-11-17,26013.44921875,26013.44921875,26024.19921875,25906.349609375,25948.19921875,281800,0.39906690408659795,0.003982727442351947
2025-11-18,25910.05078125,25910.05078125,26029.849609375,25876.5,26021.80078125,280000,-0.39748069020186794,-0.003982727442351953
2025-11-19,26052.650390625,26052.650390625,26074.650390625,25856.19921875,25918.099609375,250100,0.5503640675154298,0.005488550984983714
2025-11-20,26192.150390625,26192.150390625,26246.650390625,26063.19921875,26132.099609375,240400,0.5354541588221684,0.005340256999340202
2025-11-21,26068.150390625,26068.150390625,26179.19921875,26052.19921875,26109.55078125,235600,-0.47342428227803435,-0.0047454848460117445
2025-11-24,25959.5,25959.5,26142.80078125,25912.150390625,26122.80078125,464700,-0.4167936312968079,-0.00417664636992243
2025-11-25,25884.80078125,25884.80078125,26032.599609375,25857.5,25998.5,260500,-0.2877529180069005,-0.002881677226487561
2025-11-26,26205.30078125,26205.30078125,26215.150390625,25842.94921875,25842.94921875,275300,1.2381783530362567,0.012305756174877891
2025-11-27,26215.55078125,26215.55078125,26310.44921875,26141.900390625,26261.25,240300,0.03911422381892571,0.0003910657620054032
2025-11-28,26202.94921875,26202.94921875,26280.75,26172.400390625,26237.44921875,202500,-0.04806903583736144,-0.0004808059270205712
2025-12-01,26175.75,26175.75,26325.80078125,26124.19921875,26325.80078125,213800,-0.10380212747401751,-0.001038560391932615
2025-12-02,26032.19921875,26032.19921875,26154.599609375,25997.849609375,26087.94921875,254800,-0.5484113396941881,-0.005499206353098099
2025-12-03,25986.0,25986.0,26066.44921875,25891.0,26004.900390625,265700,-0.17746951904364927,-0.0017762718275890193
2025-12-04,26033.75,26033.75,26098.25,25938.94921875,25981.849609375,248100,0.18375278996383138,0.0018358417105443499
2025-12-05,26186.44921875,26186.44921875,26202.599609375,25985.349609375,25999.80078125,249300,0.5865433091659877,0.005848298407896911
2025-12-08,25960.55078125,25960.55078125,26178.69921875,25892.25,26159.80078125,320700,-0.862653945989178,-0.008663963433110109
2025-12-09,25839.650390625,25839.650390625,25923.650390625,25728.0,25867.099609375,276000,-0.46570811090926867,-0.004667959097577137
2025-12-10,25758.0,25758.0,25947.650390625,25734.55078125,25864.05078125,207900,-0.31598875909956137,-0.003164890577820058
2025-12-11,25898.55078125,25898.55078125,25922.80078125,25693.25,25771.400390625,206100,0.54565875164998,0.005441754277616313
2025-12-12,26046.94921875,26046.94921875,26057.599609375,25938.44921875,25971.19921875,216300,0.5729990019651465,0.0057136360690816825
2025-12-15,26027.30078125,26027.30078125,26047.150390625,25904.75,25930.05078125,181600,-0.07543469807149705,-0.0007546316435640039
2025-12-16,25860.099609375,25860.099609375,25980.75,25834.349609375,25951.5,264400,-0.6424068837574293,-0.006444791966669916
2025-12-17,25818.55078125,25818.55078125,25929.150390625,25770.349609375,25902.400390625,206500,-0.1606677033445636,-0.0016079691231565723
2025-12-18,25815.55078125,25815.55078125,25902.349609375,25726.30078125,25764.69921875,197600,-0.011619552256891819,-0.00011620227379163036
2025-12-19,25966.400390625,25966.400390625,25993.349609375,25880.44921875,25911.5,382900,0.5843362036054733,0.005826355812965194
2025-12-22,26172.400390625,26172.400390625,26180.69921875,26047.80078125,26055.849609375,253000,0.7933329106115661,0.00790202570190833
2025-12-23,26177.150390625,26177.150390625,26233.55078125,26119.05078125,26205.19921875,216600,0.018148889399149937,0.00018147242687454733
2025-12-24,26142.099609375,26142.099609375,26236.400390625,26123.0,26170.650390625,188800,-0.13389838361685946,-0.0013398810760412456
2025-12-26,26042.30078125,26042.30078125,26144.19921875,26008.599609375,26121.25,142200,-0.3817552133005053,-0.0038248575837020187
2025-12-29,25942.099609375,25942.099609375,26106.80078125,25920.30078125,26063.349609375,234300,-0.3847631310177624,-0.0038550524856079535
2025-12-30,25938.849609375,25938.849609375,25976.75,25878.0,25940.900390625,396900,-0.012527898855285713,-0.00012528683662081574
2025-12-31,26129.599609375,26129.599609375,26187.94921875,25969.0,25971.05078125,246300,0.7353834224439026,0.007326926621050068
2026-01-01,26146.55078125,26146.55078125,26197.55078125,26113.400390625,26173.30078125,425600,0.06487344669803274,0.0006485241297397655
2026-01-02,26328.55078125,26328.55078125,26340.0,26118.400390625,26155.099609375,357500,0.6960765170238581,0.00693665088228735
2026-01-05,26250.30078125,26250.30078125,26373.19921875,26210.05078125,26333.69921875,338800,-0.2972058760474017,-0.002976484097528138
2026-01-06,26178.69921875,26178.69921875,26273.94921875,26124.75,26189.69921875,383000,-0.27276473171363724,-0.0027313741255683985
2026-01-07,26140.75,26140.75,26187.150390625,26067.900390625,26143.099609375,338200,-0.1449622016468255,-0.0014506737349826563
2026-01-08,25876.849609375,25876.849609375,26133.19921875,25858.44921875,26106.5,328500,-1.0095364158449915,-0.010146667926064248
2026-01-09,25683.30078125,25683.30078125,25940.599609375,25623.0,25840.400390625,348800,-0.7479613285493514,-0.007507725861466694
2026-01-12,25790.25,25790.25,25813.150390625,25473.400390625,25669.05078125,275800,0.41641539637333747,0.00415550786875295
2026-01-13,25732.30078125,25732.30078125,25899.80078125,25603.30078125,25897.349609375,339500,-0.2246942885392733,-0.002249471049361169
2026-01-14,25665.599609375,25665.599609375,25791.75,25603.94921875,25648.55078125,393100,-0.259211846006413,-0.002595483815978393
2026-01-16,25694.349609375,25694.349609375,25873.5,25662.400390625,25696.05078125,434000,0.11201764399650926,0.0011195495104741853
2026-01-19,25585.5,25585.5,25653.30078125,25494.349609375,25653.099609375,443100,-0.4236324757381116,-0.004245323404225256
2026-01-20,25232.5,25232.5,25585.0,25171.349609375,25580.30078125,409800,-1.3796877137441155,-0.013892938636022806
2026-01-21,25157.5,25157.5,25300.94921875,24919.80078125,25141.0,395600,-0.29723570791637677,-0.0029767833055262707
2026-01-22,25289.900390625,25289.900390625,25435.75,25168.5,25344.150390625,486400,0.526285960946038,0.005249059162526262
2026-01-23,25048.650390625,25048.650390625,25347.94921875,25025.30078125,25344.599609375,393900,-0.9539381186706164,-0.009585172530157553
2026-01-27,25175.400390625,25175.400390625,25246.650390625,24932.55078125,25063.349609375,618700,0.5060152863462841,0.0050473933153695125
2026-01-28,25342.75,25342.75,25372.099609375,25187.650390625,25258.849609375,574900,0.6647346488174222,0.006625350304204862
2026-01-29,25418.900390625,25418.900390625,25458.150390625,25159.80078125,25345.0,582400,0.30048195489833507,0.003000314101836464
2026-01-30,25320.650390625,25320.650390625,25370.69921875,25213.650390625,25247.55078125,508400,-0.3865234077404689,-0.003872723399525638
2026-02-02,25088.400390625,25088.400390625,25108.099609375,24679.400390625,24796.5,449200,-0.917235522852089,-0.00921468029121448
2026-02-03,25727.55078125,25727.55078125,26341.19921875,25641.30078125,26308.05078125,637300,2.547593233021894,0.025156829049839922
2026-02-04,25776.0,25776.0,25818.55078125,25563.94921875,25675.05078125,429800,0.18831648283172964,0.0018813938963879184
2026-02-05,25642.80078125,25642.80078125,25757.650390625,25579.5,25755.900390625,343800,-0.516756745616076,-0.005180965509696233
2026-02-06,25693.69921875,25693.69921875,25703.94921875,25491.900390625,25605.80078125,375500,0.19849016468285186,0.001982934332408332
2026-02-09,25867.30078125,25867.30078125,25922.25,25780.900390625,25888.69921875,359400,0.6756581098813275,0.006733857702297746
2026-02-10,25935.150390625,25935.150390625,25989.44921875,25870.44921875,25922.650390625,460900,0.26229876069705504,0.0026195535786092045
2026-02-11,25953.849609375,25953.849609375,26009.400390625,25899.80078125,25997.44921875,331400,0.07209990483325601,0.0007207392533858182
2026-02-12,25807.19921875,25807.19921875,25906.69921875,25752.400390625,25906.69921875,419400,-0.565042923620962,-0.005666453301894332
2026-02-13,25471.099609375,25471.099609375,25630.349609375,25444.30078125,25571.150390625,453500,-1.302348257655217,-0.013109031702560043
2026-02-16,25682.75,25682.75,25697.0,25372.69921875,25423.599609375,275800,0.8309432803093486,0.008275099528577884
2026-02-17,25725.400390625,25725.400390625,25764.400390625,25570.30078125,25637.94921875,344100,0.166066292063749,0.0016592855446634625
2026-02-18,25819.349609375,25819.349609375,25828.05078125,25645.150390625,25752.650390625,310200,0.3652002197183979,0.0036453498285502696
2026-02-19,25454.349609375,25454.349609375,25885.30078125,25388.75,25873.349609375,298200,-1.4136684522350174,-0.014237559265090531
2026-02-20,25571.25,25571.25,25663.55078125,25379.75,25406.55078125,296600,0.4592550680687868,0.00458203709696536
2026-02-23,25713.0,25713.0,25771.44921875,25609.349609375,25678.400390625,313700,0.554333479982394,0.00552802706402003
2026-02-24,25424.650390625,25424.650390625,25641.80078125,25327.599609375,25641.80078125,439100,-1.1214156627970318,-0.011277509359324957
2026-02-25,25482.5,25482.5,25652.599609375,25428.19921875,25512.599609375,414200,0.2275335490801167,0.0022727508349003555
2026-02-26,25496.55078125,25496.55078125,25572.94921875,25400.94921875,25556.30078125,405200,0.05513894339252978,0.000551237474627977
2026-02-27,25178.650390625,25178.650390625,25476.400390625,25141.30078125,25459.849609375,438900,-1.2468368500212268,-0.012546750821351201
2026-03-02,24865.69921875,24865.69921875,24989.349609375,24603.5,24659.25,519200,-1.2429227421638323,-0.012507116341135643
2026-03-04,24480.5,24480.5,24602.44921875,24305.400390625,24388.80078125,599000,-1.5491187895474101,-0.015612430100429392
2026-03-05,24765.900390625,24765.900390625,24854.19921875,24529.400390625,24615.94921875,504300,1.1658274570576665,0.011590840491558407
2026-03-06,24450.44921875,24450.44921875,24700.900390625,24415.75,24656.400390625,433400,-1.2737318930444053,-0.012819134056590225
2026-03-09,24028.05078125,24028.05078125,24078.150390625,23697.80078125,23868.05078125,526900,-1.7275692308183932,-0.017426658301668632
2026-03-10,24261.599609375,24261.599609375,24303.80078125,24079.94921875,24280.80078125,444300,0.9719840791548862,0.009672907019832675
2026-03-11,23866.849609375,23866.849609375,24299.0,23834.30078125,24231.849609375,407400,-1.6270567743087438,-0.016404386958885315
2026-03-12,23639.150390625,23639.150390625,23833.150390625,23556.30078125,23674.849609375,501000,-0.9540396930332928,-0.009586198057198514
2026-03-13,23151.099609375,23151.099609375,23492.400390625,23112.0,23462.5,519800,-2.064586811222946,-0.020861973679950938
2026-03-16,23408.80078125,23408.80078125,23502.0,22955.25,23116.099609375,540300,1.1131271353117311,0.011069774688696974
2026-03-17,23581.150390625,23581.150390625,23656.80078125,23346.599609375,23493.19921875,458800,0.7362598835607637,0.007335627211391066
2026-03-18,23777.80078125,23777.80078125,23862.25,23618.44921875,23632.900390625,382900,0.8339304375208911,0.008304724491583992
2026-03-19,23002.150390625,23002.150390625,23378.69921875,22930.349609375,23197.75,550100,-3.2620779262169552,-0.03316469831760482
2026-03-20,23114.5,23114.5,23345.150390625,23067.599609375,23110.150390625,663300,0.4884308965338757,0.004872419427371909
2026-03-23,22512.650390625,22512.650390625,22851.69921875,22471.25,22824.349609375,550300,-2.6037751600726855,-0.02638273543442679
2026-03-24,22912.400390625,22912.400390625,23057.30078125,22624.19921875,22878.44921875,538100,1.7756683156527453,0.017600874978779452
2026-03-25,23306.44921875,23306.44921875,23465.349609375,23063.19921875,23064.400390625,505400,1.719805962740728,0.0170518470014907
2026-03-27,22819.599609375,22819.599609375,23186.099609375,22804.55078125,23173.55078125,612600,-2.088905112938999,-0.0211103140979646
2026-03-30,22331.400390625,22331.400390625,22714.099609375,22283.849609375,22549.650390625,698600,-2.139385559374285,-0.021626021374847804
2026-04-01,22679.400390625,22679.400390625,22941.30078125,22618.599609375,22899.0,518000,1.5583438293735208,0.0154632634032261
2026-04-02,22713.099609375,22713.099609375,22782.30078125,22182.55078125,22383.400390625,495100,0.14858954897207788,0.0014847926393626724
2026-04-06,22968.25,22968.25,22998.349609375,22542.94921875,22780.30078125,426400,1.123362266767347,0.01117099412238686
2026-04-07,23123.650390625,23123.650390625,23153.849609375,22719.30078125,22838.69921875,477000,0.6765878576948658,0.006743092740219248
2026-04-08,23997.349609375,23997.349609375,24025.150390625,23828.5,23855.150390625,639300,3.7783792956159967,0.03708747109816642
2026-04-09,23775.099609375,23775.099609375,23990.75,23682.80078125,23909.05078125,466600,-0.9261439434677166,-0.009304593215623836
2026-04-10,24050.599609375,24050.599609375,24074.05078125,23856.349609375,23880.55078125,481300,1.1587753764504383,0.011521129932275736
2026-04-13,23842.650390625,23842.650390625,23907.400390625,23555.599609375,23589.599609375,488800,-0.8646321593950623,-0.008683917902558702
2026-04-15,24231.30078125,24231.30078125,24280.900390625,24145.80078125,24163.80078125,460300,1.6300637062472756,0.01616920800628811
2026-04-16,24196.75,24196.75,24400.94921875,24102.80078125,24385.19921875,508000,-0.1425873978533332,-0.0014268915041919185
2026-04-17,24353.55078125,24353.55078125,24371.900390625,24096.05078125,24165.900390625,498600,0.6480241406387144,0.0064593349128548826
2026-04-20,24364.849609375,24364.849609375,24480.650390625,24241.25,24391.5,415900,0.04639499277327985,0.0004638423362418336
2026-04-21,24576.599609375,24576.599609375,24601.69921875,24354.900390625,24374.55078125,425800,0.8690798564113589,0.00865325096320232
2026-04-22,24378.099609375,24378.099609375,24515.94921875,24352.900390625,24470.849609375,440500,-0.8076788618238351,-0.00810958257469758
2026-04-23,24173.05078125,24173.05078125,24310.19921875,24134.80078125,24202.349609375,467500,-0.8411190019346093,-0.008446763696540498
2026-04-24,23897.94921875,23897.94921875,24206.0,23813.650390625,24100.55078125,438400,-1.1380506539678703,-0.011445760055327719
2026-04-27,24092.69921875,24092.69921875,24130.69921875,23936.19921875,23945.44921875,430300,0.8149234824183171,0.008116209111611542
2026-04-28,23995.69921875,23995.69921875,24181.80078125,23957.05078125,24049.900390625,554100,-0.4026115924964935,-0.004034242549507945
2026-04-29,24177.650390625,24177.650390625,24334.69921875,24059.94921875,24096.900390625,531100,0.7582657634449097,0.0075540537904852266
2026-04-30,23997.55078125,23997.55078125,24087.44921875,23796.849609375,23996.94921875,505500,-0.7449012061355398,-0.007476894502422098
2026-05-04,24119.30078125,24119.30078125,24290.19921875,24004.75,24063.55078125,419100,0.5073434414612388,0.005060607910890723
2026-05-05,24032.80078125,24032.80078125,24081.69921875,23882.05078125,24052.599609375,363300,-0.35863394542201554,-0.0035927857866665616
2026-05-06,24330.94921875,24330.94921875,24356.5,23997.900390625,24171.0,429200,1.240589643353629,0.012329573885162747
2026-05-07,24326.650390625,24326.650390625,24482.099609375,24284.0,24398.5,440600,-0.017668148029703623,-0.0001766970903084699
2026-05-08,24176.150390625,24176.150390625,24253.80078125,24126.650390625,24233.650390625,335900,-0.6186630612244115,-0.0062058471093194715
2026-05-11,23815.849609375,23815.849609375,23997.44921875,23799.099609375,23970.099609375,390100,-1.4903149402549887,-0.015015317164036516
2026-05-12,23379.55078125,23379.55078125,23757.55078125,23348.400390625,23722.599609375,447500,-1.8319683541890175,-0.018489566950081734
2026-05-13,23412.599609375,23412.599609375,23582.94921875,23262.55078125,23362.44921875,415400,0.14135784059419176,0.001412580244529267
2026-05-14,23689.599609375,23689.599609375,23777.19921875,23426.55078125,23530.25,428700,1.1831236369372666,0.011761794478008175
2026-05-15,23643.5,23643.5,23839.30078125,23610.30078125,23731.400390625,408900,-0.19459851637491088,-0.0019478810528585342
2026-05-18,23649.94921875,23649.94921875,23695.650390625,23317.099609375,23482.19921875,392000,0.027276920718177777,0.0002727320124251536
2026-05-19,23618.0,23618.0,23782.30078125,23587.19921875,23675.30078125,442000,-0.1350921241076941,-0.0013518345578153919
2026-05-20,23659.0,23659.0,23690.900390625,23397.30078125,23457.25,344100,0.173596409518173,0.0017344590510618102
2026-05-21,23654.69921875,23654.69921875,23859.900390625,23596.599609375,23830.05078125,348200,-0.018178203854768427,-0.00018179856290503812
2026-05-22,23719.30078125,23719.30078125,23835.650390625,23671.0,23671.19921875,336100,0.2731024474358801,0.0027273020029192283
2026-05-25,24031.69921875,24031.69921875,24054.44921875,23922.849609375,23940.25,351200,1.317064277657587,0.013084663968970206
2026-05-26,23913.69921875,23913.69921875,24089.80078125,23885.44921875,24004.099609375,387900,-0.4910181295375682,-0.004922275842741698
2026-05-27,23907.150390625,23907.150390625,23983.19921875,23858.25,23880.349609375,531600,-0.027385257567613674,-0.0002738900801400246
2026-05-29,23547.75,23547.75,24002.80078125,23484.75,23902.150390625,1198000,-1.5033175629577955,-0.015147319219471595
2026-06-01,23382.599609375,23382.599609375,23733.69921875,23357.94921875,23654.5,421700,-0.7013425513053284,-0.007038135182494777
2026-06-02,23483.55078125,23483.55078125,23556.94921875,23229.150390625,23229.150390625,511900,0.431736306319519,0.004308069989399964
2026-06-03,23405.599609375,23405.599609375,23459.650390625,23151.5,23415.94921875,450100,-0.33193946094914883,-0.003324916021661275
2026-06-04,23416.55078125,23416.55078125,23465.30078125,23247.30078125,23282.44921875,412500,0.046788683297016576,0.0004677774080569192
2026-06-05,23366.69921875,23366.69921875,23516.349609375,23282.650390625,23478.94921875,366200,-0.21289028843615165,-0.0021311722194751305
2026-06-08,23123.0,23123.0,23267.30078125,23070.150390625,23080.69921875,375700,-1.0429338627102713,-0.01048410529877786
2026-06-09,23242.099609375,23242.099609375,23279.400390625,23104.44921875,23259.05078125,402600,0.5150698844224255,0.005137479368527299
2026-06-10,23214.94921875,23214.94921875,23425.349609375,23184.599609375,23233.94921875,380000,-0.11681556778996294,-0.0011688385035597795
2026-06-11,23161.599609375,23161.599609375,23327.44921875,23072.05078125,23104.400390625,363000,-0.22980713363744965,-0.0023007159547660506
2026-06-12,23622.900390625,23622.900390625,23645.349609375,23313.900390625,23412.55078125,351900,1.9916620139797336,0.019720878993895297
2026-06-15,23853.900390625,23853.900390625,24011.400390625,23817.80078125,23984.849609375,398900,0.9778646829145199,0.009731145278463154
2026-06-16,23989.150390625,23989.150390625,24002.599609375,23888.19921875,23923.900390625,327300,0.5669932287180934,0.005653918723145327
2026-06-17,24085.69921875,24085.69921875,24108.19921875,23969.69921875,24044.5,352700,0.4024687267071059,0.004016609878660483
2026-06-18,24168.0,24168.0,24189.25,24036.94921875,24073.80078125,340000,0.34169978003351087,0.0034111731281746415
2026-06-19,24013.099609375,24013.099609375,24047.19921875,23901.900390625,23991.19921875,447900,-0.6409317718677587,-0.006429945583083175
2026-06-22,24102.900390625,24102.900390625,24168.05078125,24073.150390625,24106.599609375,252800,0.37396580495980825,0.003732682912776634
2026-06-23,23824.099609375,23824.099609375,24135.5,23784.94921875,24071.30078125,340100,-1.1567105067506356,-0.011634524429481118
2026-06-24,24021.650390625,24021.650390625,24090.05078125,23789.25,23795.80078125,395600,0.8292056551520766,0.008257866325424086
2026-06-25,24056.0,24056.0,24261.599609375,24039.0,24125.849609375,448800,0.14299437722400388,0.0014289223762208004
2026-06-29,23946.25,23946.25,24120.0,23924.55078125,24061.75,588500,-0.4562271366810755,-0.004572710289054184
2026-06-30,23865.75,23865.75,24035.55078125,23829.19921875,24032.05078125,449000,-0.33616954637991636,-0.003367358657511833
2026-07-01,24005.849609375,24005.849609375,24049.900390625,23895.099609375,23897.650390625,352100,0.5870320831107279,0.005853157634003401
2026-07-02,24175.69921875,24175.69921875,24194.55078125,24058.80078125,24062.19921875,372900,0.7075342557701703,0.007050429763556748
2026-07-03,24270.849609375,24270.849609375,24378.150390625,24252.349609375,24375.650390625,326600,0.3935786500487426,0.003928061555321314
2026-07-06,24430.349609375,24430.349609375,24458.650390625,24287.099609375,24306.849609375,329400,0.6571669412775316,0.0065501701327115155
2026-07-07,24398.69921875,24398.69921875,24530.900390625,24348.94921875,24464.44921875,412600,-0.12955357222089736,-0.0012963756541323145
2026-07-08,23882.05078125,23882.05078125,24300.0,23805.19921875,24259.55078125,420500,-2.117524515827318,-0.021402656722269202
2026-07-09,23962.80078125,23962.80078125,24134.69921875,23925.69921875,23928.94921875,384800,0.33812004144717633,0.003375497008972435
2026-07-10,24206.900390625,24206.900390625,24228.44921875,24120.349609375,24124.69921875,313100,1.018660596494203,0.010135072168571098
2026-07-13,24211.0,24211.0,24259.80078125,24000.19921875,24039.400390625,322700,0.01693570555851842,0.0001693427162979961
2026-07-14,24052.05078125,24052.05078125,24157.099609375,24023.69921875,24068.0,355800,-0.6565165369047166,-0.0065868108566920726
2026-07-15,24078.5,24078.5,24220.349609375,24010.55078125,24085.849609375,306900,0.10996658451518648,0.001099061655563571
2026-07-16,24072.75,24072.75,24186.5,24050.0,24142.099609375,264300,-0.023880225097083763,-0.00023883076876853854
2026-07-17,24334.30078125,24334.30078125,24367.30078125,24099.05078125,24127.599609375,387800,1.086501464311307,0.010806414450711182
2026-07-20,24238.5,24238.5,24266.099609375,24135.849609375,24190.05078125,353100,-0.3936861885253551,-0.003944631725234211
2026-07-21,24187.69921875,24187.69921875,24262.19921875,24135.650390625,24216.05078125,315600,-0.20958714957608482,-0.002098070908085292
2026-07-22,23996.25,23996.25,24166.30078125,23961.400390625,24150.44921875,304700,-0.79151479856997,-0.007946639050547172
2026-07-23,23869.599609375,23869.599609375,23990.75,23807.19921875,23904.80078125,344000,-0.5277924285044588,-0.005291901730381726
2026-07-24,23767.44921875,23767.44921875,23823.599609375,23606.30078125,23666.349609375,333900,-0.4279518395644999,-0.00428870174406507
2026-07-27,23995.94921875,23995.94921875,24011.599609375,23891.55078125,23928.400390625,319400,0.9613989195766948,0.009568068885288541
2026-07-28,23985.349609375,23985.349609375,24041.150390625,23954.599609375,23971.25,437800,-0.04417249460887396,-0.0004418225352921867
2026-07-29,24250.19921875,24250.19921875,24283.55078125,24136.75,24176.650390625,424200,1.1042140877174367,0.010981621540740824
2026-07-30,24317.150390625,24317.150390625,24342.94921875,24187.099609375,24249.55078125,400600,0.27608503860552247,0.002757046238807193
2026-07-31,24383.599609375,24383.599609375,24429.400390625,24299.69921875,24361.44921875,411700,0.27326071386892803,0.0027288803554812308
2026-08-03,24774.30078125,24774.30078125,24774.30078125,24515.150390625,24572.69921875,342300,1.602311299947612,0.015896097912767627
2026-08-04,24614.900390625,24614.900390625,24703.900390625,24427.94921875,24703.900390625,296500,-0.6434102501316152,-0.006454890555102032
2026-08-05,24624.650390625,24624.650390625,24677.599609375,24497.94921875,24669.19921875,355500,0.03961015419633451,0.00039602311445705957
2026-08-06,24636.0,24636.0,24677.05078125,24604.150390625,24641.0,344000,0.04609043862535689,0.0004607982024527352
2026-08-07,24570.650390625,24570.650390625,24630.400390625,24522.75,24538.900390625,254800,-0.2652606323063855,-0.0026561307171494536
2026-08-10,24583.80078125,24583.80078125,24620.94921875,24511.099609375,24581.25,269500,0.053520726622768855,0.000535064093901079
2026-08-11,24471.69921875,24471.69921875,24576.849609375,24429.25,24575.099609375,271800,-0.45599768521350503,-0.004570405260858804
2026-08-12,24435.94921875,24435.94921875,24473.30078125,24265.94921875,24472.44921875,317600,-0.14608711753293369,-0.0014619392880015388
2026-08-13,24395.849609375,24395.849609375,24431.599609375,24311.400390625,24431.599609375,295800,-0.16410088683697088,-0.0016423567982678559
2026-08-14,24366.0,24366.0,24405.19921875,24296.80078125,24361.900390625,267700,-0.1223552770366676,-0.0012243019222044982
